"CapabilityId","CapabilityName","CapabilityGroup","CapabilityGroupName","TechniqueID","TechniqueName","Tactic","ScoreCategory","ScoreValue","Comments","References"
"EID-CA-E3","Conditional Access","entra-id","Microsoft Entra ID","T1059.009","Cloud API","Execution","protect","partial","Multiple conditions along can be combined to create fine-grained and specific policies that partially enforce access controls to account resources that adversaries may attempt to abuse: conditional access to Cloud APIs, blocking legacy authentication, requiring multi-factor authentication for users, block access by location, block access to unsupported devices, failed login attempts, account lockout policies, etc.. These features may require Microsoft Entra ID P2.","https://learn.microsoft.com/en-us/entra/identity/conditional-access/howto-conditional-access-apis2 licensing; https://learn.microsoft.com/en-us/entra/identity/conditional-access/howto-conditional-access-apis"
"EID-CA-E3","Conditional Access","entra-id","Microsoft Entra ID","T1078","Valid Accounts","Defense Evasion, Persistence, Privilege Escalation, Initial Access","protect","partial","Multiple conditions along can be combined to create fine-grained and specific policies that partially enforce access controls to account resources that adversaries may attempt to abuse: conditional access to Cloud APIs, blocking legacy authentication, requiring multi-factor authentication for users, block access by location, block access to unsupported devices, failed login attempts, account lockout policies, etc.. These features may require Microsoft Entra ID P2.","https://learn.microsoft.com/en-us/entra/identity/conditional-access/concept-conditional-access-policy-common?tabs=secure-foundation; https://learn.microsoft.com/en-us/entra/identity/conditional-access/concept-conditional-access-policy-common?tabs=secure-foundation; https://learn.microsoft.com/en-us/entra/id-protection/concept-identity-protection-policies; https://learn.microsoft.com/en-us/entra/identity/conditional-access/concept-conditional-access-conditions"
"EID-CA-E3","Conditional Access","entra-id","Microsoft Entra ID","T1110","Brute Force","Credential Access","protect","partial","Multiple conditions along can be combined to create fine-grained and specific policies that partially enforce access controls to account resources that adversaries may attempt to abuse: conditional access to Cloud APIs, blocking legacy authentication, requiring multi-factor authentication for users, block access by location, block access to unsupported devices, failed login attempts, account lockout policies, etc.. These features may require Microsoft Entra ID P2.","https://learn.microsoft.com/en-us/entra/identity/conditional-access/concept-conditional-access-conditions; https://learn.microsoft.com/en-us/entra/id-protection/concept-identity-protection-policies; https://learn.microsoft.com/en-us/entra/identity/conditional-access/concept-conditional-access-policy-common?tabs=secure-foundation"
"EID-CA-E3","Conditional Access","entra-id","Microsoft Entra ID","T1110.001","Password Guessing","Credential Access","protect","partial","Multiple conditions along can be combined to create fine-grained and specific policies that partially enforce access controls to account resources that adversaries may attempt to abuse: conditional access to Cloud APIs, blocking legacy authentication, requiring multi-factor authentication for users, block access by location, block access to unsupported devices, failed login attempts, account lockout policies, etc.. These features may require Microsoft Entra ID P2.","https://learn.microsoft.com/en-us/entra/identity/conditional-access/concept-conditional-access-policy-common?tabs=secure-foundation; https://learn.microsoft.com/en-us/entra/identity/conditional-access/concept-conditional-access-policy-common?tabs=secure-foundation; https://learn.microsoft.com/en-us/entra/id-protection/concept-identity-protection-policies; https://learn.microsoft.com/en-us/entra/identity/conditional-access/concept-conditional-access-conditions"
"EID-CA-E3","Conditional Access","entra-id","Microsoft Entra ID","T1110.002","Password Cracking","Credential Access","protect","partial","Multiple conditions along can be combined to create fine-grained and specific policies that partially enforce access controls to account resources that adversaries may attempt to abuse: conditional access to Cloud APIs, blocking legacy authentication, requiring multi-factor authentication for users, block access by location, block access to unsupported devices, failed login attempts, account lockout policies, etc.. These features may require Microsoft Entra ID P2.","https://learn.microsoft.com/en-us/entra/identity/conditional-access/concept-conditional-access-policy-common?tabs=secure-foundation; https://learn.microsoft.com/en-us/entra/identity/conditional-access/concept-conditional-access-conditions; https://learn.microsoft.com/en-us/entra/id-protection/concept-identity-protection-policies; https://learn.microsoft.com/en-us/entra/identity/conditional-access/concept-conditional-access-policy-common?tabs=secure-foundation"
"EID-CA-E3","Conditional Access","entra-id","Microsoft Entra ID","T1110.003","Password Spraying","Credential Access","protect","partial","Multiple conditions along can be combined to create fine-grained and specific policies that partially enforce access controls to account resources that adversaries may attempt to abuse: conditional access to Cloud APIs, blocking legacy authentication, requiring multi-factor authentication for users, block access by location, block access to unsupported devices, failed login attempts, account lockout policies, etc.. These features may require Microsoft Entra ID P2.","https://learn.microsoft.com/en-us/entra/identity/conditional-access/concept-conditional-access-policy-common?tabs=secure-foundation; https://learn.microsoft.com/en-us/entra/identity/conditional-access/concept-conditional-access-policy-common?tabs=secure-foundation; https://learn.microsoft.com/en-us/entra/id-protection/concept-identity-protection-policies; https://learn.microsoft.com/en-us/entra/identity/conditional-access/concept-conditional-access-conditions"
"EID-CA-E3","Conditional Access","entra-id","Microsoft Entra ID","T1110.004","Credential Stuffing","Credential Access","protect","partial","Multiple conditions along can be combined to create fine-grained and specific policies that partially enforce access controls to account resources that adversaries may attempt to abuse: conditional access to Cloud APIs, blocking legacy authentication, requiring multi-factor authentication for users, block access by location, block access to unsupported devices, failed login attempts, account lockout policies, etc.. These features may require Microsoft Entra ID P2.","https://learn.microsoft.com/en-us/entra/identity/conditional-access/concept-conditional-access-policy-common?tabs=secure-foundation; https://learn.microsoft.com/en-us/entra/identity/conditional-access/concept-conditional-access-conditions; https://learn.microsoft.com/en-us/entra/id-protection/concept-identity-protection-policies; https://learn.microsoft.com/en-us/entra/identity/conditional-access/concept-conditional-access-policy-common?tabs=secure-foundation"
"EID-CA-E3","Conditional Access","entra-id","Microsoft Entra ID","T1586.003","Cloud Accounts","Resource Development","protect","partial","Multiple conditions along can be combined to create fine-grained and specific policies that partially enforce access controls to account resources that adversaries may attempt to abuse: conditional access to Cloud APIs, blocking legacy authentication, requiring multi-factor authentication for users, block access by location, block access to unsupported devices, failed login attempts, account lockout policies, etc.. These features may require Microsoft Entra ID P2.","https://learn.microsoft.com/en-us/entra/identity/conditional-access/concept-conditional-access-policy-common?tabs=secure-foundation; https://learn.microsoft.com/en-us/entra/identity/conditional-access/concept-conditional-access-policy-common?tabs=secure-foundation; https://learn.microsoft.com/en-us/entra/identity/conditional-access/concept-conditional-access-conditions"
"EID-CA-E3","Conditional Access","entra-id","Microsoft Entra ID","T1621","Multi-Factor Authentication Request Generation","Credential Access","protect","partial","Multiple conditions along can be combined to create fine-grained and specific policies that partially enforce access controls to account resources that adversaries may attempt to abuse: conditional access to Cloud APIs, blocking legacy authentication, requiring multi-factor authentication for users, block access by location, block access to unsupported devices, failed login attempts, account lockout policies, etc.. These features may require Microsoft Entra ID P2.","https://learn.microsoft.com/en-us/entra/identity/conditional-access/concept-conditional-access-policy-common?tabs=secure-foundation; https://learn.microsoft.com/en-us/entra/id-protection/concept-identity-protection-policies; https://learn.microsoft.com/en-us/entra/identity/conditional-access/concept-conditional-access-conditions"
"EID-CA-E3","Conditional Access","entra-id","Microsoft Entra ID","T1074","Data Staged","Collection","protect","minimal","This control only provides the ability to restrict file downloads for a limited set of applications and therefore its overall Coverage score is minimal.","https://learn.microsoft.com/en-us/entra/identity/conditional-access/overview"
"EID-CA-E3","Conditional Access","entra-id","Microsoft Entra ID","T1074.001","Local Data Staging","Collection","protect","minimal","Conditional Access (CA), when granting (risky) users access to Office applications like SharePoint and OneDrive, can restrict what they can do in these applications using its app-enforced restrictions.   For example, it can enforce that users on unmanaged devices will have browser-only access to SharePoint/OneDrive with no ability to download, print, or sync files.  This can impede an adversary's ability to collect and stage files.  This offers minimal coverage as it requires the target application to support such a feature that can be triggered by this control and to date only a few (Office) applications support this.","https://learn.microsoft.com/en-us/entra/identity/conditional-access/overview"
"EID-CA-E3","Conditional Access","entra-id","Microsoft Entra ID","T1074.002","Remote Data Staging","Collection","protect","minimal","Conditional Access (CA), when granting (risky) users access to Office applications like SharePoint and OneDrive, can restrict what they can do in these applications using its app-enforced restrictions.   For example, it can enforce that users on unmanaged devices will have browser-only access to SharePoint/OneDrive with no ability to download, print, or sync files.  This can impede an adversary's ability to collect and stage files.  This offers minimal coverage as it requires the target application to support such a feature that can be triggered by this control and to date only a few (Office) applications support this.","https://learn.microsoft.com/en-us/entra/identity/conditional-access/overview"
"EID-CA-E3","Conditional Access","entra-id","Microsoft Entra ID","T1078","Valid Accounts","Defense Evasion, Persistence, Privilege Escalation, Initial Access","protect","minimal","This control only provides minimal protection for this technique's procedure examples along and also only protects one of its sub-techniques resulting in an overall Minimal score.","https://learn.microsoft.com/en-us/entra/identity/conditional-access/overview"
"EID-CA-E3","Conditional Access","entra-id","Microsoft Entra ID","T1078.004","Cloud Accounts","Defense Evasion, Persistence, Privilege Escalation, Initial Access","protect","significant","This control can protect against the abuse of valid cloud accounts by requiring MFA or blocking access altogether based on signals such as the user's IP location information, device compliance state, risky sign-in/user state (through integration with Azure AD Identity Protection).  Additionally, session controls that can limit what a valid user can do within an app can also be triggered based on the aforementioned triggers.","https://learn.microsoft.com/en-us/entra/identity/conditional-access/overview"
"EID-CA-E3","Conditional Access","entra-id","Microsoft Entra ID","T1110","Brute Force","Credential Access","protect","significant","Conditional Access can be used to enforce MFA for users which provides significant protection against  password compromises, requiring an adversary to complete an additional authentication method before their access is permitted.","https://learn.microsoft.com/en-us/entra/identity/conditional-access/overview"
"EID-CA-E3","Conditional Access","entra-id","Microsoft Entra ID","T1110.001","Password Guessing","Credential Access","protect","significant","Conditional Access can be used to enforce MFA for users which can significantly reduce the impact of a password compromise, requiring an adversary to complete an additional authentication method before  their access is permitted.","https://learn.microsoft.com/en-us/entra/identity/conditional-access/overview"
"EID-CA-E3","Conditional Access","entra-id","Microsoft Entra ID","T1110.002","Password Cracking","Credential Access","protect","significant","Conditional Access can be used to enforce MFA for users which can significantly reduce the impact of a password compromise, requiring an adversary to complete an additional authentication method before  their access is permitted.","https://learn.microsoft.com/en-us/entra/identity/conditional-access/overview"
"EID-CA-E3","Conditional Access","entra-id","Microsoft Entra ID","T1110.003","Password Spraying","Credential Access","protect","significant","Conditional Access can be used to enforce MFA for users which can significantly reduce the impact of a password compromise, requiring an adversary to complete an additional authentication method before  their access is permitted.","https://learn.microsoft.com/en-us/entra/identity/conditional-access/overview"
"EID-CA-E3","Conditional Access","entra-id","Microsoft Entra ID","T1110.004","Credential Stuffing","Credential Access","protect","significant","Conditional Access can be used to enforce MFA for users which can significantly reduce the impact of a password compromise, requiring an adversary to complete an additional authentication method before  their access is permitted.","https://learn.microsoft.com/en-us/entra/identity/conditional-access/overview"
"EID-CA-E3","Conditional Access","entra-id","Microsoft Entra ID","T1213","Data from Information Repositories","Collection","protect","minimal","This control only provides the ability to restrict an adversary from collecting valuable information for a limited set of applications (SharePoint, Exchange, OneDrive) and therefore its overall Coverage score is minimal.","https://learn.microsoft.com/en-us/entra/identity/conditional-access/overview"
"EID-CA-E3","Conditional Access","entra-id","Microsoft Entra ID","T1213.002","Sharepoint","Collection","protect","partial","Conditional Access (CA), when granting (risky) users access to Office applications like SharePoint can restrict what they can do in these applications using its app-enforced restrictions.   For example, it can enforce that users on unmanaged devices will have browser-only access to SharePoint with no ability to download, print, or sync files.  Furthermore, with its integration with Microsoft Cloud App Security, it can even restrict  cut, copy and paste operations.  This can impede an adversary's ability to collect valuable information and/or files from the application.   This protection is partial as it doesn't prohibit an adversary from potentially viewing sensitive information and manually collecting it, for example simply writing down information by hand.","https://learn.microsoft.com/en-us/entra/identity/conditional-access/overview"
"EID-CA-E3","Conditional Access","entra-id","Microsoft Entra ID","T1530","Data from Cloud Storage","Collection","protect","minimal","Conditional Access, when granting (risky) users access to cloud storage, specifically OneDrive, can restrict what they can do in these applications using its app-enforced restrictions.   For example, it can enforce that users on unmanaged devices will have browser-only access to OneDrive with no ability to download, print, or sync files.  This can impede an adversary's ability to exfiltrate data from OneDrive.  The protection coverage provided by this control is Minimal as it doesn't provide protection for other storage services available on Azure such as the Azure Storage service.","https://learn.microsoft.com/en-us/entra/identity/conditional-access/overview"
"EID-CA-E3","Conditional Access","entra-id","Microsoft Entra ID","T1074","Data Staged","Collection","protect","minimal","This control only provides the ability to restrict file downloads for a limited set of applications and therefore its overall Coverage score is minimal.","https://learn.microsoft.com/en-us/entra/identity/conditional-access/overview"
"EID-CA-E3","Conditional Access","entra-id","Microsoft Entra ID","T1074.001","Local Data Staging","Collection","protect","minimal","Conditional Access (CA), when granting (risky) users access to Office applications like SharePoint and OneDrive, can restrict what they can do in these applications using its app-enforced restrictions.   For example, it can enforce that users on unmanaged devices will have browser-only access to SharePoint/OneDrive with no ability to download, print, or sync files.  This can impede an adversary's ability to collect and stage files.  This offers minimal coverage as it requires the target application to support such a feature that can be triggered by this control and to date only a few (Office) applications support this.","https://learn.microsoft.com/en-us/entra/identity/conditional-access/overview"
"EID-CA-E3","Conditional Access","entra-id","Microsoft Entra ID","T1074.002","Remote Data Staging","Collection","protect","minimal","Conditional Access (CA), when granting (risky) users access to Office applications like SharePoint and OneDrive, can restrict what they can do in these applications using its app-enforced restrictions.   For example, it can enforce that users on unmanaged devices will have browser-only access to SharePoint/OneDrive with no ability to download, print, or sync files.  This can impede an adversary's ability to collect and stage files.  This offers minimal coverage as it requires the target application to support such a feature that can be triggered by this control and to date only a few (Office) applications support this.","https://learn.microsoft.com/en-us/entra/identity/conditional-access/overview"
"EID-CA-E3","Conditional Access","entra-id","Microsoft Entra ID","T1078","Valid Accounts","Defense Evasion, Persistence, Privilege Escalation, Initial Access","protect","minimal","This control only provides minimal protection for this technique's procedure examples along and also only protects one of its sub-techniques resulting in an overall Minimal score.","https://learn.microsoft.com/en-us/entra/identity/conditional-access/overview"
"EID-CA-E3","Conditional Access","entra-id","Microsoft Entra ID","T1078.004","Cloud Accounts","Defense Evasion, Persistence, Privilege Escalation, Initial Access","protect","significant","This control can protect against the abuse of valid cloud accounts by requiring MFA or blocking access altogether based on signals such as the user's IP location information, device compliance state, risky sign-in/user state (through integration with Azure AD Identity Protection).  Additionally, session controls that can limit what a valid user can do within an app can also be triggered based on the aforementioned triggers.","https://learn.microsoft.com/en-us/entra/identity/conditional-access/overview"
"EID-CA-E3","Conditional Access","entra-id","Microsoft Entra ID","T1110","Brute Force","Credential Access","protect","significant","Conditional Access can be used to enforce MFA for users which provides significant protection against  password compromises, requiring an adversary to complete an additional authentication method before their access is permitted.","https://learn.microsoft.com/en-us/entra/identity/conditional-access/overview"
"EID-CA-E3","Conditional Access","entra-id","Microsoft Entra ID","T1110.001","Password Guessing","Credential Access","protect","significant","Conditional Access can be used to enforce MFA for users which can significantly reduce the impact of a password compromise, requiring an adversary to complete an additional authentication method before  their access is permitted.","https://learn.microsoft.com/en-us/entra/identity/conditional-access/overview"
"EID-CA-E3","Conditional Access","entra-id","Microsoft Entra ID","T1110.002","Password Cracking","Credential Access","protect","significant","Conditional Access can be used to enforce MFA for users which can significantly reduce the impact of a password compromise, requiring an adversary to complete an additional authentication method before  their access is permitted.","https://learn.microsoft.com/en-us/entra/identity/conditional-access/overview"
"EID-CA-E3","Conditional Access","entra-id","Microsoft Entra ID","T1110.003","Password Spraying","Credential Access","protect","significant","Conditional Access can be used to enforce MFA for users which can significantly reduce the impact of a password compromise, requiring an adversary to complete an additional authentication method before  their access is permitted.","https://learn.microsoft.com/en-us/entra/identity/conditional-access/overview"
"EID-CA-E3","Conditional Access","entra-id","Microsoft Entra ID","T1110.004","Credential Stuffing","Credential Access","protect","significant","Conditional Access can be used to enforce MFA for users which can significantly reduce the impact of a password compromise, requiring an adversary to complete an additional authentication method before  their access is permitted.","https://learn.microsoft.com/en-us/entra/identity/conditional-access/overview"
"EID-CA-E3","Conditional Access","entra-id","Microsoft Entra ID","T1213","Data from Information Repositories","Collection","protect","minimal","This control only provides the ability to restrict an adversary from collecting valuable information for a limited set of applications (SharePoint, Exchange, OneDrive) and therefore its overall Coverage score is minimal.","https://learn.microsoft.com/en-us/entra/identity/conditional-access/overview"
"EID-CA-E3","Conditional Access","entra-id","Microsoft Entra ID","T1213.002","Sharepoint","Collection","protect","partial","Conditional Access (CA), when granting (risky) users access to Office applications like SharePoint can restrict what they can do in these applications using its app-enforced restrictions.   For example, it can enforce that users on unmanaged devices will have browser-only access to SharePoint with no ability to download, print, or sync files.  Furthermore, with its integration with Microsoft Cloud App Security, it can even restrict  cut, copy and paste operations.  This can impede an adversary's ability to collect valuable information and/or files from the application.   This protection is partial as it doesn't prohibit an adversary from potentially viewing sensitive information and manually collecting it, for example simply writing down information by hand.","https://learn.microsoft.com/en-us/entra/identity/conditional-access/overview"
"EID-CA-E3","Conditional Access","entra-id","Microsoft Entra ID","T1530","Data from Cloud Storage","Collection","protect","minimal","Conditional Access, when granting (risky) users access to cloud storage, specifically OneDrive, can restrict what they can do in these applications using its app-enforced restrictions.   For example, it can enforce that users on unmanaged devices will have browser-only access to OneDrive with no ability to download, print, or sync files.  This can impede an adversary's ability to exfiltrate data from OneDrive.  The protection coverage provided by this control is Minimal as it doesn't provide protection for other storage services available on Azure such as the Azure Storage service.","https://learn.microsoft.com/en-us/entra/identity/conditional-access/overview"
"EID-CA-E3","Conditional Access","entra-id","Microsoft Entra ID","T1078","Valid Accounts","Defense Evasion, Persistence, Privilege Escalation, Initial Access","respond","minimal","This control only protects cloud accounts and therefore its overall coverage is minimal resulting in a Minimal respond score for this technique.","https://learn.microsoft.com/en-us/entra/identity/conditional-access/concept-continuous-access-evaluation"
"EID-CA-E3","Conditional Access","entra-id","Microsoft Entra ID","T1078","Valid Accounts","Defense Evasion, Persistence, Privilege Escalation, Initial Access","respond","minimal","This control only protects cloud accounts and therefore its overall coverage is minimal resulting in a Minimal respond score for this technique.","https://learn.microsoft.com/en-us/entra/identity/conditional-access/concept-continuous-access-evaluation"
"EID-CA-E3","Conditional Access","entra-id","Microsoft Entra ID","T1078.004","Cloud Accounts","Defense Evasion, Persistence, Privilege Escalation, Initial Access","respond","partial","Security controls like Azure AD Identity Protection can raise a user's risk level asynchronously after they have used a valid account to access organizational data.  This CAE control can respond to this change in the users risky state to terminate the user's access within minutes or enforce an additional authentication method such as MFA.   This mitigates the impact of an adversary using a valid account.  This is control only forces the user to re-authenticate and doesn't resolve the usage of a valid account (i.e. password change) and is therefore a containment type of response. ","https://learn.microsoft.com/en-us/entra/identity/conditional-access/overview"
"EID-CA-E3","Conditional Access","entra-id","Microsoft Entra ID","T1078.004","Cloud Accounts","Defense Evasion, Persistence, Privilege Escalation, Initial Access","respond","partial","Security controls like Azure AD Identity Protection can raise a user's risk level asynchronously after they have used a valid account to access organizational data.  This CAE control can respond to this change in the users risky state to terminate the user's access within minutes or enforce an additional authentication method such as MFA.   This mitigates the impact of an adversary using a valid account.  This is control only forces the user to re-authenticate and doesn't resolve the usage of a valid account (i.e. password change) and is therefore a containment type of response. ","https://learn.microsoft.com/en-us/entra/identity/conditional-access/overview"
"EID-CA-E3","Conditional Access","entra-id","Microsoft Entra ID","T1496.001","Compute Hijacking","Impact","protect","partial","In the event that a session is hijacked, continuous access evaluation can be used to terminate the session, potentially before any malicious actions can occur.","https://learn.microsoft.com/en-us/entra/identity/conditional-access/overview"
"EID-CA-E3","Conditional Access","entra-id","Microsoft Entra ID","T1496.004","Cloud Service Hijacking","Impact","protect","partial","In the event that a session is hijacked, continuous access evaluation can be used to terminate the session, potentially before any malicious actions can occur.","https://learn.microsoft.com/en-us/entra/identity/conditional-access/overview"
"EID-CA-E3","Conditional Access","entra-id","Microsoft Entra ID","T1557.004","Evil Twin","Credential Access, Collection","protect","partial","Conditional Access policies can restrict devices, potentially stopping them from connecting to an Evil Twin network.","https://learn.microsoft.com/en-us/entra/identity/conditional-access/overview"
"EID-CAE-E3","Continuous Access Evaluation","entra-id","Microsoft Entra ID","T1078","Valid Accounts","Defense Evasion, Persistence, Privilege Escalation, Initial Access","detect","significant","Entra ID's continuous access evaluation is a security control implemented by enabling services to subscribe to critical Microsoft Entra events. Those events can then be evaluated and enforced near real time. This process enables tenant users lose access to organizational SharePoint Online files, email, calendar, or tasks, and Teams from Microsoft 365 client apps within minutes after a critical event is detected. The following events are currently evaluated:

User Account is deleted or disabled
Password for a user is changed or reset
Multifactor authentication is enabled for the user
Administrator explicitly revokes all refresh tokens for a user
High user risk detected by Microsoft Entra ID Protection

License Requirements:
Continuous access evaluation will be included in all versions of Microsoft 365. 
","https://learn.microsoft.com/en-us/microsoft-365/security/office-365-security/zero-trust-continuous-access-evaluation-microsoft-365?view=o365-worldwide"
"EID-CAE-E3","Continuous Access Evaluation","entra-id","Microsoft Entra ID","T1098.003","Additional Cloud Roles","Persistence, Privilege Escalation","detect","significant","Entra ID's continuous access evaluation is a security control implemented by enabling services to subscribe to critical Microsoft Entra events. Those events can then be evaluated and enforced near real time. This process enables tenant users lose access to organizational SharePoint Online files, email, calendar, or tasks, and Teams from Microsoft 365 client apps within minutes after a critical event is detected. The following events are currently evaluated:

User Account is deleted or disabled
Password for a user is changed or reset
Multifactor authentication is enabled for the user
Administrator explicitly revokes all refresh tokens for a user
High user risk detected by Microsoft Entra ID Protection

License Requirements:
Continuous access evaluation will be included in all versions of Microsoft 365. 
","https://learn.microsoft.com/en-us/microsoft-365/security/office-365-security/zero-trust-continuous-access-evaluation-microsoft-365?view=o365-worldwide"
"EID-CAE-E3","Continuous Access Evaluation","entra-id","Microsoft Entra ID","T1098.006","Additional Container Cluster Roles","Persistence, Privilege Escalation","detect","significant","Entra ID's continuous access evaluation is a security control implemented by enabling services to subscribe to critical Microsoft Entra events. Those events can then be evaluated and enforced near real time. This process enables tenant users lose access to organizational SharePoint Online files, email, calendar, or tasks, and Teams from Microsoft 365 client apps within minutes after a critical event is detected. The following events are currently evaluated:

User Account is deleted or disabled
Password for a user is changed or reset
Multifactor authentication is enabled for the user
Administrator explicitly revokes all refresh tokens for a user
High user risk detected by Microsoft Entra ID Protection

License Requirements:
Continuous access evaluation will be included in all versions of Microsoft 365. 
","https://learn.microsoft.com/en-us/microsoft-365/security/office-365-security/zero-trust-continuous-access-evaluation-microsoft-365?view=o365-worldwide; https://learn.microsoft.com/en-us/entra/identity/conditional-access/concept-continuous-access-evaluation "
"EID-CAE-E3","Continuous Access Evaluation","entra-id","Microsoft Entra ID","T1110","Brute Force","Credential Access","detect","significant","Entra ID's continuous access evaluation is a security control implemented by enabling services to subscribe to critical Microsoft Entra events. Those events can then be evaluated and enforced near real time. This process enables tenant users lose access to organizational SharePoint Online files, email, calendar, or tasks, and Teams from Microsoft 365 client apps within minutes after a critical event is detected. The following events are currently evaluated:

User Account is deleted or disabled
Password for a user is changed or reset
Multifactor authentication is enabled for the user
Administrator explicitly revokes all refresh tokens for a user
High user risk detected by Microsoft Entra ID Protection

License Requirements:
Continuous access evaluation will be included in all versions of Microsoft 365. 
","https://learn.microsoft.com/en-us/microsoft-365/security/office-365-security/zero-trust-continuous-access-evaluation-microsoft-365?view=o365-worldwide"
"EID-CAE-E3","Continuous Access Evaluation","entra-id","Microsoft Entra ID","T1114","Email Collection","Collection","detect","significant","Entra ID's continuous access evaluation is a security control implemented by enabling services to subscribe to critical Microsoft Entra events. Those events can then be evaluated and enforced near real time. This process enables tenant users lose access to organizational SharePoint Online files, email, calendar, or tasks, and Teams from Microsoft 365 client apps within minutes after a critical event is detected. The following events are currently evaluated:

User Account is deleted or disabled
Password for a user is changed or reset
Multifactor authentication is enabled for the user
Administrator explicitly revokes all refresh tokens for a user
High user risk detected by Microsoft Entra ID Protection

License Requirements:
Continuous access evaluation will be included in all versions of Microsoft 365. 
","https://learn.microsoft.com/en-us/microsoft-365/security/office-365-security/zero-trust-continuous-access-evaluation-microsoft-365?view=o365-worldwide"
"EID-CAE-E3","Continuous Access Evaluation","entra-id","Microsoft Entra ID","T1114.002","Remote Email Collection","Collection","detect","significant","Entra ID's continuous access evaluation is a security control implemented by enabling services to subscribe to critical Microsoft Entra events. Those events can then be evaluated and enforced near real time. This process enables tenant users lose access to organizational SharePoint Online files, email, calendar, or tasks, and Teams from Microsoft 365 client apps within minutes after a critical event is detected. The following events are currently evaluated:

User Account is deleted or disabled
Password for a user is changed or reset
Multifactor authentication is enabled for the user
Administrator explicitly revokes all refresh tokens for a user
High user risk detected by Microsoft Entra ID Protection

License Requirements:
Continuous access evaluation will be included in all versions of Microsoft 365. 
","https://learn.microsoft.com/en-us/microsoft-365/security/office-365-security/zero-trust-continuous-access-evaluation-microsoft-365?view=o365-worldwide"
"EID-CAE-E3","Continuous Access Evaluation","entra-id","Microsoft Entra ID","T1134.001","Token Impersonation/Theft","Defense Evasion, Privilege Escalation","detect","significant","Entra ID's continuous access evaluation is a security control implemented by enabling services to subscribe to critical Microsoft Entra events. Those events can then be evaluated and enforced near real time. This process enables tenant users lose access to organizational SharePoint Online files, email, calendar, or tasks, and Teams from Microsoft 365 client apps within minutes after a critical event is detected. The following events are currently evaluated:

User Account is deleted or disabled
Password for a user is changed or reset
Multifactor authentication is enabled for the user
Administrator explicitly revokes all refresh tokens for a user
High user risk detected by Microsoft Entra ID Protection

License Requirements:
Continuous access evaluation will be included in all versions of Microsoft 365. 
","https://learn.microsoft.com/en-us/microsoft-365/security/office-365-security/zero-trust-continuous-access-evaluation-microsoft-365?view=o365-worldwide"
"EID-CAE-E3","Continuous Access Evaluation","entra-id","Microsoft Entra ID","T1531","Account Access Removal","Impact","detect","significant","Entra ID's continuous access evaluation is a security control implemented by enabling services to subscribe to critical Microsoft Entra events. Those events can then be evaluated and enforced near real time. This process enables tenant users lose access to organizational SharePoint Online files, email, calendar, or tasks, and Teams from Microsoft 365 client apps within minutes after a critical event is detected. The following events are currently evaluated:

User Account is deleted or disabled
Password for a user is changed or reset
Multifactor authentication is enabled for the user
Administrator explicitly revokes all refresh tokens for a user
High user risk detected by Microsoft Entra ID Protection

License Requirements:
Continuous access evaluation will be included in all versions of Microsoft 365. 
","https://learn.microsoft.com/en-us/microsoft-365/security/office-365-security/zero-trust-continuous-access-evaluation-microsoft-365?view=o365-worldwide"
"EID-CAE-E3","Continuous Access Evaluation","entra-id","Microsoft Entra ID","T1539","Steal Web Session Cookie","Credential Access","detect","significant","Entra ID's continuous access evaluation is a security control implemented by enabling services to subscribe to critical Microsoft Entra events. Those events can then be evaluated and enforced near real time. This process enables tenant users lose access to organizational SharePoint Online files, email, calendar, or tasks, and Teams from Microsoft 365 client apps within minutes after a critical event is detected. The following events are currently evaluated:

User Account is deleted or disabled
Password for a user is changed or reset
Multifactor authentication is enabled for the user
Administrator explicitly revokes all refresh tokens for a user
High user risk detected by Microsoft Entra ID Protection

License Requirements:
Continuous access evaluation will be included in all versions of Microsoft 365. 
","https://learn.microsoft.com/en-us/microsoft-365/security/office-365-security/zero-trust-continuous-access-evaluation-microsoft-365?view=o365-worldwide"
"EID-CAE-E3","Continuous Access Evaluation","entra-id","Microsoft Entra ID","T1548.005","Temporary Elevated Cloud Access","Privilege Escalation, Defense Evasion","detect","significant","Entra ID's continuous access evaluation is a security control implemented by enabling services to subscribe to critical Microsoft Entra events. Those events can then be evaluated and enforced near real time. This process enables tenant users lose access to organizational SharePoint Online files, email, calendar, or tasks, and Teams from Microsoft 365 client apps within minutes after a critical event is detected. The following events are currently evaluated:

User Account is deleted or disabled
Password for a user is changed or reset
Multifactor authentication is enabled for the user
Administrator explicitly revokes all refresh tokens for a user
High user risk detected by Microsoft Entra ID Protection

License Requirements:
Continuous access evaluation will be included in all versions of Microsoft 365. 
","https://learn.microsoft.com/en-us/microsoft-365/security/office-365-security/zero-trust-continuous-access-evaluation-microsoft-365?view=o365-worldwide"
"EID-CAE-E3","Continuous Access Evaluation","entra-id","Microsoft Entra ID","T1548.006","TCC Manipulation","Defense Evasion, Privilege Escalation","detect","significant","Entra ID's continuous access evaluation is a security control implemented by enabling services to subscribe to critical Microsoft Entra events. Those events can then be evaluated and enforced near real time. This process enables tenant users lose access to organizational SharePoint Online files, email, calendar, or tasks, and Teams from Microsoft 365 client apps within minutes after a critical event is detected. The following events are currently evaluated:

User Account is deleted or disabled
Password for a user is changed or reset
Multifactor authentication is enabled for the user
Administrator explicitly revokes all refresh tokens for a user
High user risk detected by Microsoft Entra ID Protection

License Requirements:
Continuous access evaluation will be included in all versions of Microsoft 365. 
",""
"EID-CAE-E3","Continuous Access Evaluation","entra-id","Microsoft Entra ID","T1556.006","Multi-Factor Authentication","Credential Access, Defense Evasion, Persistence","detect","significant","Entra ID's continuous access evaluation is a security control implemented by enabling services to subscribe to critical Microsoft Entra events. Those events can then be evaluated and enforced near real time. This process enables tenant users lose access to organizational SharePoint Online files, email, calendar, or tasks, and Teams from Microsoft 365 client apps within minutes after a critical event is detected. The following events are currently evaluated:

User Account is deleted or disabled
Password for a user is changed or reset
Multifactor authentication is enabled for the user
Administrator explicitly revokes all refresh tokens for a user
High user risk detected by Microsoft Entra ID Protection

License Requirements:
Continuous access evaluation will be included in all versions of Microsoft 365. 
","https://learn.microsoft.com/en-us/microsoft-365/security/office-365-security/zero-trust-continuous-access-evaluation-microsoft-365?view=o365-worldwide; https://learn.microsoft.com/en-us/entra/identity-platform/app-resilience-continuous-access-evaluation?tabs=dotnet; https://learn.microsoft.com/en-us/entra/id-protection/concept-identity-protection-risks; https://learn.microsoft.com/en-us/entra/identity/conditional-access/concept-continuous-access-evaluation-strict-enforcement; https://learn.microsoft.com/en-us/entra/identity/conditional-access/concept-continuous-access-evaluation"
"EID-CAE-E3","Continuous Access Evaluation","entra-id","Microsoft Entra ID","T1585","Establish Accounts","Resource Development","detect","significant","Entra ID's continuous access evaluation is a security control implemented by enabling services to subscribe to critical Microsoft Entra events. Those events can then be evaluated and enforced near real time. This process enables tenant users lose access to organizational SharePoint Online files, email, calendar, or tasks, and Teams from Microsoft 365 client apps within minutes after a critical event is detected. The following events are currently evaluated:

User Account is deleted or disabled
Password for a user is changed or reset
Multifactor authentication is enabled for the user
Administrator explicitly revokes all refresh tokens for a user
High user risk detected by Microsoft Entra ID Protection

License Requirements:
Continuous access evaluation will be included in all versions of Microsoft 365. 
","https://learn.microsoft.com/en-us/microsoft-365/security/office-365-security/zero-trust-continuous-access-evaluation-microsoft-365?view=o365-worldwide"
"EID-CAE-E3","Continuous Access Evaluation","entra-id","Microsoft Entra ID","T1585.002","Email Accounts","Resource Development","detect","significant","Entra ID's continuous access evaluation is a security control implemented by enabling services to subscribe to critical Microsoft Entra events. Those events can then be evaluated and enforced near real time. This process enables tenant users lose access to organizational SharePoint Online files, email, calendar, or tasks, and Teams from Microsoft 365 client apps within minutes after a critical event is detected. The following events are currently evaluated:

User Account is deleted or disabled
Password for a user is changed or reset
Multifactor authentication is enabled for the user
Administrator explicitly revokes all refresh tokens for a user
High user risk detected by Microsoft Entra ID Protection

License Requirements:
Continuous access evaluation will be included in all versions of Microsoft 365. 
","https://learn.microsoft.com/en-us/microsoft-365/security/office-365-security/zero-trust-continuous-access-evaluation-microsoft-365?view=o365-worldwide"
"EID-CAE-E3","Continuous Access Evaluation","entra-id","Microsoft Entra ID","T1585.003","Cloud Accounts","Resource Development","detect","significant","Entra ID's continuous access evaluation is a security control implemented by enabling services to subscribe to critical Microsoft Entra events. Those events can then be evaluated and enforced near real time. This process enables tenant users lose access to organizational SharePoint Online files, email, calendar, or tasks, and Teams from Microsoft 365 client apps within minutes after a critical event is detected. The following events are currently evaluated:

User Account is deleted or disabled
Password for a user is changed or reset
Multifactor authentication is enabled for the user
Administrator explicitly revokes all refresh tokens for a user
High user risk detected by Microsoft Entra ID Protection

License Requirements:
Continuous access evaluation will be included in all versions of Microsoft 365. 
","https://learn.microsoft.com/en-us/microsoft-365/security/office-365-security/zero-trust-continuous-access-evaluation-microsoft-365?view=o365-worldwide"
"EID-CAE-E3","Continuous Access Evaluation","entra-id","Microsoft Entra ID","T1586","Compromise Accounts","Resource Development","detect","significant","Entra ID's continuous access evaluation is a security control implemented by enabling services to subscribe to critical Microsoft Entra events. Those events can then be evaluated and enforced near real time. This process enables tenant users lose access to organizational SharePoint Online files, email, calendar, or tasks, and Teams from Microsoft 365 client apps within minutes after a critical event is detected. The following events are currently evaluated:

User Account is deleted or disabled
Password for a user is changed or reset
Multifactor authentication is enabled for the user
Administrator explicitly revokes all refresh tokens for a user
High user risk detected by Microsoft Entra ID Protection

License Requirements:
Continuous access evaluation will be included in all versions of Microsoft 365. 
","https://learn.microsoft.com/en-us/microsoft-365/security/office-365-security/zero-trust-continuous-access-evaluation-microsoft-365?view=o365-worldwide"
"EID-CAE-E3","Continuous Access Evaluation","entra-id","Microsoft Entra ID","T1586.002","Email Accounts","Resource Development","detect","significant","Entra ID's continuous access evaluation is a security control implemented by enabling services to subscribe to critical Microsoft Entra events. Those events can then be evaluated and enforced near real time. This process enables tenant users lose access to organizational SharePoint Online files, email, calendar, or tasks, and Teams from Microsoft 365 client apps within minutes after a critical event is detected. The following events are currently evaluated:

User Account is deleted or disabled
Password for a user is changed or reset
Multifactor authentication is enabled for the user
Administrator explicitly revokes all refresh tokens for a user
High user risk detected by Microsoft Entra ID Protection

License Requirements:
Continuous access evaluation will be included in all versions of Microsoft 365. 
","https://learn.microsoft.com/en-us/microsoft-365/security/office-365-security/zero-trust-continuous-access-evaluation-microsoft-365?view=o365-worldwide"
"EID-CAE-E3","Continuous Access Evaluation","entra-id","Microsoft Entra ID","T1586.003","Cloud Accounts","Resource Development","detect","significant","Entra ID's continuous access evaluation is a security control implemented by enabling services to subscribe to critical Microsoft Entra events. Those events can then be evaluated and enforced near real time. This process enables tenant users lose access to organizational SharePoint Online files, email, calendar, or tasks, and Teams from Microsoft 365 client apps within minutes after a critical event is detected. The following events are currently evaluated:

User Account is deleted or disabled
Password for a user is changed or reset
Multifactor authentication is enabled for the user
Administrator explicitly revokes all refresh tokens for a user
High user risk detected by Microsoft Entra ID Protection

License Requirements:
Continuous access evaluation will be included in all versions of Microsoft 365. 
","https://learn.microsoft.com/en-us/microsoft-365/security/office-365-security/zero-trust-continuous-access-evaluation-microsoft-365?view=o365-worldwide"
"EID-CAE-E3","Continuous Access Evaluation","entra-id","Microsoft Entra ID","T1586.003","Cloud Accounts","Resource Development","detect","significant","Entra ID's continuous access evaluation is a security control implemented by enabling services to subscribe to critical Microsoft Entra events. Those events can then be evaluated and enforced near real time. This process enables tenant users lose access to organizational SharePoint Online files, email, calendar, or tasks, and Teams from Microsoft 365 client apps within minutes after a critical event is detected. The following events are currently evaluated:

User Account is deleted or disabled
Password for a user is changed or reset
Multifactor authentication is enabled for the user
Administrator explicitly revokes all refresh tokens for a user
High user risk detected by Microsoft Entra ID Protection

License Requirements:
Continuous access evaluation will be included in all versions of Microsoft 365. 
","https://learn.microsoft.com/en-us/microsoft-365/security/office-365-security/zero-trust-continuous-access-evaluation-microsoft-365?view=o365-worldwide"
"EID-CAE-E3","Continuous Access Evaluation","entra-id","Microsoft Entra ID","T1651","Cloud Administration Command","Execution","detect","significant","Entra ID's continuous access evaluation is a security control implemented by enabling services to subscribe to critical Microsoft Entra events. Those events can then be evaluated and enforced near real time. This process enables tenant users lose access to organizational SharePoint Online files, email, calendar, or tasks, and Teams from Microsoft 365 client apps within minutes after a critical event is detected. The following events are currently evaluated:

User Account is deleted or disabled
Password for a user is changed or reset
Multifactor authentication is enabled for the user
Administrator explicitly revokes all refresh tokens for a user
High user risk detected by Microsoft Entra ID Protection

License Requirements:
Continuous access evaluation will be included in all versions of Microsoft 365. 
","https://learn.microsoft.com/en-us/microsoft-365/security/office-365-security/zero-trust-continuous-access-evaluation-microsoft-365?view=o365-worldwide"
"PUR-AUS-E5","Audit Solutions","purview","Microsoft Purview","T1218.015","Electron Applications","Defense Evasion","protect","partial","Microsoft Purview auditing solutions provide an integrated solution to help organizations effectively respond to security events, forensic investigations, internal investigations, and compliance obligations. Thousands of user and admin operations performed in dozens of Microsoft 365 services and solutions are captured, recorded, and retained in your organization's unified audit log. Audit records for these events are searchable by security ops, IT admins, insider risk teams, and compliance and legal investigators in your organization. This capability provides visibility into the activities performed across your Microsoft 365 organization.

Microsoft's Audit Solutions protects from Sharepoint attacks due to Audit Solutions providing the visibility to allow admins to consider periodic review of accounts and privileges for critical and sensitive repositories.

License Requirements:
Microsoft 365 E3 and E5","https://learn.microsoft.com/en-us/purview/audit-solutions-overview"
"PUR-AUS-E5","Audit Solutions","purview","Microsoft Purview","T1546.017","Udev Rules","Persistence, Privilege Escalation","detect","significant","Audit Solutions can be used to continuously monitor the Udev rules for modifications or additions, allowing for detection of abnormalities.",""
"PUR-AUS-E5","Audit Solutions","purview","Microsoft Purview","T1556.009","Conditional Access Policies","Credential Access, Defense Evasion, Persistence","detect","significant","Audit Solutions can be used to continuously monitor the conditional access policies for modifications or additions, allowing for detection of abnormalities.",""
"PUR-AUS-E5","Audit Solutions","purview","Microsoft Purview","T1574.014","AppDomainManager","Persistence, Privilege Escalation, Defense Evasion","detect","partial","Microsoft Purview auditing solutions provide an integrated solution to help organizations effectively respond to security events, forensic investigations, internal investigations, and compliance obligations. Thousands of user and admin operations performed in dozens of Microsoft 365 services and solutions are captured, recorded, and retained in your organization's unified audit log. Audit records for these events are searchable by security ops, IT admins, insider risk teams, and compliance and legal investigators in your organization. This capability provides visibility into the activities performed across your Microsoft 365 organization.

Microsoft's Audit Solutions protects from Sharepoint attacks due to Audit Solutions providing the visibility to allow admins to consider periodic review of accounts and privileges for critical and sensitive repositories.

License Requirements:
Microsoft 365 E3 and E5","https://learn.microsoft.com/en-us/purview/audit-solutions-overview"
"PUR-AUS-E5","Audit Solutions","purview","Microsoft Purview","T1665","Hide Infrastructure","Command and Control","detect","partial","Use of Audit Solutions can reveal unusual activity occurring in the environment, potentially allowing for identification of C2 infrastructure or other malicious infrastructure.","https://learn.microsoft.com/en-us/purview/audit-solutions-overview"
"PUR-AUS-E5","Audit Solutions","purview","Microsoft Purview","T1666","Modify Cloud Resource Hierarchy","Defense Evasion","detect","partial","Audit Solutions can be used to continuously monitor the cloud resource hierarchy for modifications or additions, allowing for detection of abnormalities.",""
"PUR-AUS-E5","Audit Solutions","purview","Microsoft Purview","T1059","Command and Scripting Interpreter","Execution","detect","partial","Microsoft Purview auditing solutions provide an integrated solution to help organizations effectively respond to security events, forensic investigations, internal investigations, and compliance obligations. Thousands of user and admin operations performed in dozens of Microsoft 365 services and solutions are captured, recorded, and retained in your organization's unified audit log. Audit records for these events are searchable by security ops, IT admins, insider risk teams, and compliance and legal investigators in your organization. This capability provides visibility into the activities performed across your Microsoft 365 organization.

Microsoft's Audit Solutions detects Command and Scripting Interpreter attacks due to Audit Solutions providing the visibility to monitor log files for process execution and monitor contextual data about a running process.

License Requirements:
Microsoft 365 E3 and E5","https://learn.microsoft.com/en-us/purview/audit-solutions-overview"
"PUR-AUS-E5","Audit Solutions","purview","Microsoft Purview","T1059.009","Cloud API","Execution","detect","partial","Microsoft Purview auditing solutions provide an integrated solution to help organizations effectively respond to security events, forensic investigations, internal investigations, and compliance obligations. Thousands of user and admin operations performed in dozens of Microsoft 365 services and solutions are captured, recorded, and retained in your organization's unified audit log. Audit records for these events are searchable by security ops, IT admins, insider risk teams, and compliance and legal investigators in your organization. This capability provides visibility into the activities performed across your Microsoft 365 organization.

Microsoft's Audit Solutions detects Cloud API attacks due to Audit Solutions providing the visibility to review command history and history of executed API commands in cloud audit logs to determine if unauthorized or suspicious commands were executed.

License Requirements:
Microsoft 365 E3 and E5","https://learn.microsoft.com/en-us/purview/audit-solutions-overview"
"PUR-AUS-E5","Audit Solutions","purview","Microsoft Purview","T1070","Indicator Removal","Defense Evasion","detect","partial","Microsoft Purview auditing solutions provide an integrated solution to help organizations effectively respond to security events, forensic investigations, internal investigations, and compliance obligations. Thousands of user and admin operations performed in dozens of Microsoft 365 services and solutions are captured, recorded, and retained in your organization's unified audit log. Audit records for these events are searchable by security ops, IT admins, insider risk teams, and compliance and legal investigators in your organization. This capability provides visibility into the activities performed across your Microsoft 365 organization.

Microsoft's Audit Solutions detects Indicator Removal attacks due to the File and Page Audit Log activities which monitors for newly constructed files, for contextual data about files, and for changes made to files.

License Requirements: 
Microsoft 365 E3 and E5","https://learn.microsoft.com/en-us/purview/audit-log-activities; https://learn.microsoft.com/en-us/purview/audit-solutions-overview"
"PUR-AUS-E5","Audit Solutions","purview","Microsoft Purview","T1070.001","Clear Windows Event Logs","Defense Evasion","detect","partial","Microsoft Purview auditing solutions provide an integrated solution to help organizations effectively respond to security events, forensic investigations, internal investigations, and compliance obligations. Thousands of user and admin operations performed in dozens of Microsoft 365 services and solutions are captured, recorded, and retained in your organization's unified audit log. Audit records for these events are searchable by security ops, IT admins, insider risk teams, and compliance and legal investigators in your organization. This capability provides visibility into the activities performed across your Microsoft 365 organization.

Microsoft's Audit Solutions detects Indicator Removal attacks due to the File and Page Audit Log activities which monitors for newly constructed files, for contextual data about files, and for changes made to files.

License Requirements: 
Microsoft 365 E3 and E5","https://learn.microsoft.com/en-us/purview/audit-log-activities; https://learn.microsoft.com/en-us/purview/audit-solutions-overview"
"PUR-AUS-E5","Audit Solutions","purview","Microsoft Purview","T1070.002","Clear Linux or Mac System Logs","Defense Evasion","detect","partial","Microsoft Purview auditing solutions provide an integrated solution to help organizations effectively respond to security events, forensic investigations, internal investigations, and compliance obligations. Thousands of user and admin operations performed in dozens of Microsoft 365 services and solutions are captured, recorded, and retained in your organization's unified audit log. Audit records for these events are searchable by security ops, IT admins, insider risk teams, and compliance and legal investigators in your organization. This capability provides visibility into the activities performed across your Microsoft 365 organization.

Microsoft's Audit Solutions detects Indicator Removal attacks due to the File and Page Audit Log activities which monitors for newly constructed files, for contextual data about files, and for changes made to files.

License Requirements: 
Microsoft 365 E3 and E5","https://learn.microsoft.com/en-us/purview/audit-log-activities; https://learn.microsoft.com/en-us/purview/audit-solutions-overview"
"PUR-AUS-E5","Audit Solutions","purview","Microsoft Purview","T1070.003","Clear Command History","Defense Evasion","detect","partial","Microsoft Purview auditing solutions provide an integrated solution to help organizations effectively respond to security events, forensic investigations, internal investigations, and compliance obligations. Thousands of user and admin operations performed in dozens of Microsoft 365 services and solutions are captured, recorded, and retained in your organization's unified audit log. Audit records for these events are searchable by security ops, IT admins, insider risk teams, and compliance and legal investigators in your organization. This capability provides visibility into the activities performed across your Microsoft 365 organization.

Microsoft's Audit Solutions detects Indicator Removal attacks due to the File and Page Audit Log activities which monitors for newly constructed files, for contextual data about files, and for changes made to files.

License Requirements: 
Microsoft 365 E3 and E5","https://learn.microsoft.com/en-us/purview/audit-log-activities; https://learn.microsoft.com/en-us/purview/audit-solutions-overview"
"PUR-AUS-E5","Audit Solutions","purview","Microsoft Purview","T1070.008","Clear Mailbox Data","Defense Evasion","protect","partial","Microsoft Purview auditing solutions provide an integrated solution to help organizations effectively respond to security events, forensic investigations, internal investigations, and compliance obligations. Thousands of user and admin operations performed in dozens of Microsoft 365 services and solutions are captured, recorded, and retained in your organization's unified audit log. Audit records for these events are searchable by security ops, IT admins, insider risk teams, and compliance and legal investigators in your organization. This capability provides visibility into the activities performed across your Microsoft 365 organization.

Microsoft's Audit Solutions protects from Clear Mailbox Data Rule attacks due to administrators can use use Get-TransportRule / Remove-TransportRule to discover and remove potentially malicious transport rules.

License Requirements:
Microsoft 365 E3 and E5","https://learn.microsoft.com/en-us/purview/audit-solutions-overview"
"PUR-AUS-E5","Audit Solutions","purview","Microsoft Purview","T1070.009","Clear Persistence","Defense Evasion","detect","partial","Microsoft Purview auditing solutions provide an integrated solution to help organizations effectively respond to security events, forensic investigations, internal investigations, and compliance obligations. Thousands of user and admin operations performed in dozens of Microsoft 365 services and solutions are captured, recorded, and retained in your organization's unified audit log. Audit records for these events are searchable by security ops, IT admins, insider risk teams, and compliance and legal investigators in your organization. This capability provides visibility into the activities performed across your Microsoft 365 organization.

Microsoft's Audit Solutions detects Indicator Removal attacks due to the File and Page Audit Log activities which monitors for newly constructed files, for contextual data about files, and for changes made to files.

License Requirements: 
Microsoft 365 E3 and E5","https://learn.microsoft.com/en-us/purview/audit-log-activities; https://learn.microsoft.com/en-us/purview/audit-solutions-overview"
"PUR-AUS-E5","Audit Solutions","purview","Microsoft Purview","T1070.009","Clear Persistence","Defense Evasion","detect","partial","Microsoft Purview auditing solutions provide an integrated solution to help organizations effectively respond to security events, forensic investigations, internal investigations, and compliance obligations. Thousands of user and admin operations performed in dozens of Microsoft 365 services and solutions are captured, recorded, and retained in your organization's unified audit log. Audit records for these events are searchable by security ops, IT admins, insider risk teams, and compliance and legal investigators in your organization. This capability provides visibility into the activities performed across your Microsoft 365 organization.

Microsoft's Audit Solutions detects Indicator Removal attacks due to the File and Page Audit Log activities which monitors for newly constructed files, for contextual data about files, and for changes made to files.

License Requirements: 
Microsoft 365 E3 and E5","https://learn.microsoft.com/en-us/purview/audit-log-activities; https://learn.microsoft.com/en-us/purview/audit-solutions-overview"
"PUR-AUS-E5","Audit Solutions","purview","Microsoft Purview","T1078","Valid Accounts","Defense Evasion, Persistence, Privilege Escalation, Initial Access","protect","partial","Microsoft Purview auditing solutions provide an integrated solution to help organizations effectively respond to security events, forensic investigations, internal investigations, and compliance obligations. Thousands of user and admin operations performed in dozens of Microsoft 365 services and solutions are captured, recorded, and retained in your organization's unified audit log. Audit records for these events are searchable by security ops, IT admins, insider risk teams, and compliance and legal investigators in your organization. This capability provides visibility into the activities performed across your Microsoft 365 organization.

Microsoft's Audit Solutions protects from Valid Account attacks due to Audit Solutions providing the visibility to allow admins to regularly audit user accounts for activity and deactivate or remove any that are no longer needed.

License Requirements: 
Microsoft 365 E3 and E5","https://learn.microsoft.com/en-us/purview/audit-solutions-overview"
"PUR-AUS-E5","Audit Solutions","purview","Microsoft Purview","T1078.004","Cloud Accounts","Defense Evasion, Persistence, Privilege Escalation, Initial Access","protect","partial","Microsoft Purview auditing solutions provide an integrated solution to help organizations effectively respond to security events, forensic investigations, internal investigations, and compliance obligations. Thousands of user and admin operations performed in dozens of Microsoft 365 services and solutions are captured, recorded, and retained in your organization's unified audit log. Audit records for these events are searchable by security ops, IT admins, insider risk teams, and compliance and legal investigators in your organization. This capability provides visibility into the activities performed across your Microsoft 365 organization.

Microsoft's Audit Solutions protects from Cloud Account attacks due to Audit Solutions providing the visibility to allow admins to regularly audit user accounts for activity and deactivate or remove any that are no longer needed.

License Requirements: 
Microsoft 365 E3 and E5","https://learn.microsoft.com/en-us/purview/audit-solutions-overview"
"PUR-AUS-E5","Audit Solutions","purview","Microsoft Purview","T1087","Account Discovery","Discovery","detect","partial","Microsoft Purview auditing solutions provide an integrated solution to help organizations effectively respond to security events, forensic investigations, internal investigations, and compliance obligations. Thousands of user and admin operations performed in dozens of Microsoft 365 services and solutions are captured, recorded, and retained in your organization's unified audit log. Audit records for these events are searchable by security ops, IT admins, insider risk teams, and compliance and legal investigators in your organization. This capability provides visibility into the activities performed across your Microsoft 365 organization.

Microsoft's Audit Solutions detects Account Discovery attacks due to the File and Page Audit Log activities which monitors for access to file resources that contain local accounts and groups information and looks for non-admin objects (such as users or processes) attempting to access restricted file resources.

License Requirements:
Microsoft 365 E3 and E5","https://learn.microsoft.com/en-us/purview/audit-log-activities; https://learn.microsoft.com/en-us/purview/audit-solutions-overview"
"PUR-AUS-E5","Audit Solutions","purview","Microsoft Purview","T1087.004","Cloud Account","Discovery","protect","partial","Microsoft Purview auditing solutions provide an integrated solution to help organizations effectively respond to security events, forensic investigations, internal investigations, and compliance obligations. Thousands of user and admin operations performed in dozens of Microsoft 365 services and solutions are captured, recorded, and retained in your organization's unified audit log. Audit records for these events are searchable by security ops, IT admins, insider risk teams, and compliance and legal investigators in your organization. This capability provides visibility into the activities performed across your Microsoft 365 organization.

Microsoft's Audit Solutions protects from Cloud Account attacks due to Audit Solution allowing admins to search and routinely check user permissions to ensure only the expected users have the ability to list IAM identities or otherwise discover cloud accounts.

License Requirements:
Microsoft 365 E3 and E5","https://learn.microsoft.com/en-us/purview/audit-solutions-overview"
"PUR-AUS-E5","Audit Solutions","purview","Microsoft Purview","T1114","Email Collection","Collection","protect","partial","Microsoft Purview auditing solutions provide an integrated solution to help organizations effectively respond to security events, forensic investigations, internal investigations, and compliance obligations. Thousands of user and admin operations performed in dozens of Microsoft 365 services and solutions are captured, recorded, and retained in your organization's unified audit log. Audit records for these events are searchable by security ops, IT admins, insider risk teams, and compliance and legal investigators in your organization. This capability provides visibility into the activities performed across your Microsoft 365 organization.

Microsoft's Audit Solutions protects from Email Collection attacks due to in an Exchange environment, Administrators can use Get-InboxRule to discover and remove potentially malicious auto-forwarding rules.

License Requirements:
Microsoft 365 E3 and E5","https://learn.microsoft.com/en-us/purview/audit-log-activities; https://learn.microsoft.com/en-us/purview/audit-solutions-overview"
"PUR-AUS-E5","Audit Solutions","purview","Microsoft Purview","T1114.002","Remote Email Collection","Collection","detect","partial","Microsoft Purview auditing solutions provide an integrated solution to help organizations effectively respond to security events, forensic investigations, internal investigations, and compliance obligations. Thousands of user and admin operations performed in dozens of Microsoft 365 services and solutions are captured, recorded, and retained in your organization's unified audit log. Audit records for these events are searchable by security ops, IT admins, insider risk teams, and compliance and legal investigators in your organization. This capability provides visibility into the activities performed across your Microsoft 365 organization.

Microsoft's Audit Solutions detects Remote Email Collection attacks due to in O365 environments, admins can consider using PurviewAudit to collect MailItemsAccessed events and monitoring for unusual email access behavior.

License Requirements:
Microsoft 365 E3 and E5","https://learn.microsoft.com/en-us/purview/audit-log-activities; https://learn.microsoft.com/en-us/purview/audit-solutions-overview"
"PUR-AUS-E5","Audit Solutions","purview","Microsoft Purview","T1114.003","Email Forwarding Rule","Collection","protect","partial","Microsoft Purview auditing solutions provide an integrated solution to help organizations effectively respond to security events, forensic investigations, internal investigations, and compliance obligations. Thousands of user and admin operations performed in dozens of Microsoft 365 services and solutions are captured, recorded, and retained in your organization's unified audit log. Audit records for these events are searchable by security ops, IT admins, insider risk teams, and compliance and legal investigators in your organization. This capability provides visibility into the activities performed across your Microsoft 365 organization.

Microsoft's Audit Solutions protects from Email Forwarding Rule attacks due to administrators can use Get-InboxRule / Remove-InboxRule and Get-TransportRule / Remove-TransportRule to discover and remove potentially malicious auto-fowarding and transport rules.

License Requirements:
Microsoft 365 E3 and E5","https://learn.microsoft.com/en-us/purview/audit-log-activities; https://learn.microsoft.com/en-us/purview/audit-solutions-overview"
"PUR-AUS-E5","Audit Solutions","purview","Microsoft Purview","T1213","Data from Information Repositories","Collection","protect","partial","Microsoft Purview auditing solutions provide an integrated solution to help organizations effectively respond to security events, forensic investigations, internal investigations, and compliance obligations. Thousands of user and admin operations performed in dozens of Microsoft 365 services and solutions are captured, recorded, and retained in your organization's unified audit log. Audit records for these events are searchable by security ops, IT admins, insider risk teams, and compliance and legal investigators in your organization. This capability provides visibility into the activities performed across your Microsoft 365 organization.

Microsoft's Audit Solutions protects from Data from Information Repository attacks due to Audit Solutions providing the visibility to allow admins to consider periodic review of accounts and privileges for critical and sensitive repositories.

License Requirements:
Microsoft 365 E3 and E5","https://learn.microsoft.com/en-us/purview/audit-solutions-overview"
"PUR-AUS-E5","Audit Solutions","purview","Microsoft Purview","T1213.002","Sharepoint","Collection","protect","partial","Microsoft Purview auditing solutions provide an integrated solution to help organizations effectively respond to security events, forensic investigations, internal investigations, and compliance obligations. Thousands of user and admin operations performed in dozens of Microsoft 365 services and solutions are captured, recorded, and retained in your organization's unified audit log. Audit records for these events are searchable by security ops, IT admins, insider risk teams, and compliance and legal investigators in your organization. This capability provides visibility into the activities performed across your Microsoft 365 organization.

Microsoft's Audit Solutions protects from Sharepoint attacks due to Audit Solutions providing the visibility to allow admins to consider periodic review of accounts and privileges for critical and sensitive repositories.

License Requirements:
Microsoft 365 E3 and E5","https://learn.microsoft.com/en-us/purview/audit-solutions-overview"
"PUR-AUS-E5","Audit Solutions","purview","Microsoft Purview","T1528","Steal Application Access Token","Credential Access","protect","partial","Microsoft Purview auditing solutions provide an integrated solution to help organizations effectively respond to security events, forensic investigations, internal investigations, and compliance obligations. Thousands of user and admin operations performed in dozens of Microsoft 365 services and solutions are captured, recorded, and retained in your organization's unified audit log. Audit records for these events are searchable by security ops, IT admins, insider risk teams, and compliance and legal investigators in your organization. This capability provides visibility into the activities performed across your Microsoft 365 organization.

Microsoft's Audit Solutions protects from Steal Application Access Token attacks due to Audit Solutions providing the visibility to allow admins to audit all cloud accounts to ensure that they are necessary and that the permissions granted to them are appropriate. Additionally, admins can perform an audit of all OAuth applications and the permissions they have been granted to access organizational data.

License Requirements: 
Microsoft 365 E3 and E5","https://learn.microsoft.com/en-us/purview/audit-solutions-overview"
"PUR-AUS-E5","Audit Solutions","purview","Microsoft Purview","T1530","Data from Cloud Storage","Collection","protect","partial","Microsoft Purview auditing solutions provide an integrated solution to help organizations effectively respond to security events, forensic investigations, internal investigations, and compliance obligations. Thousands of user and admin operations performed in dozens of Microsoft 365 services and solutions are captured, recorded, and retained in your organization's unified audit log. Audit records for these events are searchable by security ops, IT admins, insider risk teams, and compliance and legal investigators in your organization. This capability provides visibility into the activities performed across your Microsoft 365 organization.

Microsoft's Audit Solutions protects from Data from Cloud Storage attacks due to Audit Solutions providing the visibility to frequently check permissions on cloud storage to ensure proper permissions are set to deny open or unprivileged access to resources.

License Requirements:
Microsoft 365 E3 and E5","https://learn.microsoft.com/en-us/purview/audit-solutions-overview"
"PUR-AUS-E5","Audit Solutions","purview","Microsoft Purview","T1546","Event Triggered Execution","Privilege Escalation, Persistence","detect","partial","Microsoft Purview auditing solutions provide an integrated solution to help organizations effectively respond to security events, forensic investigations, internal investigations, and compliance obligations. Thousands of user and admin operations performed in dozens of Microsoft 365 services and solutions are captured, recorded, and retained in your organization's unified audit log. Audit records for these events are searchable by security ops, IT admins, insider risk teams, and compliance and legal investigators in your organization. This capability provides visibility into the activities performed across your Microsoft 365 organization.

Microsoft's Audit Solutions detects Event Triggered Execution attacks due to the File and Page Audit Log activities which monitors for newly constructed files, for contextual data about files, and for changes made to files.

License Requirements: 
Microsoft 365 E3 and E5","https://learn.microsoft.com/en-us/purview/audit-log-activities; https://learn.microsoft.com/en-us/purview/audit-solutions-overview"
"PUR-AUS-E5","Audit Solutions","purview","Microsoft Purview","T1548","Abuse Elevation Control Mechanism","Privilege Escalation, Defense Evasion","detect","partial","Microsoft Purview auditing solutions provide an integrated solution to help organizations effectively respond to security events, forensic investigations, internal investigations, and compliance obligations. Thousands of user and admin operations performed in dozens of Microsoft 365 services and solutions are captured, recorded, and retained in your organization's unified audit log. Audit records for these events are searchable by security ops, IT admins, insider risk teams, and compliance and legal investigators in your organization. This capability provides visibility into the activities performed across your Microsoft 365 organization.

Microsoft's Audit Solutions detects Abuse Elevation Control Mechanism attacks due to it's DataInsightsRestApiAudit AuditLogRecord type which logs cloud API calls to assume, create, or impersonate additional roles, policies, and permissions.

License Requirements:
Microsoft 365 E3 and E5","https://learn.microsoft.com/en-us/office/office-365-management-api/office-365-management-activity-api-schema#auditlogrecordtype; https://learn.microsoft.com/en-us/purview/audit-solutions-overview"
"PUR-AUS-E5","Audit Solutions","purview","Microsoft Purview","T1548.005","Temporary Elevated Cloud Access","Privilege Escalation, Defense Evasion","detect","partial","Microsoft Purview auditing solutions provide an integrated solution to help organizations effectively respond to security events, forensic investigations, internal investigations, and compliance obligations. Thousands of user and admin operations performed in dozens of Microsoft 365 services and solutions are captured, recorded, and retained in your organization's unified audit log. Audit records for these events are searchable by security ops, IT admins, insider risk teams, and compliance and legal investigators in your organization. This capability provides visibility into the activities performed across your Microsoft 365 organization.

Microsoft's Audit Solutions detects Temporary Elevated Cloud Access attacks due to it's DataInsightsRestApiAudit AuditLogRecord type which logs cloud API calls to assume, create, or impersonate additional roles, policies, and permissions.

License Requirements:
Microsoft 365 E3 and E5","https://learn.microsoft.com/en-us/office/office-365-management-api/office-365-management-activity-api-schema#auditlogrecordtype; https://learn.microsoft.com/en-us/purview/audit-solutions-overview"
"PUR-AUS-E5","Audit Solutions","purview","Microsoft Purview","T1548.006","TCC Manipulation","Defense Evasion, Privilege Escalation","detect","partial","Microsoft Purview auditing solutions provide an integrated solution to help organizations effectively respond to security events, forensic investigations, internal investigations, and compliance obligations. Thousands of user and admin operations performed in dozens of Microsoft 365 services and solutions are captured, recorded, and retained in your organization's unified audit log. Audit records for these events are searchable by security ops, IT admins, insider risk teams, and compliance and legal investigators in your organization. This capability provides visibility into the activities performed across your Microsoft 365 organization.

Microsoft's Audit Solutions detects Temporary Elevated Cloud Access attacks due to it's DataInsightsRestApiAudit AuditLogRecord type which logs cloud API calls to assume, create, or impersonate additional roles, policies, and permissions.

License Requirements:
Microsoft 365 E3 and E5",""
"PUR-AUS-E5","Audit Solutions","purview","Microsoft Purview","T1552","Unsecured Credentials","Credential Access","protect","partial","Microsoft Purview auditing solutions provide an integrated solution to help organizations effectively respond to security events, forensic investigations, internal investigations, and compliance obligations. Thousands of user and admin operations performed in dozens of Microsoft 365 services and solutions are captured, recorded, and retained in your organization's unified audit log. Audit records for these events are searchable by security ops, IT admins, insider risk teams, and compliance and legal investigators in your organization. This capability provides visibility into the activities performed across your Microsoft 365 organization.

Microsoft's Audit Solutions protects from Unsecured Credential attacks due to Audit Solutions providing the visibility to allow admins to preemptively search for files containing passwords or other credentials and take actions to reduce the exposure risk when found.

License Requirements: 
Microsoft 365 E3 and E5","https://learn.microsoft.com/en-us/purview/audit-solutions-overview"
"PUR-AUS-E5","Audit Solutions","purview","Microsoft Purview","T1552.008","Chat Messages","Credential Access","protect","partial","Microsoft Purview auditing solutions provide an integrated solution to help organizations effectively respond to security events, forensic investigations, internal investigations, and compliance obligations. Thousands of user and admin operations performed in dozens of Microsoft 365 services and solutions are captured, recorded, and retained in your organization's unified audit log. Audit records for these events are searchable by security ops, IT admins, insider risk teams, and compliance and legal investigators in your organization. This capability provides visibility into the activities performed across your Microsoft 365 organization.

Microsoft's Audit Solutions protects from Chat Messages attacks due to Audit Solutions providing the visibility to allow admins to preemptively search through communication services to find shared unsecured credentials.

License Requirements: 
Microsoft 365 E3 and E5","https://learn.microsoft.com/en-us/purview/audit-solutions-overview"
"PUR-AUS-E5","Audit Solutions","purview","Microsoft Purview","T1556","Modify Authentication Process","Credential Access, Defense Evasion, Persistence","protect","partial","Microsoft Purview auditing solutions provide an integrated solution to help organizations effectively respond to security events, forensic investigations, internal investigations, and compliance obligations. Thousands of user and admin operations performed in dozens of Microsoft 365 services and solutions are captured, recorded, and retained in your organization's unified audit log. Audit records for these events are searchable by security ops, IT admins, insider risk teams, and compliance and legal investigators in your organization. This capability provides visibility into the activities performed across your Microsoft 365 organization.

Microsoft's Audit Solutions protects from Modify Authentication Process attacks due to Audit Solutions providing the visibility to allow admins to review authentication logs to ensure that mechanisms such as enforcement of MFA are functioning as intended.

License Requirements:
Microsoft 365 E3 and E5","https://learn.microsoft.com/en-us/purview/audit-solutions-overview"
"PUR-AUS-E5","Audit Solutions","purview","Microsoft Purview","T1556.006","Multi-Factor Authentication","Credential Access, Defense Evasion, Persistence","protect","partial","Microsoft Purview auditing solutions provide an integrated solution to help organizations effectively respond to security events, forensic investigations, internal investigations, and compliance obligations. Thousands of user and admin operations performed in dozens of Microsoft 365 services and solutions are captured, recorded, and retained in your organization's unified audit log. Audit records for these events are searchable by security ops, IT admins, insider risk teams, and compliance and legal investigators in your organization. This capability provides visibility into the activities performed across your Microsoft 365 organization.

Microsoft's Audit Solutions protects from Multi-Factor Authentication attacks due to Audit Solutions providing the visibility to allow admins to review authentication logs to ensure that mechanisms such as enforcement of MFA are functioning as intended.

License Requirements:
Microsoft 365 E3 and E5","https://learn.microsoft.com/en-us/purview/audit-solutions-overview"
"PUR-AUS-E5","Audit Solutions","purview","Microsoft Purview","T1562","Impair Defenses","Defense Evasion","protect","partial","Microsoft Purview auditing solutions provide an integrated solution to help organizations effectively respond to security events, forensic investigations, internal investigations, and compliance obligations. Thousands of user and admin operations performed in dozens of Microsoft 365 services and solutions are captured, recorded, and retained in your organization's unified audit log. Audit records for these events are searchable by security ops, IT admins, insider risk teams, and compliance and legal investigators in your organization. This capability provides visibility into the activities performed across your Microsoft 365 organization.

Microsoft's Audit Solutions protects from Impair Defense attacks due to Audit Solutions providing the visibility to allow admins to routinely check account role permissions to ensure only expected users and roles have permission to modify defensive tools and settings.

License Requirements:
Microsoft 365 E3 and E5","https://learn.microsoft.com/en-us/purview/audit-solutions-overview"
"PUR-AUS-E5","Audit Solutions","purview","Microsoft Purview","T1562.008","Disable or Modify Cloud Logs","Defense Evasion","detect","partial","Microsoft Purview auditing solutions provide an integrated solution to help organizations effectively respond to security events, forensic investigations, internal investigations, and compliance obligations. Thousands of user and admin operations performed in dozens of Microsoft 365 services and solutions are captured, recorded, and retained in your organization's unified audit log. Audit records for these events are searchable by security ops, IT admins, insider risk teams, and compliance and legal investigators in your organization. This capability provides visibility into the activities performed across your Microsoft 365 organization.

Microsoft's Audit Solutions detects Disable or Modify Cloud Log attacks due to the user administration Audit Log activities which monitors for changes to account settings associated with users that may impact defensive logging capabilities.

License Requirements:
Microsoft 365 E3 and E5","https://learn.microsoft.com/en-us/purview/audit-log-activities; https://learn.microsoft.com/en-us/purview/audit-solutions-overview"
"PUR-AUS-E5","Audit Solutions","purview","Microsoft Purview","T1564","Hide Artifacts","Defense Evasion","detect","partial","Microsoft Purview auditing solutions provide an integrated solution to help organizations effectively respond to security events, forensic investigations, internal investigations, and compliance obligations. Thousands of user and admin operations performed in dozens of Microsoft 365 services and solutions are captured, recorded, and retained in your organization's unified audit log. Audit records for these events are searchable by security ops, IT admins, insider risk teams, and compliance and legal investigators in your organization. This capability provides visibility into the activities performed across your Microsoft 365 organization.

Microsoft's Audit Solutions detects Hide Artifacts attacks due to the File and Page Audit Log activities which monitors for newly constructed files, for contextual data about files, and for changes made to files.

License Requirements: 
Microsoft 365 E3 and E5","https://learn.microsoft.com/en-us/purview/audit-log-activities; https://learn.microsoft.com/en-us/purview/audit-solutions-overview"
"PUR-AUS-E5","Audit Solutions","purview","Microsoft Purview","T1564.008","Email Hiding Rules","Defense Evasion","protect","partial","Microsoft Purview auditing solutions provide an integrated solution to help organizations effectively respond to security events, forensic investigations, internal investigations, and compliance obligations. Thousands of user and admin operations performed in dozens of Microsoft 365 services and solutions are captured, recorded, and retained in your organization's unified audit log. Audit records for these events are searchable by security ops, IT admins, insider risk teams, and compliance and legal investigators in your organization. This capability provides visibility into the activities performed across your Microsoft 365 organization.

Microsoft's Audit Solutions protects from Email Hiding Rule attacks due to administrators can use Get-InboxRule / Remove-InboxRule and Get-TransportRule / Remove-TransportRule to discover and remove potentially malicious auto-fowarding and transport rules.

License Requirements:
Microsoft 365 E3 and E5","https://learn.microsoft.com/en-us/purview/audit-log-activities; https://learn.microsoft.com/en-us/purview/audit-solutions-overview"
"PUR-AUS-E5","Audit Solutions","purview","Microsoft Purview","T1566","Phishing","Initial Access","detect","partial","Microsoft Purview auditing solutions provide an integrated solution to help organizations effectively respond to security events, forensic investigations, internal investigations, and compliance obligations. Thousands of user and admin operations performed in dozens of Microsoft 365 services and solutions are captured, recorded, and retained in your organization's unified audit log. Audit records for these events are searchable by security ops, IT admins, insider risk teams, and compliance and legal investigators in your organization. This capability provides visibility into the activities performed across your Microsoft 365 organization.

Microsoft's Audit Solutions detects Phishing attacks due to the File and Page Audit Log activities which monitors for newly constructed files from phishing messages.

License Requirements: 
Microsoft 365 E3 and E5","https://learn.microsoft.com/en-us/purview/audit-log-activities; https://learn.microsoft.com/en-us/purview/audit-solutions-overview"
"PUR-AUS-E5","Audit Solutions","purview","Microsoft Purview","T1566.002","Spearphishing Link","Initial Access","protect","partial","Microsoft Purview auditing solutions provide an integrated solution to help organizations effectively respond to security events, forensic investigations, internal investigations, and compliance obligations. Thousands of user and admin operations performed in dozens of Microsoft 365 services and solutions are captured, recorded, and retained in your organization's unified audit log. Audit records for these events are searchable by security ops, IT admins, insider risk teams, and compliance and legal investigators in your organization. This capability provides visibility into the activities performed across your Microsoft 365 organization.

Microsoft's Audit Solutions protects from Spearphishing Link Process attacks due to Audit Solutions providing the visibility to allow admins to audit applications and their permissions to ensure access to data and resources are limited based upon necessity and principle of least privilege.

License Requirements:
Microsoft 365 E3 and E5","https://learn.microsoft.com/en-us/purview/audit-solutions-overview"
"PUR-AUS-E5","Audit Solutions","purview","Microsoft Purview","T1606","Forge Web Credentials","Credential Access","protect","partial","Microsoft Purview auditing solutions provide an integrated solution to help organizations effectively respond to security events, forensic investigations, internal investigations, and compliance obligations. Thousands of user and admin operations performed in dozens of Microsoft 365 services and solutions are captured, recorded, and retained in your organization's unified audit log. Audit records for these events are searchable by security ops, IT admins, insider risk teams, and compliance and legal investigators in your organization. This capability provides visibility into the activities performed across your Microsoft 365 organization.

Microsoft's Audit Solutions protects from Forge Web Credential attacks due to Audit Solutions providing the visibility to allow administrators to perform an audit of all access lists and the permissions they have been granted to access web applications and services.

License Requirements:
Microsoft 365 E3 and E5","https://learn.microsoft.com/en-us/purview/audit-solutions-overview"
"PUR-AUS-E5","Audit Solutions","purview","Microsoft Purview","T1485.001","Lifecycle-Triggered Deletion","Impact","protect","partial","Purview's auditing solutions may be able to detect if lifecycle settings have been altered, allowing the changes to potentially be reverted before deletion occurs.",""
"PUR-AUS-E5","Audit Solutions","purview","Microsoft Purview","T1546.017","Udev Rules","Persistence, Privilege Escalation","detect","significant","Audit Solutions can be used to continuously monitor the Udev rules for modifications or additions, allowing for detection of abnormalities.",""
"DEF-CAPP-E5","Defender for Cloud Apps","m365-defender","Microsoft 365 Defender","T1578.005","Modify Cloud Compute Configurations","Defense Evasion","detect","minimal","This control can identify anomalous admin activity.","https://learn.microsoft.com/en-us/defender-cloud-apps/policies-cloud-discovery; https://learn.microsoft.com/en-us/defender-cloud-apps/policies-information-protection; https://learn.microsoft.com/en-us/defender-cloud-apps/investigate-anomaly-alerts"
"DEF-ID-E5","Microsoft Defender for Identity","m365-defender","Microsoft 365 Defender","T1003","OS Credential Dumping","Credential Access","detect","minimal","This control provides significant and partial detection for a few of this technique's sub-techniques, while not providing any detection for the remaining, resulting in a Minimal coverage score.","https://learn.microsoft.com/en-us/defender-for-identity/what-is"
"DEF-ID-E5","Microsoft Defender for Identity","m365-defender","Microsoft 365 Defender","T1003.003","NTDS","Credential Access","detect","minimal","The documentation for this control's ""Data exfiltration over SMB (external ID 2030)"" alert implies that it may be able to detect the transfer of sensitive data such as the Ntds.dit on monitored domain controllers.  This is specific to domain controllers and therefore results in a reduced coverage score.",""
"DEF-ID-E5","Microsoft Defender for Identity","m365-defender","Microsoft 365 Defender","T1003.006","DCSync","Credential Access","detect","significant","This control's ""Suspected DCSync attack (replication of directory services) (external ID 2006)"" alert can detect DCSync attacks.  The false positive rate should be low due to the identity of domain controllers on the network changing infrequently and therefore replication requests received from non-domain controllers should be a red flag.",""
"DEF-ID-E5","Microsoft Defender for Identity","m365-defender","Microsoft 365 Defender","T1021","Remote Services","Lateral Movement","detect","minimal","This control provides Minimal detection for one of this technique's sub-techniques, while not providing any detection for the remaining, resulting in a Minimal score.","https://learn.microsoft.com/en-us/defender-for-identity/what-is"
"DEF-ID-E5","Microsoft Defender for Identity","m365-defender","Microsoft 365 Defender","T1021.002","SMB/Windows Admin Shares","Lateral Movement","detect","minimal","This control's ""Remote code execution attempt (external ID 2019)"" alert can detect Remote code execution via Psexec.  This may lead to false positives as administrative workstations, IT team members, and service accounts can all perform legitimate administrative tasks against domain controllers.  Additionally, this alert seems to be specific to detecting execution on domain controllers and AD FS servers, limiting its coverage.
This control's ""Data exfiltration over SMB (external ID 2030)"" alert may also be able to detect exfiltration of sensitive data on domain controllers using SMB.
",""
"DEF-ID-E5","Microsoft Defender for Identity","m365-defender","Microsoft 365 Defender","T1047","Windows Management Instrumentation","Execution","detect","minimal","This control's ""Remote code execution attempt (external ID 2019)"" alert can detect Remote code execution via WMI.  This may lead to false positives as administrative workstations, IT team members, and service accounts can all perform legitimate administrative tasks against domain controllers.  Additionally, this alert seems to be specific to detecting execution on domain controllers and AD FS servers, limiting its coverage.
","https://learn.microsoft.com/en-us/defender-for-identity/what-is"
"DEF-ID-E5","Microsoft Defender for Identity","m365-defender","Microsoft 365 Defender","T1048","Exfiltration Over Alternative Protocol","Exfiltration","detect","minimal","This control provides Partial detection for one of this technique's sub-techniques, while not providing any detection for the remaining, resulting in a Minimal score.","https://learn.microsoft.com/en-us/defender-for-identity/what-is"
"DEF-ID-E5","Microsoft Defender for Identity","m365-defender","Microsoft 365 Defender","T1048.003","Exfiltration Over Unencrypted Non-C2 Protocol","Exfiltration","detect","partial","This control's ""Suspicious communication over DNS (external ID 2031)"" alert can detect malicious communication over DNS used for data exfiltration, command, and control, and/or evading corporate network restrictions.  The accuracy of this control is unknown and therefore its score has been assessed as Partial.",""
"DEF-ID-E5","Microsoft Defender for Identity","m365-defender","Microsoft 365 Defender","T1059","Command and Scripting Interpreter","Execution","detect","minimal","This control provides Minimal detection for one of this technique's sub-techniques, while not providing any detection for the remaining, resulting in a Minimal score.","https://learn.microsoft.com/en-us/defender-for-identity/what-is"
"DEF-ID-E5","Microsoft Defender for Identity","m365-defender","Microsoft 365 Defender","T1059.001","PowerShell","Execution","detect","minimal","This control's ""Remote code execution attempt (external ID 2019)"" alert can detect Remote code execution via Powershell.  This may lead to false positives as administrative workstations, IT team members, and service accounts can all perform legitimate administrative tasks against domain controllers.  Additionally, this alert seems to be specific to detecting execution on domain controllers and AD FS servers, limiting its coverage.",""
"DEF-ID-E5","Microsoft Defender for Identity","m365-defender","Microsoft 365 Defender","T1069","Permission Groups Discovery","Discovery","detect","minimal","This control provides significant detection for one of this technique's sub-techniques, while not providing any detection for the remaining, resulting in a Minimal score.","https://learn.microsoft.com/en-us/defender-for-identity/what-is"
"DEF-ID-E5","Microsoft Defender for Identity","m365-defender","Microsoft 365 Defender","T1069.002","Domain Groups","Discovery","detect","significant","This control's ""Security principal reconnaissance (LDAP) (external ID 2038)"" alert can be used to detect when an adversary ""perform suspicious LDAP enumeration queries or queries targeted to sensitive groups that use methods not previously observed.""  This alert employs machine learning which should reduce the number of false positives.
Additionally, this control's ""User and Group membership reconnaissance (SAMR) (external ID 2021)"" alert can detect this sub-technique and also employs machine learning which should reduce the false-positive rate.",""
"DEF-ID-E5","Microsoft Defender for Identity","m365-defender","Microsoft 365 Defender","T1071","Application Layer Protocol","Command and Control","detect","minimal","This control provides Partial detection for one of this technique's sub-techniques, while not providing any detection for the remaining, resulting in a Minimal score.","https://learn.microsoft.com/en-us/defender-for-identity/what-is"
"DEF-ID-E5","Microsoft Defender for Identity","m365-defender","Microsoft 365 Defender","T1071.004","DNS","Command and Control","detect","partial","This control's ""Suspicious communication over DNS (external ID 2031)"" alert can detect malicious communication over DNS used for data exfiltration, command, and control, and/or evading corporate network restrictions.  The accuracy of this control is unknown and therefore its score has been assessed as Partial.",""
"DEF-ID-E5","Microsoft Defender for Identity","m365-defender","Microsoft 365 Defender","T1087","Account Discovery","Discovery","detect","minimal","This control provides significant detection for one of this technique's sub-techniques, while not providing any detection for the remaining, resulting in a Minimal score.","https://learn.microsoft.com/en-us/defender-for-identity/what-is"
"DEF-ID-E5","Microsoft Defender for Identity","m365-defender","Microsoft 365 Defender","T1087.002","Domain Account","Discovery","detect","significant","The following alert of this control is able to detect domain account discovery:  ""Account enumeration reconnaissance (external ID 2003)"".  This shouldn't occur frequently and therefore the false positive rate should be minimal.
The ""Security principal reconnaissance (LDAP) (external ID 2038)"" alert is also relevant and its machine learning capabilities should reduce the false positive rate.
The ""User and IP address reconnaissance (SMB) (external ID 2012)"" alert can also provide a detection on a variation of this sub-technique.",""
"DEF-ID-E5","Microsoft Defender for Identity","m365-defender","Microsoft 365 Defender","T1098","Account Manipulation","Persistence, Privilege Escalation","detect","partial","This controls's ""Suspicious additions to sensitive groups (external ID 2024)"" alert can utilize machine learning to detect when an attacker adds users to highly privileged groups. Adding users is done to gain access to more resources, and gain persistency.  This detection relies on profiling the group modification activities of users, and alerting when an abnormal addition to a sensitive group is observed. Defender for Identity profiles continuously. 
This alert provides Partial coverage of this technique with a reduced false-positive rate by utilizing machine learning models.","https://learn.microsoft.com/en-us/defender-for-identity/what-is"
"DEF-ID-E5","Microsoft Defender for Identity","m365-defender","Microsoft 365 Defender","T1110","Brute Force","Credential Access","detect","partial","This control provides significant detection of some of the sub-techniques of this technique and has therefore been assessed an overall score of Partial.","https://learn.microsoft.com/en-us/defender-for-identity/what-is"
"DEF-ID-E5","Microsoft Defender for Identity","m365-defender","Microsoft 365 Defender","T1110.001","Password Guessing","Credential Access","detect","significant","This control's ""Suspected Brute Force attack (Kerberos, NTLM) (external ID 2023)"" alert can detect these brute force sub-techniques.  It incorporates a machine learning feature that should reduce the number of false positives.
Similarly, its ""Suspected Brute Force attack (LDAP) (external ID 2004)"" alert can detect brute force attacks using LDAP simple binds.
The ""Suspected Brute Force attack (SMB) (external ID 2033)"" alert is also relevant but the details are sparse.",""
"DEF-ID-E5","Microsoft Defender for Identity","m365-defender","Microsoft 365 Defender","T1110.003","Password Spraying","Credential Access","detect","significant","This control's ""Suspected Brute Force attack (Kerberos, NTLM) (external ID 2023)"" alert can detect these brute force sub-techniques.  It incorporates a machine learning feature that should reduce the number of false positives.
Similarly, its ""Suspected Brute Force attack (LDAP) (external ID 2004)"" alert can detect brute force attacks using LDAP simple binds.
The ""Suspected Brute Force attack (SMB) (external ID 2033)"" alert is also relevant but the details are sparse.",""
"DEF-ID-E5","Microsoft Defender for Identity","m365-defender","Microsoft 365 Defender","T1133","External Remote Services","Persistence, Initial Access","detect","minimal","This control's ""Suspicious VPN connection (external ID 2025)"" alert utilizes machine learning models to learn  normal VPN connections for a user and detect deviations from the norm.  This detection is specific to VPN traffic and therefore its overall coverage is Minimal. ","https://learn.microsoft.com/en-us/defender-for-identity/what-is"
"DEF-ID-E5","Microsoft Defender for Identity","m365-defender","Microsoft 365 Defender","T1201","Password Policy Discovery","Discovery","detect","minimal","This control's ""Active Directory attributes reconnaissance (LDAP) (external ID 2210)"" alert may be able to detect this operation.  There are statements in the documentation for the alert, such as: ""Active Directory LDAP reconnaissance is used by attackers to gain critical information about the domain environment. This information can help attackers map the domain structure ..."", that  may indicate support for detecting this technique.  The level of detection though is unknown and therefore a conservative assessment of a Minimal score is assigned.","https://learn.microsoft.com/en-us/defender-for-identity/what-is"
"DEF-ID-E5","Microsoft Defender for Identity","m365-defender","Microsoft 365 Defender","T1207","Rogue Domain Controller","Defense Evasion","detect","significant","This control's ""Suspected DCShadow attack (domain controller promotion) (external ID 2028)"" and ""Suspected DCShadow attack (domain controller replication request) (external ID 2029)"" alerts can detect this technique.  Also should be a low false positive rate as the quantity and identity of domain controllers on the network should change very infrequently.","https://learn.microsoft.com/en-us/defender-for-identity/what-is"
"DEF-ID-E5","Microsoft Defender for Identity","m365-defender","Microsoft 365 Defender","T1210","Exploitation of Remote Services","Lateral Movement","detect","minimal","This control's ""Remote code execution over DNS (external ID 2036)"" alert can look for an attacker attempting to exploit CVE-2018-8626, a remote code execution vulnerability exists in Windows Domain Name System (DNS) servers.  In this detection, a Defender for Identity security alert is triggered when DNS queries suspected of exploiting the CVE-2018-8626 security vulnerability are made against a domain controller in the network.  
Likewise this controls ""Suspected SMB packet manipulation (CVE-2020-0796 exploitation)"" alert can detect a remote code execution vulnerability with SMBv3.
Because these detections are specific to a few CVEs, its coverage is Minimal resulting in a Minimal score.","https://learn.microsoft.com/en-us/defender-for-identity/what-is"
"DEF-ID-E5","Microsoft Defender for Identity","m365-defender","Microsoft 365 Defender","T1482","Domain Trust Discovery","Discovery","detect","minimal","This control's ""Active Directory attributes reconnaissance (LDAP) (external ID 2210)"" alert may be able to detect this operation.  There are statements in the documentation for the alert, such as: ""Active Directory LDAP reconnaissance is used by attackers to gain critical information about the domain environment. This information can help attackers map the domain structure ..."", that  may indicate support for detecting this technique.  The level of detection though is unknown and therefore a conservative assessment of a Minimal score is assigned.","https://learn.microsoft.com/en-us/defender-for-identity/what-is"
"DEF-ID-E5","Microsoft Defender for Identity","m365-defender","Microsoft 365 Defender","T1543","Create or Modify System Process","Persistence, Privilege Escalation","detect","minimal","This control provides minimal detection for one of this technique's sub-techniques, while not providing any detection for the remaining, resulting in a Minimal score.","https://learn.microsoft.com/en-us/defender-for-identity/what-is"
"DEF-ID-E5","Microsoft Defender for Identity","m365-defender","Microsoft 365 Defender","T1543.003","Windows Service","Persistence, Privilege Escalation","detect","minimal","This control's ""Suspicious service creation (external ID 2026)"" alert is able to detect suspicious service creation on a domain controller or AD FS server in your organization.  As a result of this detecting being specific to these hosts, the coverage score is Minimal resulting in Minimal detection.",""
"DEF-ID-E5","Microsoft Defender for Identity","m365-defender","Microsoft 365 Defender","T1543.005","Container Service","Persistence, Privilege Escalation","detect","minimal","This control's ""Suspicious service creation (external ID 2026)"" alert is able to detect suspicious service creation on a domain controller or AD FS server in your organization.  As a result of this detecting being specific to these hosts, the coverage score is Minimal resulting in Minimal detection.",""
"DEF-ID-E5","Microsoft Defender for Identity","m365-defender","Microsoft 365 Defender","T1550","Use Alternate Authentication Material","Defense Evasion, Lateral Movement","detect","partial","This control provides partial detection for some of this technique's sub-techniques  (due to unknown false-positive/true-positive rate), resulting in a Partial score.","https://learn.microsoft.com/en-us/defender-for-identity/what-is"
"DEF-ID-E5","Microsoft Defender for Identity","m365-defender","Microsoft 365 Defender","T1550.002","Pass the Hash","Defense Evasion, Lateral Movement","detect","partial","This control's ""Suspected identity theft (pass-the-hash) (external ID 2017)"" alert specifically looks for pass-the-hash attacks but there is not enough information to determine its effectiveness and therefore a conservative assessment of a Partial score is assigned.
This control's ""Suspected identity theft (pass-the-ticket) (external ID 2018)"" alert specifically looks for pass-the-ticket attacks but there is not enough information to determine its effectiveness and therefore a conservative assessment of a Partial score is assigned.",""
"DEF-ID-E5","Microsoft Defender for Identity","m365-defender","Microsoft 365 Defender","T1550.003","Pass the Ticket","Defense Evasion, Lateral Movement","detect","partial","This control's ""Suspected identity theft (pass-the-hash) (external ID 2017)"" alert specifically looks for pass-the-hash attacks but there is not enough information to determine its effectiveness and therefore a conservative assessment of a Partial score is assigned.
This control's ""Suspected identity theft (pass-the-ticket) (external ID 2018)"" alert specifically looks for pass-the-ticket attacks but there is not enough information to determine its effectiveness and therefore a conservative assessment of a Partial score is assigned.",""
"DEF-ID-E5","Microsoft Defender for Identity","m365-defender","Microsoft 365 Defender","T1555","Credentials from Password Stores","Credential Access","detect","minimal","This control provides minimal detection for some of this technique's sub-techniques, while not providing any detection for the remaining, resulting in a Minimal score.","https://learn.microsoft.com/en-us/defender-for-identity/what-is"
"DEF-ID-E5","Microsoft Defender for Identity","m365-defender","Microsoft 365 Defender","T1555.003","Credentials from Web Browsers","Credential Access","detect","minimal","This control's ""Malicious request of Data Protection API master key (external ID 2020)"" alert can be used to detect when an attacker attempts to utilize the Data Protection API (DPAPI) to decrypt sensitive data using the backup of the master key stored on domain controllers. DPAPI is used by Windows to securely protect passwords saved by browsers, encrypted files, and other sensitive data.   This alert is specific to using DPAPI to retrieve the master backup key and therefore provides minimal coverage resulting in a Minimal score.",""
"DEF-ID-E5","Microsoft Defender for Identity","m365-defender","Microsoft 365 Defender","T1555.004","Windows Credential Manager","Credential Access","detect","minimal","This control's ""Malicious request of Data Protection API master key (external ID 2020)"" alert can be used to detect when an attacker attempts to utilize the Data Protection API (DPAPI) to decrypt sensitive data using the backup of the master key stored on domain controllers. Windows Credential Manager utilizes DPAPI to securely store sensitive information like passwords.   This alert is specific to using DPAPI to retrieve the master backup key and therefore provides minimal coverage resulting in a Minimal score.",""
"DEF-ID-E5","Microsoft Defender for Identity","m365-defender","Microsoft 365 Defender","T1556","Modify Authentication Process","Credential Access, Defense Evasion, Persistence","detect","minimal","This control provides minimal detection for one of this technique's sub-techniques, while not providing any detection for the remaining, resulting in a Minimal score.","https://learn.microsoft.com/en-us/defender-for-identity/what-is"
"DEF-ID-E5","Microsoft Defender for Identity","m365-defender","Microsoft 365 Defender","T1556.001","Domain Controller Authentication","Credential Access, Defense Evasion, Persistence","detect","partial","This control's ""Suspected skeleton key attack (encryption downgrade) (external ID 2010)"" alert can detect skeleton attacks.  This alert provides partial protection as it detects on a specific type of malware, Skeleton malware, and its usage of weaker encryption algorithms to hash the user's passwords on the domain controller.  The description of the alert implies it utilizes machine learning to look for anomalous usage of weak encryption algorithms which should result in a reduced false positive rate.",""
"DEF-ID-E5","Microsoft Defender for Identity","m365-defender","Microsoft 365 Defender","T1557","Adversary-in-the-Middle","Credential Access, Collection","detect","minimal","This control provides minimal detection for one of this technique's sub-techniques, while not providing any detection for the other, resulting in an overall Minimal score.","https://learn.microsoft.com/en-us/defender-for-identity/what-is"
"DEF-ID-E5","Microsoft Defender for Identity","m365-defender","Microsoft 365 Defender","T1557.001","LLMNR/NBT-NS Poisoning and SMB Relay","Credential Access, Collection","detect","minimal","This control's ""Suspected NTLM relay attack (Exchange account) (external ID 2037)"" alert can detect NTLM relay attack specific to the Exchange service.  Because this detection is limited to this variation of the sub-technique, its coverage score is Minimal resulting in an overall Minimal score.",""
"DEF-ID-E5","Microsoft Defender for Identity","m365-defender","Microsoft 365 Defender","T1558","Steal or Forge Kerberos Tickets","Credential Access","detect","partial","This control provides partial detection for most of this technique's sub-techniques, resulting in an overall Partial score.","https://learn.microsoft.com/en-us/defender-for-identity/what-is"
"DEF-ID-E5","Microsoft Defender for Identity","m365-defender","Microsoft 365 Defender","T1558.001","Golden Ticket","Credential Access","detect","partial","This control has numerous alerts that can detect Golden Ticket attacks from multiple perspectives.  The accuracy of these alerts is unknown resulting in a partial score.",""
"DEF-ID-E5","Microsoft Defender for Identity","m365-defender","Microsoft 365 Defender","T1558.003","Kerberoasting","Credential Access","detect","partial","This control's ""Suspected Kerberos SPN exposure (external ID 2410)"" alert is able to detect when an attacker use tools to enumerate service accounts and their respective SPNs (Service principal names), request a Kerberos service ticket for the services, capture the Ticket Granting Service (TGS) tickets from memory and extract their hashes, and save them for later use in an offline brute force attack.  
Similarly its ""Suspected AS-REP Roasting attack (external ID 2412)"" alert is able to detect AS-REP Roasting sub-technique.
The accuracy of these alerts is unknown and therefore its score has been assessed as Partial.",""
"DEF-ID-E5","Microsoft Defender for Identity","m365-defender","Microsoft 365 Defender","T1558.004","AS-REP Roasting","Credential Access","detect","partial","This control's ""Suspected Kerberos SPN exposure (external ID 2410)"" alert is able to detect when an attacker use tools to enumerate service accounts and their respective SPNs (Service principal names), request a Kerberos service ticket for the services, capture the Ticket Granting Service (TGS) tickets from memory and extract their hashes, and save them for later use in an offline brute force attack.  
Similarly its ""Suspected AS-REP Roasting attack (external ID 2412)"" alert is able to detect AS-REP Roasting sub-technique.
The accuracy of these alerts is unknown and therefore its score has been assessed as Partial.",""
"DEF-ID-E5","Microsoft Defender for Identity","m365-defender","Microsoft 365 Defender","T1569","System Services","Execution","detect","minimal","This control provides Minimal detection for one of this technique's sub-techniques, while not providing any detection for the remaining, resulting in a Minimal score.","https://learn.microsoft.com/en-us/defender-for-identity/what-is"
"DEF-ID-E5","Microsoft Defender for Identity","m365-defender","Microsoft 365 Defender","T1569.002","Service Execution","Execution","detect","minimal","This control's ""Remote code execution attempt (external ID 2019)"" alert can detect Remote code execution via Psexec.  This may lead to false positives as administrative workstations, IT team members, and service accounts can all perform legitimate administrative tasks against domain controllers.  Additionally, this alert seems to be specific to detecting execution on domain controllers and AD FS servers, limiting its coverage.",""
"DEF-SECA-E3","Security Alerts","m365-defender","Microsoft 365 Defender","T1003","OS Credential Dumping","Credential Access","detect","significant","Microsoft Defender security alerts explain the suspicious activities detected by Defender for Identity sensors on your network, and the actors and computers involved in each threat. Alert evidence lists contain direct links to the involved users and computers, to help make your investigations easy and direct.

Defender security alerts are divided into the following categories or phases, like the phases seen in a typical cyber-attack kill chain. Learn more about each phase, the alerts designed to detect each attack, and how to use the alerts to help protect your network using the following links:

Reconnaissance and discovery alerts
Persistence and privilege escalation alerts
Credential access alerts
Lateral movement alerts
Other alerts


License: A Microsoft 365 security product license entitles customer use 
 of Microsoft Defender XDR.","https://learn.microsoft.com/en-us/defender-for-identity/credential-access-alerts"
"DEF-SECA-E3","Security Alerts","m365-defender","Microsoft 365 Defender","T1003.006","DCSync","Credential Access","detect","significant","Microsoft Defender security alerts explain the suspicious activities detected by Defender for Identity sensors on your network, and the actors and computers involved in each threat. Alert evidence lists contain direct links to the involved users and computers, to help make your investigations easy and direct.

Defender security alerts are divided into the following categories or phases, like the phases seen in a typical cyber-attack kill chain. Learn more about each phase, the alerts designed to detect each attack, and how to use the alerts to help protect your network using the following links:

Reconnaissance and discovery alerts
Persistence and privilege escalation alerts
Credential access alerts
Lateral movement alerts
Other alerts


License: A Microsoft 365 security product license entitles customer use 
 of Microsoft Defender XDR.","https://learn.microsoft.com/en-us/defender-for-identity/credential-access-alerts"
"DEF-SECA-E3","Security Alerts","m365-defender","Microsoft 365 Defender","T1011","Exfiltration Over Other Network Medium","Exfiltration","detect","significant","Microsoft Defender security alerts explain the suspicious activities detected by Defender for Identity sensors on your network, and the actors and computers involved in each threat. Alert evidence lists contain direct links to the involved users and computers, to help make your investigations easy and direct.

Defender security alerts are divided into the following categories or phases, like the phases seen in a typical cyber-attack kill chain. Learn more about each phase, the alerts designed to detect each attack, and how to use the alerts to help protect your network using the following links:

Reconnaissance and discovery alerts
Persistence and privilege escalation alerts
Credential access alerts
Lateral movement alerts
Other alerts


License: A Microsoft 365 security product license entitles customer use 
 of Microsoft Defender XDR.","https://learn.microsoft.com/en-us/defender-for-identity/credential-access-alerts"
"DEF-SECA-E3","Security Alerts","m365-defender","Microsoft 365 Defender","T1018","Remote System Discovery","Discovery","detect","significant","Microsoft Defender security alerts explain the suspicious activities detected by Defender for Identity sensors on your network, and the actors and computers involved in each threat. Alert evidence lists contain direct links to the involved users and computers, to help make your investigations easy and direct.

Defender security alerts are divided into the following categories or phases, like the phases seen in a typical cyber-attack kill chain. Learn more about each phase, the alerts designed to detect each attack, and how to use the alerts to help protect your network using the following links:

Reconnaissance and discovery alerts
Persistence and privilege escalation alerts
Credential access alerts
Lateral movement alerts
Other alerts


License: A Microsoft 365 security product license entitles customer use 
 of Microsoft Defender XDR.","https://learn.microsoft.com/en-us/defender-for-identity/reconnaissance-discovery-alerts"
"DEF-SECA-E3","Security Alerts","m365-defender","Microsoft 365 Defender","T1046","Network Service Discovery","Discovery","detect","significant","Microsoft Defender security alerts explain the suspicious activities detected by Defender for Identity sensors on your network, and the actors and computers involved in each threat. Alert evidence lists contain direct links to the involved users and computers, to help make your investigations easy and direct.

Defender security alerts are divided into the following categories or phases, like the phases seen in a typical cyber-attack kill chain. Learn more about each phase, the alerts designed to detect each attack, and how to use the alerts to help protect your network using the following links:

Reconnaissance and discovery alerts
Persistence and privilege escalation alerts
Credential access alerts
Lateral movement alerts
Other alerts


License: A Microsoft 365 security product license entitles customer use 
 of Microsoft Defender XDR.","https://learn.microsoft.com/en-us/defender-for-identity/reconnaissance-discovery-alerts"
"DEF-SECA-E3","Security Alerts","m365-defender","Microsoft 365 Defender","T1049","System Network Connections Discovery","Discovery","detect","significant","Microsoft Defender security alerts explain the suspicious activities detected by Defender for Identity sensors on your network, and the actors and computers involved in each threat. Alert evidence lists contain direct links to the involved users and computers, to help make your investigations easy and direct.

Defender security alerts are divided into the following categories or phases, like the phases seen in a typical cyber-attack kill chain. Learn more about each phase, the alerts designed to detect each attack, and how to use the alerts to help protect your network using the following links:

Reconnaissance and discovery alerts
Persistence and privilege escalation alerts
Credential access alerts
Lateral movement alerts
Other alerts


License: A Microsoft 365 security product license entitles customer use 
 of Microsoft Defender XDR.","https://learn.microsoft.com/en-us/defender-for-identity/reconnaissance-discovery-alerts"
"DEF-SECA-E3","Security Alerts","m365-defender","Microsoft 365 Defender","T1068","Exploitation for Privilege Escalation","Privilege Escalation","detect","significant","Microsoft Defender security alerts explain the suspicious activities detected by Defender for Identity sensors on your network, and the actors and computers involved in each threat. Alert evidence lists contain direct links to the involved users and computers, to help make your investigations easy and direct.

Defender security alerts are divided into the following categories or phases, like the phases seen in a typical cyber-attack kill chain. Learn more about each phase, the alerts designed to detect each attack, and how to use the alerts to help protect your network using the following links:

Reconnaissance and discovery alerts
Persistence and privilege escalation alerts
Credential access alerts
Lateral movement alerts
Other alerts


License: A Microsoft 365 security product license entitles customer use 
 of Microsoft Defender XDR.","https://learn.microsoft.com/en-us/defender-for-identity/persistence-privilege-escalation-alerts"
"DEF-SECA-E3","Security Alerts","m365-defender","Microsoft 365 Defender","T1069","Permission Groups Discovery","Discovery","detect","significant","Microsoft Defender security alerts explain the suspicious activities detected by Defender for Identity sensors on your network, and the actors and computers involved in each threat. Alert evidence lists contain direct links to the involved users and computers, to help make your investigations easy and direct.

Defender security alerts are divided into the following categories or phases, like the phases seen in a typical cyber-attack kill chain. Learn more about each phase, the alerts designed to detect each attack, and how to use the alerts to help protect your network using the following links:

Reconnaissance and discovery alerts
Persistence and privilege escalation alerts
Credential access alerts
Lateral movement alerts
Other alerts


License: A Microsoft 365 security product license entitles customer use 
 of Microsoft Defender XDR.","https://learn.microsoft.com/en-us/defender-for-identity/reconnaissance-discovery-alerts"
"DEF-SECA-E3","Security Alerts","m365-defender","Microsoft 365 Defender","T1069.002","Domain Groups","Discovery","detect","significant","Microsoft Defender security alerts explain the suspicious activities detected by Defender for Identity sensors on your network, and the actors and computers involved in each threat. Alert evidence lists contain direct links to the involved users and computers, to help make your investigations easy and direct.

Defender security alerts are divided into the following categories or phases, like the phases seen in a typical cyber-attack kill chain. Learn more about each phase, the alerts designed to detect each attack, and how to use the alerts to help protect your network using the following links:

Reconnaissance and discovery alerts
Persistence and privilege escalation alerts
Credential access alerts
Lateral movement alerts
Other alerts


License: A Microsoft 365 security product license entitles customer use 
 of Microsoft Defender XDR.","https://learn.microsoft.com/en-us/defender-for-identity/reconnaissance-discovery-alerts"
"DEF-SECA-E3","Security Alerts","m365-defender","Microsoft 365 Defender","T1078","Valid Accounts","Defense Evasion, Persistence, Privilege Escalation, Initial Access","detect","significant","Microsoft Defender security alerts explain the suspicious activities detected by Defender for Identity sensors on your network, and the actors and computers involved in each threat. Alert evidence lists contain direct links to the involved users and computers, to help make your investigations easy and direct.

Defender security alerts are divided into the following categories or phases, like the phases seen in a typical cyber-attack kill chain. Learn more about each phase, the alerts designed to detect each attack, and how to use the alerts to help protect your network using the following links:

Reconnaissance and discovery alerts
Persistence and privilege escalation alerts
Credential access alerts
Lateral movement alerts
Other alerts


License: A Microsoft 365 security product license entitles customer use 
 of Microsoft Defender XDR.","https://learn.microsoft.com/en-us/defender-for-identity/persistence-privilege-escalation-alerts"
"DEF-SECA-E3","Security Alerts","m365-defender","Microsoft 365 Defender","T1087","Account Discovery","Discovery","detect","significant","Microsoft Defender security alerts explain the suspicious activities detected by Defender for Identity sensors on your network, and the actors and computers involved in each threat. Alert evidence lists contain direct links to the involved users and computers, to help make your investigations easy and direct.

Defender security alerts are divided into the following categories or phases, like the phases seen in a typical cyber-attack kill chain. Learn more about each phase, the alerts designed to detect each attack, and how to use the alerts to help protect your network using the following links:

Reconnaissance and discovery alerts
Persistence and privilege escalation alerts
Credential access alerts
Lateral movement alerts
Other alerts


License: A Microsoft 365 security product license entitles customer use 
 of Microsoft Defender XDR.","https://learn.microsoft.com/en-us/defender-for-identity/reconnaissance-discovery-alerts"
"DEF-SECA-E3","Security Alerts","m365-defender","Microsoft 365 Defender","T1087.002","Domain Account","Discovery","detect","significant","Microsoft Defender security alerts explain the suspicious activities detected by Defender for Identity sensors on your network, and the actors and computers involved in each threat. Alert evidence lists contain direct links to the involved users and computers, to help make your investigations easy and direct.

Defender security alerts are divided into the following categories or phases, like the phases seen in a typical cyber-attack kill chain. Learn more about each phase, the alerts designed to detect each attack, and how to use the alerts to help protect your network using the following links:

Reconnaissance and discovery alerts
Persistence and privilege escalation alerts
Credential access alerts
Lateral movement alerts
Other alerts


License: A Microsoft 365 security product license entitles customer use 
 of Microsoft Defender XDR.","https://learn.microsoft.com/en-us/defender-for-identity/reconnaissance-discovery-alerts"
"DEF-SECA-E3","Security Alerts","m365-defender","Microsoft 365 Defender","T1098","Account Manipulation","Persistence, Privilege Escalation","detect","significant","Microsoft Defender security alerts explain the suspicious activities detected by Defender for Identity sensors on your network, and the actors and computers involved in each threat. Alert evidence lists contain direct links to the involved users and computers, to help make your investigations easy and direct.

Defender security alerts are divided into the following categories or phases, like the phases seen in a typical cyber-attack kill chain. Learn more about each phase, the alerts designed to detect each attack, and how to use the alerts to help protect your network using the following links:

Reconnaissance and discovery alerts
Persistence and privilege escalation alerts
Credential access alerts
Lateral movement alerts
Other alerts


License: A Microsoft 365 security product license entitles customer use 
 of Microsoft Defender XDR.","https://learn.microsoft.com/en-us/defender-for-identity/persistence-privilege-escalation-alerts"
"DEF-SECA-E3","Security Alerts","m365-defender","Microsoft 365 Defender","T1110","Brute Force","Credential Access","detect","significant","Microsoft Defender security alerts explain the suspicious activities detected by Defender for Identity sensors on your network, and the actors and computers involved in each threat. Alert evidence lists contain direct links to the involved users and computers, to help make your investigations easy and direct.

Defender security alerts are divided into the following categories or phases, like the phases seen in a typical cyber-attack kill chain. Learn more about each phase, the alerts designed to detect each attack, and how to use the alerts to help protect your network using the following links:

Reconnaissance and discovery alerts
Persistence and privilege escalation alerts
Credential access alerts
Lateral movement alerts
Other alerts


License: A Microsoft 365 security product license entitles customer use 
 of Microsoft Defender XDR.","https://learn.microsoft.com/en-us/defender-for-identity/credential-access-alerts"
"DEF-SECA-E3","Security Alerts","m365-defender","Microsoft 365 Defender","T1110.001","Password Guessing","Credential Access","detect","significant","Microsoft Defender security alerts explain the suspicious activities detected by Defender for Identity sensors on your network, and the actors and computers involved in each threat. Alert evidence lists contain direct links to the involved users and computers, to help make your investigations easy and direct.

Defender security alerts are divided into the following categories or phases, like the phases seen in a typical cyber-attack kill chain. Learn more about each phase, the alerts designed to detect each attack, and how to use the alerts to help protect your network using the following links:

Reconnaissance and discovery alerts
Persistence and privilege escalation alerts
Credential access alerts
Lateral movement alerts
Other alerts


License: A Microsoft 365 security product license entitles customer use 
 of Microsoft Defender XDR.","https://learn.microsoft.com/en-us/defender-for-identity/credential-access-alerts"
"DEF-SECA-E3","Security Alerts","m365-defender","Microsoft 365 Defender","T1110.003","Password Spraying","Credential Access","detect","significant","Microsoft Defender security alerts explain the suspicious activities detected by Defender for Identity sensors on your network, and the actors and computers involved in each threat. Alert evidence lists contain direct links to the involved users and computers, to help make your investigations easy and direct.

Defender security alerts are divided into the following categories or phases, like the phases seen in a typical cyber-attack kill chain. Learn more about each phase, the alerts designed to detect each attack, and how to use the alerts to help protect your network using the following links:

Reconnaissance and discovery alerts
Persistence and privilege escalation alerts
Credential access alerts
Lateral movement alerts
Other alerts


License: A Microsoft 365 security product license entitles customer use 
 of Microsoft Defender XDR.","https://learn.microsoft.com/en-us/defender-for-identity/credential-access-alerts"
"DEF-SECA-E3","Security Alerts","m365-defender","Microsoft 365 Defender","T1134","Access Token Manipulation","Defense Evasion, Privilege Escalation","detect","significant","Microsoft Defender security alerts explain the suspicious activities detected by Defender for Identity sensors on your network, and the actors and computers involved in each threat. Alert evidence lists contain direct links to the involved users and computers, to help make your investigations easy and direct.

Defender security alerts are divided into the following categories or phases, like the phases seen in a typical cyber-attack kill chain. Learn more about each phase, the alerts designed to detect each attack, and how to use the alerts to help protect your network using the following links:

Reconnaissance and discovery alerts
Persistence and privilege escalation alerts
Credential access alerts
Lateral movement alerts
Other alerts


License: A Microsoft 365 security product license entitles customer use 
 of Microsoft Defender XDR.","https://learn.microsoft.com/en-us/defender-for-identity/credential-access-alerts"
"DEF-SECA-E3","Security Alerts","m365-defender","Microsoft 365 Defender","T1134","Access Token Manipulation","Defense Evasion, Privilege Escalation","detect","significant","Microsoft Defender security alerts explain the suspicious activities detected by Defender for Identity sensors on your network, and the actors and computers involved in each threat. Alert evidence lists contain direct links to the involved users and computers, to help make your investigations easy and direct.

Defender security alerts are divided into the following categories or phases, like the phases seen in a typical cyber-attack kill chain. Learn more about each phase, the alerts designed to detect each attack, and how to use the alerts to help protect your network using the following links:

Reconnaissance and discovery alerts
Persistence and privilege escalation alerts
Credential access alerts
Lateral movement alerts
Other alerts


License: A Microsoft 365 security product license entitles customer use 
 of Microsoft Defender XDR.","https://learn.microsoft.com/en-us/defender-for-identity/persistence-privilege-escalation-alerts"
"DEF-SECA-E3","Security Alerts","m365-defender","Microsoft 365 Defender","T1134.001","Token Impersonation/Theft","Defense Evasion, Privilege Escalation","detect","significant","Microsoft Defender security alerts explain the suspicious activities detected by Defender for Identity sensors on your network, and the actors and computers involved in each threat. Alert evidence lists contain direct links to the involved users and computers, to help make your investigations easy and direct.

Defender security alerts are divided into the following categories or phases, like the phases seen in a typical cyber-attack kill chain. Learn more about each phase, the alerts designed to detect each attack, and how to use the alerts to help protect your network using the following links:

Reconnaissance and discovery alerts
Persistence and privilege escalation alerts
Credential access alerts
Lateral movement alerts
Other alerts


License: A Microsoft 365 security product license entitles customer use 
 of Microsoft Defender XDR.","https://learn.microsoft.com/en-us/defender-for-identity/credential-access-alerts"
"DEF-SECA-E3","Security Alerts","m365-defender","Microsoft 365 Defender","T1134.001","Token Impersonation/Theft","Defense Evasion, Privilege Escalation","detect","significant","Microsoft Defender security alerts explain the suspicious activities detected by Defender for Identity sensors on your network, and the actors and computers involved in each threat. Alert evidence lists contain direct links to the involved users and computers, to help make your investigations easy and direct.

Defender security alerts are divided into the following categories or phases, like the phases seen in a typical cyber-attack kill chain. Learn more about each phase, the alerts designed to detect each attack, and how to use the alerts to help protect your network using the following links:

Reconnaissance and discovery alerts
Persistence and privilege escalation alerts
Credential access alerts
Lateral movement alerts
Other alerts


License: A Microsoft 365 security product license entitles customer use 
 of Microsoft Defender XDR.","https://learn.microsoft.com/en-us/defender-for-identity/persistence-privilege-escalation-alerts"
"DEF-SECA-E3","Security Alerts","m365-defender","Microsoft 365 Defender","T1134.005","SID-History Injection","Defense Evasion, Privilege Escalation","detect","significant","Microsoft Defender security alerts explain the suspicious activities detected by Defender for Identity sensors on your network, and the actors and computers involved in each threat. Alert evidence lists contain direct links to the involved users and computers, to help make your investigations easy and direct.

Defender security alerts are divided into the following categories or phases, like the phases seen in a typical cyber-attack kill chain. Learn more about each phase, the alerts designed to detect each attack, and how to use the alerts to help protect your network using the following links:

Reconnaissance and discovery alerts
Persistence and privilege escalation alerts
Credential access alerts
Lateral movement alerts
Other alerts


License: A Microsoft 365 security product license entitles customer use 
 of Microsoft Defender XDR.","https://learn.microsoft.com/en-us/defender-for-identity/persistence-privilege-escalation-alerts"
"DEF-SECA-E3","Security Alerts","m365-defender","Microsoft 365 Defender","T1187","Forced Authentication","Credential Access","detect","significant","Microsoft Defender security alerts explain the suspicious activities detected by Defender for Identity sensors on your network, and the actors and computers involved in each threat. Alert evidence lists contain direct links to the involved users and computers, to help make your investigations easy and direct.

Defender security alerts are divided into the following categories or phases, like the phases seen in a typical cyber-attack kill chain. Learn more about each phase, the alerts designed to detect each attack, and how to use the alerts to help protect your network using the following links:

Reconnaissance and discovery alerts
Persistence and privilege escalation alerts
Credential access alerts
Lateral movement alerts
Other alerts


License: A Microsoft 365 security product license entitles customer use 
 of Microsoft Defender XDR.","https://learn.microsoft.com/en-us/defender-for-identity/credential-access-alerts"
"DEF-SECA-E3","Security Alerts","m365-defender","Microsoft 365 Defender","T1202","Indirect Command Execution","Defense Evasion","detect","significant","Microsoft Defender security alerts explain the suspicious activities detected by Defender for Identity sensors on your network, and the actors and computers involved in each threat. Alert evidence lists contain direct links to the involved users and computers, to help make your investigations easy and direct.

Defender security alerts are divided into the following categories or phases, like the phases seen in a typical cyber-attack kill chain. Learn more about each phase, the alerts designed to detect each attack, and how to use the alerts to help protect your network using the following links:

Reconnaissance and discovery alerts
Persistence and privilege escalation alerts
Credential access alerts
Lateral movement alerts
Other alerts


License: A Microsoft 365 security product license entitles customer use 
 of Microsoft Defender XDR."," https://learn.microsoft.com/en-us/defender-for-identity/credential-access-alerts"
"DEF-SECA-E3","Security Alerts","m365-defender","Microsoft 365 Defender","T1210","Exploitation of Remote Services","Lateral Movement","detect","significant","Microsoft Defender security alerts explain the suspicious activities detected by Defender for Identity sensors on your network, and the actors and computers involved in each threat. Alert evidence lists contain direct links to the involved users and computers, to help make your investigations easy and direct.

Defender security alerts are divided into the following categories or phases, like the phases seen in a typical cyber-attack kill chain. Learn more about each phase, the alerts designed to detect each attack, and how to use the alerts to help protect your network using the following links:

Reconnaissance and discovery alerts
Persistence and privilege escalation alerts
Credential access alerts
Lateral movement alerts
Other alerts


License: A Microsoft 365 security product license entitles customer use 
 of Microsoft Defender XDR.","https://learn.microsoft.com/en-us/defender-for-identity/persistence-privilege-escalation-alerts"
"DEF-SECA-E3","Security Alerts","m365-defender","Microsoft 365 Defender","T1484","Domain or Tenant Policy Modification","Defense Evasion, Privilege Escalation","detect","significant","Microsoft Defender security alerts explain the suspicious activities detected by Defender for Identity sensors on your network, and the actors and computers involved in each threat. Alert evidence lists contain direct links to the involved users and computers, to help make your investigations easy and direct.

Defender security alerts are divided into the following categories or phases, like the phases seen in a typical cyber-attack kill chain. Learn more about each phase, the alerts designed to detect each attack, and how to use the alerts to help protect your network using the following links:

Reconnaissance and discovery alerts
Persistence and privilege escalation alerts
Credential access alerts
Lateral movement alerts
Other alerts


License: A Microsoft 365 security product license entitles customer use 
 of Microsoft Defender XDR.","https://learn.microsoft.com/en-us/defender-for-identity/persistence-privilege-escalation-alerts"
"DEF-SECA-E3","Security Alerts","m365-defender","Microsoft 365 Defender","T1484","Domain or Tenant Policy Modification","Defense Evasion, Privilege Escalation","detect","significant","Microsoft Defender security alerts explain the suspicious activities detected by Defender for Identity sensors on your network, and the actors and computers involved in each threat. Alert evidence lists contain direct links to the involved users and computers, to help make your investigations easy and direct.

Defender security alerts are divided into the following categories or phases, like the phases seen in a typical cyber-attack kill chain. Learn more about each phase, the alerts designed to detect each attack, and how to use the alerts to help protect your network using the following links:

Reconnaissance and discovery alerts
Persistence and privilege escalation alerts
Credential access alerts
Lateral movement alerts
Other alerts


License: A Microsoft 365 security product license entitles customer use 
 of Microsoft Defender XDR.","https://learn.microsoft.com/en-us/defender-for-identity/persistence-privilege-escalation-alerts"
"DEF-SECA-E3","Security Alerts","m365-defender","Microsoft 365 Defender","T1484.001","Group Policy Modification","Defense Evasion, Privilege Escalation","detect","significant","Microsoft Defender security alerts explain the suspicious activities detected by Defender for Identity sensors on your network, and the actors and computers involved in each threat. Alert evidence lists contain direct links to the involved users and computers, to help make your investigations easy and direct.

Defender security alerts are divided into the following categories or phases, like the phases seen in a typical cyber-attack kill chain. Learn more about each phase, the alerts designed to detect each attack, and how to use the alerts to help protect your network using the following links:

Reconnaissance and discovery alerts
Persistence and privilege escalation alerts
Credential access alerts
Lateral movement alerts
Other alerts


License: A Microsoft 365 security product license entitles customer use 
 of Microsoft Defender XDR.","https://learn.microsoft.com/en-us/defender-for-identity/persistence-privilege-escalation-alerts"
"DEF-SECA-E3","Security Alerts","m365-defender","Microsoft 365 Defender","T1550","Use Alternate Authentication Material","Defense Evasion, Lateral Movement","detect","significant","Microsoft Defender security alerts explain the suspicious activities detected by Defender for Identity sensors on your network, and the actors and computers involved in each threat. Alert evidence lists contain direct links to the involved users and computers, to help make your investigations easy and direct.

Defender security alerts are divided into the following categories or phases, like the phases seen in a typical cyber-attack kill chain. Learn more about each phase, the alerts designed to detect each attack, and how to use the alerts to help protect your network using the following links:

Reconnaissance and discovery alerts
Persistence and privilege escalation alerts
Credential access alerts
Lateral movement alerts
Other alerts


License: A Microsoft 365 security product license entitles customer use 
 of Microsoft Defender XDR.","https://learn.microsoft.com/en-us/defender-for-identity/credential-access-alerts"
"DEF-SECA-E3","Security Alerts","m365-defender","Microsoft 365 Defender","T1550.002","Pass the Hash","Defense Evasion, Lateral Movement","detect","significant","Microsoft Defender security alerts explain the suspicious activities detected by Defender for Identity sensors on your network, and the actors and computers involved in each threat. Alert evidence lists contain direct links to the involved users and computers, to help make your investigations easy and direct.

Defender security alerts are divided into the following categories or phases, like the phases seen in a typical cyber-attack kill chain. Learn more about each phase, the alerts designed to detect each attack, and how to use the alerts to help protect your network using the following links:

Reconnaissance and discovery alerts
Persistence and privilege escalation alerts
Credential access alerts
Lateral movement alerts
Other alerts


License: A Microsoft 365 security product license entitles customer use 
 of Microsoft Defender XDR.","https://learn.microsoft.com/en-us/defender-for-identity/credential-access-alerts"
"DEF-SECA-E3","Security Alerts","m365-defender","Microsoft 365 Defender","T1552.004","Private Keys","Credential Access","detect","significant","Microsoft Defender security alerts explain the suspicious activities detected by Defender for Identity sensors on your network, and the actors and computers involved in each threat. Alert evidence lists contain direct links to the involved users and computers, to help make your investigations easy and direct.

Defender security alerts are divided into the following categories or phases, like the phases seen in a typical cyber-attack kill chain. Learn more about each phase, the alerts designed to detect each attack, and how to use the alerts to help protect your network using the following links:

Reconnaissance and discovery alerts
Persistence and privilege escalation alerts
Credential access alerts
Lateral movement alerts
Other alerts


License: A Microsoft 365 security product license entitles customer use 
 of Microsoft Defender XDR.","https://learn.microsoft.com/en-us/defender-for-identity/credential-access-alerts"
"DEF-SECA-E3","Security Alerts","m365-defender","Microsoft 365 Defender","T1555","Credentials from Password Stores","Credential Access","detect","significant","Microsoft Defender security alerts explain the suspicious activities detected by Defender for Identity sensors on your network, and the actors and computers involved in each threat. Alert evidence lists contain direct links to the involved users and computers, to help make your investigations easy and direct.

Defender security alerts are divided into the following categories or phases, like the phases seen in a typical cyber-attack kill chain. Learn more about each phase, the alerts designed to detect each attack, and how to use the alerts to help protect your network using the following links:

Reconnaissance and discovery alerts
Persistence and privilege escalation alerts
Credential access alerts
Lateral movement alerts
Other alerts


License: A Microsoft 365 security product license entitles customer use 
 of Microsoft Defender XDR.","https://learn.microsoft.com/en-us/defender-for-identity/alerts-overview"
"DEF-SECA-E3","Security Alerts","m365-defender","Microsoft 365 Defender","T1556","Modify Authentication Process","Credential Access, Defense Evasion, Persistence","detect","significant","Microsoft Defender security alerts explain the suspicious activities detected by Defender for Identity sensors on your network, and the actors and computers involved in each threat. Alert evidence lists contain direct links to the involved users and computers, to help make your investigations easy and direct.

Defender security alerts are divided into the following categories or phases, like the phases seen in a typical cyber-attack kill chain. Learn more about each phase, the alerts designed to detect each attack, and how to use the alerts to help protect your network using the following links:

Reconnaissance and discovery alerts
Persistence and privilege escalation alerts
Credential access alerts
Lateral movement alerts
Other alerts


License: A Microsoft 365 security product license entitles customer use 
 of Microsoft Defender XDR.","https://learn.microsoft.com/en-us/defender-for-identity/persistence-privilege-escalation-alerts"
"DEF-SECA-E3","Security Alerts","m365-defender","Microsoft 365 Defender","T1556.001","Domain Controller Authentication","Credential Access, Defense Evasion, Persistence","detect","significant","Microsoft Defender security alerts explain the suspicious activities detected by Defender for Identity sensors on your network, and the actors and computers involved in each threat. Alert evidence lists contain direct links to the involved users and computers, to help make your investigations easy and direct.

Defender security alerts are divided into the following categories or phases, like the phases seen in a typical cyber-attack kill chain. Learn more about each phase, the alerts designed to detect each attack, and how to use the alerts to help protect your network using the following links:

Reconnaissance and discovery alerts
Persistence and privilege escalation alerts
Credential access alerts
Lateral movement alerts
Other alerts


License: A Microsoft 365 security product license entitles customer use 
 of Microsoft Defender XDR.","https://learn.microsoft.com/en-us/defender-for-identity/persistence-privilege-escalation-alerts"
"DEF-SECA-E3","Security Alerts","m365-defender","Microsoft 365 Defender","T1557","Adversary-in-the-Middle","Credential Access, Collection","detect","significant","Microsoft Defender security alerts explain the suspicious activities detected by Defender for Identity sensors on your network, and the actors and computers involved in each threat. Alert evidence lists contain direct links to the involved users and computers, to help make your investigations easy and direct.

Defender security alerts are divided into the following categories or phases, like the phases seen in a typical cyber-attack kill chain. Learn more about each phase, the alerts designed to detect each attack, and how to use the alerts to help protect your network using the following links:

Reconnaissance and discovery alerts
Persistence and privilege escalation alerts
Credential access alerts
Lateral movement alerts
Other alerts


License: A Microsoft 365 security product license entitles customer use 
 of Microsoft Defender XDR.","https://learn.microsoft.com/en-us/defender-for-identity/credential-access-alerts"
"DEF-SECA-E3","Security Alerts","m365-defender","Microsoft 365 Defender","T1557.001","LLMNR/NBT-NS Poisoning and SMB Relay","Credential Access, Collection","detect","significant","Microsoft Defender security alerts explain the suspicious activities detected by Defender for Identity sensors on your network, and the actors and computers involved in each threat. Alert evidence lists contain direct links to the involved users and computers, to help make your investigations easy and direct.

Defender security alerts are divided into the following categories or phases, like the phases seen in a typical cyber-attack kill chain. Learn more about each phase, the alerts designed to detect each attack, and how to use the alerts to help protect your network using the following links:

Reconnaissance and discovery alerts
Persistence and privilege escalation alerts
Credential access alerts
Lateral movement alerts
Other alerts


License: A Microsoft 365 security product license entitles customer use 
 of Microsoft Defender XDR.","https://learn.microsoft.com/en-us/defender-for-identity/credential-access-alerts"
"DEF-SECA-E3","Security Alerts","m365-defender","Microsoft 365 Defender","T1558","Steal or Forge Kerberos Tickets","Credential Access","detect","significant","Microsoft Defender security alerts explain the suspicious activities detected by Defender for Identity sensors on your network, and the actors and computers involved in each threat. Alert evidence lists contain direct links to the involved users and computers, to help make your investigations easy and direct.

Defender security alerts are divided into the following categories or phases, like the phases seen in a typical cyber-attack kill chain. Learn more about each phase, the alerts designed to detect each attack, and how to use the alerts to help protect your network using the following links:

Reconnaissance and discovery alerts
Persistence and privilege escalation alerts
Credential access alerts
Lateral movement alerts
Other alerts


License: A Microsoft 365 security product license entitles customer use 
 of Microsoft Defender XDR.","https://learn.microsoft.com/en-us/defender-for-identity/persistence-privilege-escalation-alerts"
"DEF-SECA-E3","Security Alerts","m365-defender","Microsoft 365 Defender","T1558.001","Golden Ticket","Credential Access","detect","significant","Microsoft Defender security alerts explain the suspicious activities detected by Defender for Identity sensors on your network, and the actors and computers involved in each threat. Alert evidence lists contain direct links to the involved users and computers, to help make your investigations easy and direct.

Defender security alerts are divided into the following categories or phases, like the phases seen in a typical cyber-attack kill chain. Learn more about each phase, the alerts designed to detect each attack, and how to use the alerts to help protect your network using the following links:

Reconnaissance and discovery alerts
Persistence and privilege escalation alerts
Credential access alerts
Lateral movement alerts
Other alerts


License: A Microsoft 365 security product license entitles customer use 
 of Microsoft Defender XDR.","https://learn.microsoft.com/en-us/defender-for-identity/credential-access-alerts"
"DEF-SECA-E3","Security Alerts","m365-defender","Microsoft 365 Defender","T1558.001","Golden Ticket","Credential Access","detect","significant","Microsoft Defender security alerts explain the suspicious activities detected by Defender for Identity sensors on your network, and the actors and computers involved in each threat. Alert evidence lists contain direct links to the involved users and computers, to help make your investigations easy and direct.

Defender security alerts are divided into the following categories or phases, like the phases seen in a typical cyber-attack kill chain. Learn more about each phase, the alerts designed to detect each attack, and how to use the alerts to help protect your network using the following links:

Reconnaissance and discovery alerts
Persistence and privilege escalation alerts
Credential access alerts
Lateral movement alerts
Other alerts


License: A Microsoft 365 security product license entitles customer use 
 of Microsoft Defender XDR.","https://learn.microsoft.com/en-us/defender-for-identity/persistence-privilege-escalation-alerts"
"DEF-SECA-E3","Security Alerts","m365-defender","Microsoft 365 Defender","T1558.003","Kerberoasting","Credential Access","detect","significant","Microsoft Defender security alerts explain the suspicious activities detected by Defender for Identity sensors on your network, and the actors and computers involved in each threat. Alert evidence lists contain direct links to the involved users and computers, to help make your investigations easy and direct.

Defender security alerts are divided into the following categories or phases, like the phases seen in a typical cyber-attack kill chain. Learn more about each phase, the alerts designed to detect each attack, and how to use the alerts to help protect your network using the following links:

Reconnaissance and discovery alerts
Persistence and privilege escalation alerts
Credential access alerts
Lateral movement alerts
Other alerts


License: A Microsoft 365 security product license entitles customer use 
 of Microsoft Defender XDR.","https://learn.microsoft.com/en-us/defender-for-identity/credential-access-alerts"
"DEF-SECA-E3","Security Alerts","m365-defender","Microsoft 365 Defender","T1558.004","AS-REP Roasting","Credential Access","detect","significant","Microsoft Defender security alerts explain the suspicious activities detected by Defender for Identity sensors on your network, and the actors and computers involved in each threat. Alert evidence lists contain direct links to the involved users and computers, to help make your investigations easy and direct.

Defender security alerts are divided into the following categories or phases, like the phases seen in a typical cyber-attack kill chain. Learn more about each phase, the alerts designed to detect each attack, and how to use the alerts to help protect your network using the following links:

Reconnaissance and discovery alerts
Persistence and privilege escalation alerts
Credential access alerts
Lateral movement alerts
Other alerts


License: A Microsoft 365 security product license entitles customer use 
 of Microsoft Defender XDR.","https://learn.microsoft.com/en-us/defender-for-identity/credential-access-alerts"
"DEF-SECA-E3","Security Alerts","m365-defender","Microsoft 365 Defender","T1606","Forge Web Credentials","Credential Access","detect","significant","Microsoft Defender security alerts explain the suspicious activities detected by Defender for Identity sensors on your network, and the actors and computers involved in each threat. Alert evidence lists contain direct links to the involved users and computers, to help make your investigations easy and direct.

Defender security alerts are divided into the following categories or phases, like the phases seen in a typical cyber-attack kill chain. Learn more about each phase, the alerts designed to detect each attack, and how to use the alerts to help protect your network using the following links:

Reconnaissance and discovery alerts
Persistence and privilege escalation alerts
Credential access alerts
Lateral movement alerts
Other alerts


License: A Microsoft 365 security product license entitles customer use 
 of Microsoft Defender XDR.","https://learn.microsoft.com/en-us/defender-for-identity/credential-access-alerts"
"DEF-CAPP-E5","Defender for Cloud Apps","m365-defender","Microsoft 365 Defender","T1016.001","Internet Connection Discovery","Discovery","detect","minimal","Microsoft Defender's ability to detect entities scanning the network configuration also covers the scanning of internet connections, providing a detection mechanism against this technique.","https://learn.microsoft.com/en-us/defender-cloud-apps/policies-cloud-discovery"
"DEF-CAPP-E5","Defender for Cloud Apps","m365-defender","Microsoft 365 Defender","T1016.002","Wi-Fi Discovery","Discovery","detect","partial","Microsoft Defender's ability to detect entities scanning the network configuration also covers the scanning of internet connections, providing a detection mechanism against this technique.","https://learn.microsoft.com/en-us/defender-cloud-apps/policies-cloud-discovery"
"DEF-CAPP-E5","Defender for Cloud Apps","m365-defender","Microsoft 365 Defender","T1021.007","Cloud Services","Lateral Movement","protect","significant","Defender for Cloud leverages anomaly detection policies and Audit logging to mitigate Cloud Services based attacks.","https://learn.microsoft.com/en-us/defender-cloud-apps/anomaly-detection-policy;  https://learn.microsoft.com/en-us/defender-cloud-apps/anomaly-detection-policy"
"DEF-CAPP-E5","Defender for Cloud Apps","m365-defender","Microsoft 365 Defender","T1027.006","HTML Smuggling","Defense Evasion","detect","significant","File policies in Microsoft Defender for Cloud perform content inspection which can provide continuous scans for detect and remediate any violations. ","https://learn.microsoft.com/en-us/defender-cloud-apps/data-protection-policies"
"DEF-CAPP-E5","Defender for Cloud Apps","m365-defender","Microsoft 365 Defender","T1027.007","Dynamic API Resolution","Defense Evasion","protect","partial","This control can protect against abuse of dynamic API resolution.","https://learn.microsoft.com/en-us/azure/defender-for-cloud/defender-for-apis-deploy;  https://learn.microsoft.com/en-us/azure/defender-for-cloud/defender-for-apis-introduction"
"DEF-CAPP-E5","Defender for Cloud Apps","m365-defender","Microsoft 365 Defender","T1027.008","Stripped Payloads","Defense Evasion","detect","significant","Defender utilizes File Policies which allows file sandboxing and filtering based on file metadata. ","https://learn.microsoft.com/en-us/defender-cloud-apps/anomaly-detection-policy;  https://learn.microsoft.com/en-us/defender-cloud-apps/data-protection-policies"
"DEF-CAPP-E5","Defender for Cloud Apps","m365-defender","Microsoft 365 Defender","T1027.009","Embedded Payloads","Defense Evasion","detect","significant","This control can detect embedded payloads through DLP content inspection","https://learn.microsoft.com/en-us/defender-cloud-apps/content-inspection"
"DEF-CAPP-E5","Defender for Cloud Apps","m365-defender","Microsoft 365 Defender","T1027.010","Command Obfuscation","Defense Evasion","detect","partial","This control can detect command obsfucation attacks through anomaly detection policies","https://learn.microsoft.com/en-us/defender-cloud-apps/anomaly-detection-policy"
"DEF-CAPP-E5","Defender for Cloud Apps","m365-defender","Microsoft 365 Defender","T1071","Application Layer Protocol","Command and Control","detect","minimal","This control can identify some evidence of potential C2 via a specific application layer protocol (mail). Relevant alerts include  ""Suspicious inbox forwarding"" and ""Suspicious inbox manipulation rule"".","https://learn.microsoft.com/en-us/defender-cloud-apps/policies-cloud-discovery; https://learn.microsoft.com/en-us/defender-cloud-apps/policies-information-protection; https://learn.microsoft.com/en-us/defender-cloud-apps/investigate-anomaly-alerts"
"DEF-CAPP-E5","Defender for Cloud Apps","m365-defender","Microsoft 365 Defender","T1071.003","Mail Protocols","Command and Control","detect","partial","This control can identify some evidence of potential C2 via a specific application layer protocol (mail). Relevant alerts include ""Suspicious inbox forwarding"" and ""Suspicious inbox manipulation rule"".",""
"DEF-CAPP-E5","Defender for Cloud Apps","m365-defender","Microsoft 365 Defender","T1071.005","Publish/Subscribe Protocols","Command and Control","detect","minimal","This control can identify some evidence of potential C2 via a specific application layer protocol (mail). Relevant alerts include  ""Suspicious inbox forwarding"" and ""Suspicious inbox manipulation rule"".","https://learn.microsoft.com/en-us/defender-cloud-apps/policies-cloud-discovery; https://learn.microsoft.com/en-us/defender-cloud-apps/policies-information-protection; https://learn.microsoft.com/en-us/defender-cloud-apps/investigate-anomaly-alerts"
"DEF-CAPP-E5","Defender for Cloud Apps","m365-defender","Microsoft 365 Defender","T1078","Valid Accounts","Defense Evasion, Persistence, Privilege Escalation, Initial Access","detect","partial","This control can identify anomalous behavior such as geographically impossible logins and out-of-character activity. 
Relevant alerts include ""Activity from anonymous IP address"" , ""Activity from infrequent country"", ""Activity from suspicious IP address"", ""Impossible Travel"", and ""Activity performed by terminated user"".","https://learn.microsoft.com/en-us/defender-cloud-apps/policies-cloud-discovery; https://learn.microsoft.com/en-us/defender-cloud-apps/policies-information-protection; https://learn.microsoft.com/en-us/defender-cloud-apps/investigate-anomaly-alerts"
"DEF-CAPP-E5","Defender for Cloud Apps","m365-defender","Microsoft 365 Defender","T1078.001","Default Accounts","Defense Evasion, Persistence, Privilege Escalation, Initial Access","detect","partial","This control can identify anomalous behavior such as geographically impossible logins and out-of-character activity. 
Relevant alerts include ""Activity from anonymous IP address"" , ""Activity from infrequent country"", ""Activity from suspicious IP address"", ""Impossible Travel"", and ""Activity performed by terminated user"".",""
"DEF-CAPP-E5","Defender for Cloud Apps","m365-defender","Microsoft 365 Defender","T1078.002","Domain Accounts","Defense Evasion, Persistence, Privilege Escalation, Initial Access","detect","partial","This control can identify anomalous behavior such as geographically impossible logins and out-of-character activity. 
Relevant alerts include ""Activity from anonymous IP address"" , ""Activity from infrequent country"", ""Activity from suspicious IP address"", ""Impossible Travel"", and ""Activity performed by terminated user"".",""
"DEF-CAPP-E5","Defender for Cloud Apps","m365-defender","Microsoft 365 Defender","T1078.004","Cloud Accounts","Defense Evasion, Persistence, Privilege Escalation, Initial Access","detect","partial","This control can identify anomalous behavior such as geographically impossible logins and out-of-character activity. 
Relevant alerts include ""Activity from anonymous IP address"" , ""Activity from infrequent country"", ""Activity from suspicious IP address"", ""Impossible Travel"", and ""Activity performed by terminated user"".",""
"DEF-CAPP-E5","Defender for Cloud Apps","m365-defender","Microsoft 365 Defender","T1098","Account Manipulation","Persistence, Privilege Escalation","detect","minimal","This control can detect anomalous admin activity that may be indicative of account manipulation. Relevant alerts include ""Unusual administrative activity (by user)"" and ""Unusual addition of credentials to an OAuth app"".","https://learn.microsoft.com/en-us/defender-cloud-apps/policies-cloud-discovery; https://learn.microsoft.com/en-us/defender-cloud-apps/policies-information-protection; https://learn.microsoft.com/en-us/defender-cloud-apps/investigate-anomaly-alerts"
"DEF-CAPP-E5","Defender for Cloud Apps","m365-defender","Microsoft 365 Defender","T1098.001","Additional Cloud Credentials","Persistence, Privilege Escalation","detect","minimal","This control can detect anomalous admin activity that may be indicative of account manipulation. Relevant alerts include ""Unusual administrative activity (by user)"" and ""Unusual addition of credentials to an OAuth app"".",""
"DEF-CAPP-E5","Defender for Cloud Apps","m365-defender","Microsoft 365 Defender","T1098.002","Additional Email Delegate Permissions","Persistence, Privilege Escalation","detect","minimal","This control can detect anomalous admin activity that may be indicative of account manipulation. Relevant alerts include ""Unusual administrative activity (by user)"" and ""Unusual addition of credentials to an OAuth app"".",""
"DEF-CAPP-E5","Defender for Cloud Apps","m365-defender","Microsoft 365 Defender","T1098.003","Additional Cloud Roles","Persistence, Privilege Escalation","detect","minimal","This control can detect anomalous admin activity that may be indicative of account manipulation. Relevant alerts include ""Unusual administrative activity (by user)"" and ""Unusual addition of credentials to an OAuth app"".",""
"DEF-CAPP-E5","Defender for Cloud Apps","m365-defender","Microsoft 365 Defender","T1110","Brute Force","Credential Access","detect","partial","This control can detect some activity indicative of brute force attempts to login. Relevant alert is ""Multiple failed login attempts"".","https://learn.microsoft.com/en-us/defender-cloud-apps/policies-cloud-discovery; https://learn.microsoft.com/en-us/defender-cloud-apps/policies-information-protection; https://learn.microsoft.com/en-us/defender-cloud-apps/investigate-anomaly-alerts"
"DEF-CAPP-E5","Defender for Cloud Apps","m365-defender","Microsoft 365 Defender","T1110.001","Password Guessing","Credential Access","detect","partial","This control can detect some activity indicative of brute force attempts to login. Relevant alert is ""Multiple failed login attempts"".",""
"DEF-CAPP-E5","Defender for Cloud Apps","m365-defender","Microsoft 365 Defender","T1110.003","Password Spraying","Credential Access","detect","partial","This control can detect some activity indicative of brute force attempts to login. Relevant alert is ""Multiple failed login attempts"".",""
"DEF-CAPP-E5","Defender for Cloud Apps","m365-defender","Microsoft 365 Defender","T1110.004","Credential Stuffing","Credential Access","detect","partial","This control can detect some activity indicative of brute force attempts to login. Relevant alert is ""Multiple failed login attempts"".",""
"DEF-CAPP-E5","Defender for Cloud Apps","m365-defender","Microsoft 365 Defender","T1119","Automated Collection","Collection","protect","partial","This control's Information protection policies can detect and encrypt sensitive information at rest on supported platforms, which can inhibit automated data collection activities.","https://learn.microsoft.com/en-us/defender-cloud-apps/policies-cloud-discovery; https://learn.microsoft.com/en-us/defender-cloud-apps/policies-information-protection; https://learn.microsoft.com/en-us/defender-cloud-apps/investigate-anomaly-alerts"
"DEF-CAPP-E5","Defender for Cloud Apps","m365-defender","Microsoft 365 Defender","T1119","Automated Collection","Collection","detect","partial","This control can detect sensitive information at rest, which may be indicative of data collection activities.","https://learn.microsoft.com/en-us/defender-cloud-apps/policies-cloud-discovery; https://learn.microsoft.com/en-us/defender-cloud-apps/policies-information-protection; https://learn.microsoft.com/en-us/defender-cloud-apps/investigate-anomaly-alerts"
"DEF-CAPP-E5","Defender for Cloud Apps","m365-defender","Microsoft 365 Defender","T1133","External Remote Services","Persistence, Initial Access","protect","partial","This control's polices for access control can limit abuse of external facing remote services.","https://learn.microsoft.com/en-us/defender-cloud-apps/policies-cloud-discovery; https://learn.microsoft.com/en-us/defender-cloud-apps/policies-information-protection; https://learn.microsoft.com/en-us/defender-cloud-apps/investigate-anomaly-alerts"
"DEF-CAPP-E5","Defender for Cloud Apps","m365-defender","Microsoft 365 Defender","T1133","External Remote Services","Persistence, Initial Access","detect","partial","This control can provide logging of activity associated with potential exploitation of remote services such as anomalous geographic access.","https://learn.microsoft.com/en-us/defender-cloud-apps/policies-cloud-discovery; https://learn.microsoft.com/en-us/defender-cloud-apps/policies-information-protection; https://learn.microsoft.com/en-us/defender-cloud-apps/investigate-anomaly-alerts"
"DEF-CAPP-E5","Defender for Cloud Apps","m365-defender","Microsoft 365 Defender","T1213.004","Customer Relationship Management Software","Collection","detect","partial","This control may detect anomalous user behavior wrt information repositories such as Sharepoint or Confluence.",""
"DEF-CAPP-E5","Defender for Cloud Apps","m365-defender","Microsoft 365 Defender","T1649","Steal or Forge Authentication Certificates","Credential Access","protect","partial","This control can protect authentication certificates by??allowing you to create access and session policies that leverage device tags and valid client certificates","https://techcommunity.microsoft.com/blog/microsoftthreatprotectionblog/hunt-for-compromised-azure-subscriptions-using-microsoft-defender-for-cloud-apps/3607121;  https://www.microsoft.com/en-us/security/blog/2023/07/25/cryptojacking-understanding-and-defending-against-cloud-compute-resource-abuse/"
"DEF-CAPP-E5","Defender for Cloud Apps","m365-defender","Microsoft 365 Defender","T1187","Forced Authentication","Credential Access","protect","significant","This control can provide significant protection against forced authentication methods by restricting actions associated with multiple file access methods such as SMB.","https://learn.microsoft.com/en-us/defender-cloud-apps/policies-cloud-discovery; https://learn.microsoft.com/en-us/defender-cloud-apps/policies-information-protection; https://learn.microsoft.com/en-us/defender-cloud-apps/investigate-anomaly-alerts"
"DEF-CAPP-E5","Defender for Cloud Apps","m365-defender","Microsoft 365 Defender","T1187","Forced Authentication","Credential Access","detect","significant","This control can alert on anomalous sharing attempts of confidential data.","https://learn.microsoft.com/en-us/defender-cloud-apps/policies-cloud-discovery; https://learn.microsoft.com/en-us/defender-cloud-apps/policies-information-protection; https://learn.microsoft.com/en-us/defender-cloud-apps/investigate-anomaly-alerts"
"DEF-CAPP-E5","Defender for Cloud Apps","m365-defender","Microsoft 365 Defender","T1189","Drive-by Compromise","Initial Access","detect","partial","This control can detect outdated client browser software, which is a common target of exploitation in drive-by compromises.","https://learn.microsoft.com/en-us/defender-cloud-apps/policies-cloud-discovery; https://learn.microsoft.com/en-us/defender-cloud-apps/policies-information-protection; https://learn.microsoft.com/en-us/defender-cloud-apps/investigate-anomaly-alerts"
"DEF-CAPP-E5","Defender for Cloud Apps","m365-defender","Microsoft 365 Defender","T1213","Data from Information Repositories","Collection","protect","minimal","This control can provide fine-grained access control to information sharing repositories such as Sharepoint or Confluence. Due to this capability being limited to these services, it has been scored as Partial coverage resulting in a Partial score.","https://learn.microsoft.com/en-us/defender-cloud-apps/policies-cloud-discovery; https://learn.microsoft.com/en-us/defender-cloud-apps/policies-information-protection; https://learn.microsoft.com/en-us/defender-cloud-apps/investigate-anomaly-alerts"
"DEF-CAPP-E5","Defender for Cloud Apps","m365-defender","Microsoft 365 Defender","T1213","Data from Information Repositories","Collection","detect","minimal","This control may detect anomalous user behavior wrt information repositories such as Sharepoint or Confluence.  Due to this capability being limited to these services, it has been scored as Partial coverage resulting in a Partial score.","https://learn.microsoft.com/en-us/defender-cloud-apps/policies-cloud-discovery; https://learn.microsoft.com/en-us/defender-cloud-apps/policies-information-protection; https://learn.microsoft.com/en-us/defender-cloud-apps/investigate-anomaly-alerts"
"DEF-CAPP-E5","Defender for Cloud Apps","m365-defender","Microsoft 365 Defender","T1213.001","Confluence","Collection","protect","partial","This control may detect anomalous user behavior wrt information repositories such as Sharepoint or Confluence.",""
"DEF-CAPP-E5","Defender for Cloud Apps","m365-defender","Microsoft 365 Defender","T1213.001","Confluence","Collection","detect","partial","This control may detect anomalous user behavior wrt information repositories such as Sharepoint or Confluence.",""
"DEF-CAPP-E5","Defender for Cloud Apps","m365-defender","Microsoft 365 Defender","T1213.002","Sharepoint","Collection","protect","partial","This control may detect anomalous user behavior wrt information repositories such as Sharepoint or Confluence.",""
"DEF-CAPP-E5","Defender for Cloud Apps","m365-defender","Microsoft 365 Defender","T1213.002","Sharepoint","Collection","detect","partial","This control may detect anomalous user behavior wrt information repositories such as Sharepoint or Confluence.",""
"DEF-CAPP-E5","Defender for Cloud Apps","m365-defender","Microsoft 365 Defender","T1219","Remote Access Software","Command and Control","protect","significant","This control can limit potential C2 via unapproved remote access software.","https://learn.microsoft.com/en-us/defender-cloud-apps/policies-cloud-discovery; https://learn.microsoft.com/en-us/defender-cloud-apps/policies-information-protection; https://learn.microsoft.com/en-us/defender-cloud-apps/investigate-anomaly-alerts"
"DEF-CAPP-E5","Defender for Cloud Apps","m365-defender","Microsoft 365 Defender","T1219","Remote Access Software","Command and Control","detect","partial","This control can identify potential malicious activity associated with the use or attempted use of unapproved remote access software.","https://learn.microsoft.com/en-us/defender-cloud-apps/policies-cloud-discovery; https://learn.microsoft.com/en-us/defender-cloud-apps/policies-information-protection; https://learn.microsoft.com/en-us/defender-cloud-apps/investigate-anomaly-alerts"
"DEF-CAPP-E5","Defender for Cloud Apps","m365-defender","Microsoft 365 Defender","T1484","Domain or Tenant Policy Modification","Defense Evasion, Privilege Escalation","detect","minimal","This control can detect admin activity from risky IP addresses.","https://learn.microsoft.com/en-us/defender-cloud-apps/policies-cloud-discovery; https://learn.microsoft.com/en-us/defender-cloud-apps/policies-information-protection; https://learn.microsoft.com/en-us/defender-cloud-apps/investigate-anomaly-alerts"
"DEF-CAPP-E5","Defender for Cloud Apps","m365-defender","Microsoft 365 Defender","T1484.001","Group Policy Modification","Defense Evasion, Privilege Escalation","detect","minimal","This control can detect admin activity from risky IP addresses.",""
"DEF-CAPP-E5","Defender for Cloud Apps","m365-defender","Microsoft 365 Defender","T1484.002","Trust Modification","Defense Evasion, Privilege Escalation","detect","minimal","This control can detect admin activity from risky IP addresses.",""
"DEF-CAPP-E5","Defender for Cloud Apps","m365-defender","Microsoft 365 Defender","T1485","Data Destruction","Impact","detect","partial","This control can identify deletion activity which could be potential malicious data destruction. Relevant Alerts include ""Multiple storage deletion activities"", ""Multiple VM deletion activity"", ""Unusual file deletion activity (by user), ""Suspicous email deletion activiy"", and ""Ransomware activity"".
","https://learn.microsoft.com/en-us/defender-cloud-apps/policies-cloud-discovery; https://learn.microsoft.com/en-us/defender-cloud-apps/policies-information-protection; https://learn.microsoft.com/en-us/defender-cloud-apps/investigate-anomaly-alerts"
"DEF-CAPP-E5","Defender for Cloud Apps","m365-defender","Microsoft 365 Defender","T1486","Data Encrypted for Impact","Impact","detect","partial","This control can detect a range of ransomware-related activities including encryption. Relevant alert include ""Ransomware activities"" and ""Unusual file deletion activity (by user)"".","https://learn.microsoft.com/en-us/defender-cloud-apps/policies-cloud-discovery; https://learn.microsoft.com/en-us/defender-cloud-apps/policies-information-protection; https://learn.microsoft.com/en-us/defender-cloud-apps/investigate-anomaly-alerts"
"DEF-CAPP-E5","Defender for Cloud Apps","m365-defender","Microsoft 365 Defender","T1496","Resource Hijacking","Impact","detect","partial","This control can identify some behaviors that are potential instances of resource hijacking. Relevant alerts include ""Multiple VM Creation activities"" and ""Suspicious creation activity for cloud region"".","https://learn.microsoft.com/en-us/defender-cloud-apps/policies-cloud-discovery; https://learn.microsoft.com/en-us/defender-cloud-apps/policies-information-protection; https://learn.microsoft.com/en-us/defender-cloud-apps/investigate-anomaly-alerts"
"DEF-CAPP-E5","Defender for Cloud Apps","m365-defender","Microsoft 365 Defender","T1496.001","Compute Hijacking","Impact","detect","partial","This control can identify some behaviors that are potential instances of compute hijacking. Relevant alerts include ""Multiple VM Creation activities"" and ""Suspicious creation activity for cloud region"".","https://learn.microsoft.com/en-us/defender-cloud-apps/policies-cloud-discovery; https://learn.microsoft.com/en-us/defender-cloud-apps/policies-information-protection; https://learn.microsoft.com/en-us/defender-cloud-apps/investigate-anomaly-alerts"
"DEF-CAPP-E5","Defender for Cloud Apps","m365-defender","Microsoft 365 Defender","T1496.002","Bandwidth Hijacking","Impact","detect","partial","This control can identify some behaviors that are potential instances of compute hijacking. Relevant alerts include ""Multiple VM Creation activities"" and ""Suspicious creation activity for cloud region"".","https://learn.microsoft.com/en-us/defender-cloud-apps/policies-cloud-discovery; https://learn.microsoft.com/en-us/defender-cloud-apps/policies-information-protection; https://learn.microsoft.com/en-us/defender-cloud-apps/investigate-anomaly-alerts"
"DEF-CAPP-E5","Defender for Cloud Apps","m365-defender","Microsoft 365 Defender","T1496.003","SMS Pumping","Impact","detect","partial","This control can identify some behaviors that are potential instances of compute hijacking. Relevant alerts include ""Multiple VM Creation activities"" and ""Suspicious creation activity for cloud region"".","https://learn.microsoft.com/en-us/defender-cloud-apps/policies-cloud-discovery; https://learn.microsoft.com/en-us/defender-cloud-apps/policies-information-protection; https://learn.microsoft.com/en-us/defender-cloud-apps/investigate-anomaly-alerts"
"DEF-CAPP-E5","Defender for Cloud Apps","m365-defender","Microsoft 365 Defender","T1496.004","Cloud Service Hijacking","Impact","detect","partial","This control can identify some behaviors that are potential instances of resource hijacking. Relevant alerts include ""Multiple VM Creation activities"" and ""Suspicious creation activity for cloud region"".",""
"DEF-CAPP-E5","Defender for Cloud Apps","m365-defender","Microsoft 365 Defender","T1526","Cloud Service Discovery","Discovery","detect","partial","This control can detect anomalous user activity that may be associated with cloud service discovery. Relevant alert is ""Unusual file share activty (by user)"".","https://learn.microsoft.com/en-us/defender-cloud-apps/policies-cloud-discovery; https://learn.microsoft.com/en-us/defender-cloud-apps/policies-information-protection; https://learn.microsoft.com/en-us/defender-cloud-apps/investigate-anomaly-alerts"
"DEF-CAPP-E5","Defender for Cloud Apps","m365-defender","Microsoft 365 Defender","T1528","Steal Application Access Token","Credential Access","protect","partial","This control can restrict user app permissions which can limit the potential for theft of application access tokens.","https://learn.microsoft.com/en-us/defender-cloud-apps/policies-cloud-discovery; https://learn.microsoft.com/en-us/defender-cloud-apps/policies-information-protection; https://learn.microsoft.com/en-us/defender-cloud-apps/investigate-anomaly-alerts"
"DEF-CAPP-E5","Defender for Cloud Apps","m365-defender","Microsoft 365 Defender","T1528","Steal Application Access Token","Credential Access","detect","partial","This control can detect potentially risky apps. Relevant alerts include ""Misleading publisher name for an Oauth app"" and ""Misleading OAuth app name"". ","https://learn.microsoft.com/en-us/defender-cloud-apps/policies-cloud-discovery; https://learn.microsoft.com/en-us/defender-cloud-apps/policies-information-protection; https://learn.microsoft.com/en-us/defender-cloud-apps/investigate-anomaly-alerts"
"DEF-CAPP-E5","Defender for Cloud Apps","m365-defender","Microsoft 365 Defender","T1530","Data from Cloud Storage","Collection","detect","partial","This control can detect use of unsanctioned business apps and data exfil to unsanctioned storage apps.","https://learn.microsoft.com/en-us/defender-cloud-apps/policies-cloud-discovery; https://learn.microsoft.com/en-us/defender-cloud-apps/policies-information-protection; https://learn.microsoft.com/en-us/defender-cloud-apps/investigate-anomaly-alerts"
"DEF-CAPP-E5","Defender for Cloud Apps","m365-defender","Microsoft 365 Defender","T1531","Account Access Removal","Impact","detect","minimal","This control can identify anomalous admin activity.","https://learn.microsoft.com/en-us/defender-cloud-apps/policies-cloud-discovery; https://learn.microsoft.com/en-us/defender-cloud-apps/policies-information-protection; https://learn.microsoft.com/en-us/defender-cloud-apps/investigate-anomaly-alerts"
"DEF-CAPP-E5","Defender for Cloud Apps","m365-defender","Microsoft 365 Defender","T1534","Internal Spearphishing","Lateral Movement","detect","minimal","This control can identify anomalous user impersonation activity, which can be an element of internal spearphishing. Relevant alert is ""Unusual impersonated activity (by user)"".","https://learn.microsoft.com/en-us/defender-cloud-apps/policies-cloud-discovery; https://learn.microsoft.com/en-us/defender-cloud-apps/policies-information-protection; https://learn.microsoft.com/en-us/defender-cloud-apps/investigate-anomaly-alerts"
"DEF-CAPP-E5","Defender for Cloud Apps","m365-defender","Microsoft 365 Defender","T1535","Unused/Unsupported Cloud Regions","Defense Evasion","detect","partial","This control can detect unusual region and activity for cloud resources (preview feature as of this writing).  Relevant alert is ""Suspicious creation activity for cloud region"".","https://learn.microsoft.com/en-us/defender-cloud-apps/policies-cloud-discovery; https://learn.microsoft.com/en-us/defender-cloud-apps/policies-information-protection; https://learn.microsoft.com/en-us/defender-cloud-apps/investigate-anomaly-alerts"
"DEF-CAPP-E5","Defender for Cloud Apps","m365-defender","Microsoft 365 Defender","T1558.005","Ccache Files","Credential Access","protect","partial","Defender for Cloud Apps provides endpoint detection and response (EDR) capabilities. This can potentially block attempts to steal ccache files.",""
"DEF-CAPP-E5","Defender for Cloud Apps","m365-defender","Microsoft 365 Defender","T1565","Data Manipulation","Impact","protect","partial","This control can detect and encrypt sensitive information at rest on supported platforms and restrict access.","https://learn.microsoft.com/en-us/defender-cloud-apps/policies-cloud-discovery; https://learn.microsoft.com/en-us/defender-cloud-apps/policies-information-protection; https://learn.microsoft.com/en-us/defender-cloud-apps/investigate-anomaly-alerts"
"DEF-CAPP-E5","Defender for Cloud Apps","m365-defender","Microsoft 365 Defender","T1565.001","Stored Data Manipulation","Impact","protect","partial","This control can detect and encrypt sensitive information at rest on supported platforms.",""
"DEF-CAPP-E5","Defender for Cloud Apps","m365-defender","Microsoft 365 Defender","T1567","Exfiltration Over Web Service","Exfiltration","protect","partial","This control can limit user methods to send data over web services.","https://learn.microsoft.com/en-us/defender-cloud-apps/policies-cloud-discovery; https://learn.microsoft.com/en-us/defender-cloud-apps/policies-information-protection; https://learn.microsoft.com/en-us/defender-cloud-apps/investigate-anomaly-alerts"
"DEF-CAPP-E5","Defender for Cloud Apps","m365-defender","Microsoft 365 Defender","T1567","Exfiltration Over Web Service","Exfiltration","detect","partial","This control can identify large volume potential exfiltration activity, and log user activity potentially related to exfiltration via web services. A relevant alert is ""Unusual file download (by user)"".","https://learn.microsoft.com/en-us/defender-cloud-apps/policies-cloud-discovery; https://learn.microsoft.com/en-us/defender-cloud-apps/policies-information-protection; https://learn.microsoft.com/en-us/defender-cloud-apps/investigate-anomaly-alerts"
"DEF-CAPP-E5","Defender for Cloud Apps","m365-defender","Microsoft 365 Defender","T1567.001","Exfiltration to Code Repository","Exfiltration","protect","partial","This control can identify large volume potential exfiltration activity.",""
"DEF-CAPP-E5","Defender for Cloud Apps","m365-defender","Microsoft 365 Defender","T1567.001","Exfiltration to Code Repository","Exfiltration","detect","partial","This control can identify large volume potential exfiltration activity, and log user activity potentially related to exfiltration via web services. A relevant alert is ""Unusual file download (by user)"".",""
"DEF-CAPP-E5","Defender for Cloud Apps","m365-defender","Microsoft 365 Defender","T1567.002","Exfiltration to Cloud Storage","Exfiltration","protect","partial","This control can identify large volume potential exfiltration activity.",""
"DEF-CAPP-E5","Defender for Cloud Apps","m365-defender","Microsoft 365 Defender","T1567.002","Exfiltration to Cloud Storage","Exfiltration","detect","partial","This control can identify large volume potential exfiltration activity, and log user activity potentially related to exfiltration via web services. A relevant alert is ""Unusual file download (by user)"".",""
"DEF-CAPP-E5","Defender for Cloud Apps","m365-defender","Microsoft 365 Defender","T1574.013","KernelCallbackTable","Persistence, Privilege Escalation, Defense Evasion","detect","partial","This control offers behavior prevention capabilities for cloud environments that can be configured to block some types of behaviors related to process injection/memory tampering.","https://learn.microsoft.com/en-us/defender-cloud-apps/policies-cloud-discovery; https://learn.microsoft.com/en-us/defender-cloud-apps/policies-information-protection; https://learn.microsoft.com/en-us/defender-cloud-apps/investigate-anomaly-alerts"
"DEF-CAPP-E5","Defender for Cloud Apps","m365-defender","Microsoft 365 Defender","T1578","Modify Cloud Compute Infrastructure","Defense Evasion","detect","minimal","This control can identify anomalous admin activity.
Relevant alerts include ""Multiple storage deletion activities"", ""Multiple VM creation activities"", and ""Suspicious creation activity for cloud region"". ","https://learn.microsoft.com/en-us/defender-cloud-apps/policies-cloud-discovery; https://learn.microsoft.com/en-us/defender-cloud-apps/policies-information-protection; https://learn.microsoft.com/en-us/defender-cloud-apps/investigate-anomaly-alerts"
"DEF-CAPP-E5","Defender for Cloud Apps","m365-defender","Microsoft 365 Defender","T1578.001","Create Snapshot","Defense Evasion","detect","minimal","This control can identify anomalous admin activity.","https://learn.microsoft.com/en-us/defender-cloud-apps/policies-cloud-discovery; https://learn.microsoft.com/en-us/defender-cloud-apps/policies-information-protection; https://learn.microsoft.com/en-us/defender-cloud-apps/investigate-anomaly-alerts"
"DEF-CAPP-E5","Defender for Cloud Apps","m365-defender","Microsoft 365 Defender","T1578.002","Create Cloud Instance","Defense Evasion","detect","minimal","This control can identify anomalous admin activity.","https://learn.microsoft.com/en-us/defender-cloud-apps/policies-cloud-discovery; https://learn.microsoft.com/en-us/defender-cloud-apps/policies-information-protection; https://learn.microsoft.com/en-us/defender-cloud-apps/investigate-anomaly-alerts"
"DEF-CAPP-E5","Defender for Cloud Apps","m365-defender","Microsoft 365 Defender","T1578.003","Delete Cloud Instance","Defense Evasion","detect","minimal","This control can identify anomalous admin activity.","https://learn.microsoft.com/en-us/defender-cloud-apps/policies-cloud-discovery; https://learn.microsoft.com/en-us/defender-cloud-apps/policies-information-protection; https://learn.microsoft.com/en-us/defender-cloud-apps/investigate-anomaly-alerts"
"DEF-CAPP-E5","Defender for Cloud Apps","m365-defender","Microsoft 365 Defender","T1578.004","Revert Cloud Instance","Defense Evasion","detect","minimal","This control can identify anomalous admin activity.","https://learn.microsoft.com/en-us/defender-cloud-apps/policies-cloud-discovery; https://learn.microsoft.com/en-us/defender-cloud-apps/policies-information-protection; https://learn.microsoft.com/en-us/defender-cloud-apps/investigate-anomaly-alerts"
"DEF-CAPP-E5","Defender for Cloud Apps","m365-defender","Microsoft 365 Defender","T1666","Modify Cloud Resource Hierarchy","Defense Evasion","detect","partial","This control can detect suspicious or anomalous behavior indicative of potential threats, like attempts to transfer subscriptions to unauthorized tenants.","https://techcommunity.microsoft.com/blog/microsoftthreatprotectionblog/hunt-for-compromised-azure-subscriptions-using-microsoft-defender-for-cloud-apps/3607121;  https://www.microsoft.com/en-us/security/blog/2023/07/25/cryptojacking-understanding-and-defending-against-cloud-compute-resource-abuse/"
"DEF-CAPP-E5","Defender for Cloud Apps","m365-defender","Microsoft 365 Defender","T1053.007","Container Orchestration Job","Execution, Persistence, Privilege Escalation","protect","partial","Microsoft 365 Defender for Cloud Apps can scan images and containers for threats and vulnerabilities, as well as identify misconfigurations for remediation.","https://learn.microsoft.com/en-us/defender-cloud-apps/policies-cloud-discovery"
"DEF-SSCO-E3","Secure Score","m365-defender","Microsoft 365 Defender","T1021","Remote Services","Lateral Movement","detect","minimal","Microsoft Secure Score is a measurement of an organization's security posture, with a higher number indicating more recommended actions taken. It can be found at Microsoft Secure Score in the Microsoft Defender portal.

Following the Secure Score recommendations can protect your organization from threats. From a centralized dashboard in the Microsoft Defender portal, organizations can monitor and work on the security of their Microsoft 365 identities, apps, and devices. Your score is updated in real time to reflect the information presented in the visualizations and recommended action pages. Secure Score also syncs daily to receive system data about your achieved points for each action.

To help you find the information you need more quickly, Microsoft recommended actions are organized into groups:

Identity (Microsoft Entra accounts & roles)
Device (Microsoft Defender for Endpoint, known as Microsoft Secure Score for Devices)
Apps (email and cloud apps, including Office 365 and Microsoft Defender for Cloud Apps)
Data (through Microsoft Information Protection)","https://learn.microsoft.com/en-us/microsoft-365/security/defender/microsoft-secure-score?view=o365-worldwide; https://security.microsoft.com/securescore?"
"DEF-SSCO-E3","Secure Score","m365-defender","Microsoft 365 Defender","T1021.007","Cloud Services","Lateral Movement","detect","minimal","Microsoft Secure Score is a measurement of an organization's security posture, with a higher number indicating more recommended actions taken. It can be found at Microsoft Secure Score in the Microsoft Defender portal.

Following the Secure Score recommendations can protect your organization from threats. From a centralized dashboard in the Microsoft Defender portal, organizations can monitor and work on the security of their Microsoft 365 identities, apps, and devices. Your score is updated in real time to reflect the information presented in the visualizations and recommended action pages. Secure Score also syncs daily to receive system data about your achieved points for each action.

To help you find the information you need more quickly, Microsoft recommended actions are organized into groups:

Identity (Microsoft Entra accounts & roles)
Device (Microsoft Defender for Endpoint, known as Microsoft Secure Score for Devices)
Apps (email and cloud apps, including Office 365 and Microsoft Defender for Cloud Apps)
Data (through Microsoft Information Protection)",""
"DEF-SSCO-E3","Secure Score","m365-defender","Microsoft 365 Defender","T1021.007","Cloud Services","Lateral Movement","detect","minimal","Microsoft Secure Score is a measurement of an organization's security posture, with a higher number indicating more recommended actions taken. It can be found at Microsoft Secure Score in the Microsoft Defender portal.

Following the Secure Score recommendations can protect your organization from threats. From a centralized dashboard in the Microsoft Defender portal, organizations can monitor and work on the security of their Microsoft 365 identities, apps, and devices. Your score is updated in real time to reflect the information presented in the visualizations and recommended action pages. Secure Score also syncs daily to receive system data about your achieved points for each action.

To help you find the information you need more quickly, Microsoft recommended actions are organized into groups:

Identity (Microsoft Entra accounts & roles)
Device (Microsoft Defender for Endpoint, known as Microsoft Secure Score for Devices)
Apps (email and cloud apps, including Office 365 and Microsoft Defender for Cloud Apps)
Data (through Microsoft Information Protection)","https://learn.microsoft.com/en-us/microsoft-365/security/defender/microsoft-secure-score?view=o365-worldwide; https://security.microsoft.com/securescore?"
"DEF-SSCO-E3","Secure Score","m365-defender","Microsoft 365 Defender","T1059.009","Cloud API","Execution","detect","minimal","Microsoft Secure Score is a measurement of an organization's security posture, with a higher number indicating more recommended actions taken. It can be found at Microsoft Secure Score in the Microsoft Defender portal.

Following the Secure Score recommendations can protect your organization from threats. From a centralized dashboard in the Microsoft Defender portal, organizations can monitor and work on the security of their Microsoft 365 identities, apps, and devices. Your score is updated in real time to reflect the information presented in the visualizations and recommended action pages. Secure Score also syncs daily to receive system data about your achieved points for each action.

To help you find the information you need more quickly, Microsoft recommended actions are organized into groups:

Identity (Microsoft Entra accounts & roles)
Device (Microsoft Defender for Endpoint, known as Microsoft Secure Score for Devices)
Apps (email and cloud apps, including Office 365 and Microsoft Defender for Cloud Apps)
Data (through Microsoft Information Protection)","https://learn.microsoft.com/en-us/microsoft-365/security/defender/microsoft-secure-score?view=o365-worldwide; https://security.microsoft.com/securescore?"
"DEF-SSCO-E3","Secure Score","m365-defender","Microsoft 365 Defender","T1072","Software Deployment Tools","Execution, Lateral Movement","detect","minimal","Microsoft Secure Score is a measurement of an organization's security posture, with a higher number indicating more recommended actions taken. It can be found at Microsoft Secure Score in the Microsoft Defender portal.

Following the Secure Score recommendations can protect your organization from threats. From a centralized dashboard in the Microsoft Defender portal, organizations can monitor and work on the security of their Microsoft 365 identities, apps, and devices. Your score is updated in real time to reflect the information presented in the visualizations and recommended action pages. Secure Score also syncs daily to receive system data about your achieved points for each action.

To help you find the information you need more quickly, Microsoft recommended actions are organized into groups:

Identity (Microsoft Entra accounts & roles)
Device (Microsoft Defender for Endpoint, known as Microsoft Secure Score for Devices)
Apps (email and cloud apps, including Office 365 and Microsoft Defender for Cloud Apps)
Data (through Microsoft Information Protection)","https://learn.microsoft.com/en-us/microsoft-365/security/defender/microsoft-secure-score?view=o365-worldwide; https://security.microsoft.com/securescore?"
"DEF-SSCO-E3","Secure Score","m365-defender","Microsoft 365 Defender","T1078","Valid Accounts","Defense Evasion, Persistence, Privilege Escalation, Initial Access","detect","minimal","Microsoft Secure Score is a measurement of an organization's security posture, with a higher number indicating more recommended actions taken. It can be found at Microsoft Secure Score in the Microsoft Defender portal.

Following the Secure Score recommendations can protect your organization from threats. From a centralized dashboard in the Microsoft Defender portal, organizations can monitor and work on the security of their Microsoft 365 identities, apps, and devices. Your score is updated in real time to reflect the information presented in the visualizations and recommended action pages. Secure Score also syncs daily to receive system data about your achieved points for each action.

To help you find the information you need more quickly, Microsoft recommended actions are organized into groups:

Identity (Microsoft Entra accounts & roles)
Device (Microsoft Defender for Endpoint, known as Microsoft Secure Score for Devices)
Apps (email and cloud apps, including Office 365 and Microsoft Defender for Cloud Apps)
Data (through Microsoft Information Protection)","https://learn.microsoft.com/en-us/microsoft-365/security/defender/microsoft-secure-score?view=o365-worldwide; https://security.microsoft.com/securescore?"
"DEF-SSCO-E3","Secure Score","m365-defender","Microsoft 365 Defender","T1078.001","Default Accounts","Defense Evasion, Persistence, Privilege Escalation, Initial Access","detect","minimal","Microsoft Secure Score is a measurement of an organization's security posture, with a higher number indicating more recommended actions taken. It can be found at Microsoft Secure Score in the Microsoft Defender portal.

Following the Secure Score recommendations can protect your organization from threats. From a centralized dashboard in the Microsoft Defender portal, organizations can monitor and work on the security of their Microsoft 365 identities, apps, and devices. Your score is updated in real time to reflect the information presented in the visualizations and recommended action pages. Secure Score also syncs daily to receive system data about your achieved points for each action.

To help you find the information you need more quickly, Microsoft recommended actions are organized into groups:

Identity (Microsoft Entra accounts & roles)
Device (Microsoft Defender for Endpoint, known as Microsoft Secure Score for Devices)
Apps (email and cloud apps, including Office 365 and Microsoft Defender for Cloud Apps)
Data (through Microsoft Information Protection)","https://learn.microsoft.com/en-us/microsoft-365/security/defender/microsoft-secure-score?view=o365-worldwide; https://security.microsoft.com/securescore?"
"DEF-SSCO-E3","Secure Score","m365-defender","Microsoft 365 Defender","T1078.004","Cloud Accounts","Defense Evasion, Persistence, Privilege Escalation, Initial Access","detect","minimal","Microsoft Secure Score is a measurement of an organization's security posture, with a higher number indicating more recommended actions taken. It can be found at Microsoft Secure Score in the Microsoft Defender portal.

Following the Secure Score recommendations can protect your organization from threats. From a centralized dashboard in the Microsoft Defender portal, organizations can monitor and work on the security of their Microsoft 365 identities, apps, and devices. Your score is updated in real time to reflect the information presented in the visualizations and recommended action pages. Secure Score also syncs daily to receive system data about your achieved points for each action.

To help you find the information you need more quickly, Microsoft recommended actions are organized into groups:

Identity (Microsoft Entra accounts & roles)
Device (Microsoft Defender for Endpoint, known as Microsoft Secure Score for Devices)
Apps (email and cloud apps, including Office 365 and Microsoft Defender for Cloud Apps)
Data (through Microsoft Information Protection)","https://learn.microsoft.com/en-us/microsoft-365/security/defender/microsoft-secure-score?view=o365-worldwide; https://security.microsoft.com/securescore?"
"DEF-SSCO-E3","Secure Score","m365-defender","Microsoft 365 Defender","T1080","Taint Shared Content","Lateral Movement","detect","minimal","Microsoft Secure Score is a measurement of an organization's security posture, with a higher number indicating more recommended actions taken. It can be found at Microsoft Secure Score in the Microsoft Defender portal.

Following the Secure Score recommendations can protect your organization from threats. From a centralized dashboard in the Microsoft Defender portal, organizations can monitor and work on the security of their Microsoft 365 identities, apps, and devices. Your score is updated in real time to reflect the information presented in the visualizations and recommended action pages. Secure Score also syncs daily to receive system data about your achieved points for each action.

To help you find the information you need more quickly, Microsoft recommended actions are organized into groups:

Identity (Microsoft Entra accounts & roles)
Device (Microsoft Defender for Endpoint, known as Microsoft Secure Score for Devices)
Apps (email and cloud apps, including Office 365 and Microsoft Defender for Cloud Apps)
Data (through Microsoft Information Protection)","https://learn.microsoft.com/en-us/microsoft-365/security/defender/microsoft-secure-score?view=o365-worldwide; https://security.microsoft.com/securescore?"
"DEF-SSCO-E3","Secure Score","m365-defender","Microsoft 365 Defender","T1110","Brute Force","Credential Access","detect","minimal","Microsoft Secure Score is a measurement of an organization's security posture, with a higher number indicating more recommended actions taken. It can be found at Microsoft Secure Score in the Microsoft Defender portal.

Following the Secure Score recommendations can protect your organization from threats. From a centralized dashboard in the Microsoft Defender portal, organizations can monitor and work on the security of their Microsoft 365 identities, apps, and devices. Your score is updated in real time to reflect the information presented in the visualizations and recommended action pages. Secure Score also syncs daily to receive system data about your achieved points for each action.

To help you find the information you need more quickly, Microsoft recommended actions are organized into groups:

Identity (Microsoft Entra accounts & roles)
Device (Microsoft Defender for Endpoint, known as Microsoft Secure Score for Devices)
Apps (email and cloud apps, including Office 365 and Microsoft Defender for Cloud Apps)
Data (through Microsoft Information Protection)","https://learn.microsoft.com/en-us/microsoft-365/security/defender/microsoft-secure-score?view=o365-worldwide; https://security.microsoft.com/securescore?"
"DEF-SSCO-E3","Secure Score","m365-defender","Microsoft 365 Defender","T1110.001","Password Guessing","Credential Access","detect","minimal","Microsoft Secure Score is a measurement of an organization's security posture, with a higher number indicating more recommended actions taken. It can be found at Microsoft Secure Score in the Microsoft Defender portal.

Following the Secure Score recommendations can protect your organization from threats. From a centralized dashboard in the Microsoft Defender portal, organizations can monitor and work on the security of their Microsoft 365 identities, apps, and devices. Your score is updated in real time to reflect the information presented in the visualizations and recommended action pages. Secure Score also syncs daily to receive system data about your achieved points for each action.

To help you find the information you need more quickly, Microsoft recommended actions are organized into groups:

Identity (Microsoft Entra accounts & roles)
Device (Microsoft Defender for Endpoint, known as Microsoft Secure Score for Devices)
Apps (email and cloud apps, including Office 365 and Microsoft Defender for Cloud Apps)
Data (through Microsoft Information Protection)","https://learn.microsoft.com/en-us/microsoft-365/security/defender/microsoft-secure-score?view=o365-worldwide; https://security.microsoft.com/securescore?"
"DEF-SSCO-E3","Secure Score","m365-defender","Microsoft 365 Defender","T1110.002","Password Cracking","Credential Access","detect","minimal","Microsoft Secure Score is a measurement of an organization's security posture, with a higher number indicating more recommended actions taken. It can be found at Microsoft Secure Score in the Microsoft Defender portal.

Following the Secure Score recommendations can protect your organization from threats. From a centralized dashboard in the Microsoft Defender portal, organizations can monitor and work on the security of their Microsoft 365 identities, apps, and devices. Your score is updated in real time to reflect the information presented in the visualizations and recommended action pages. Secure Score also syncs daily to receive system data about your achieved points for each action.

To help you find the information you need more quickly, Microsoft recommended actions are organized into groups:

Identity (Microsoft Entra accounts & roles)
Device (Microsoft Defender for Endpoint, known as Microsoft Secure Score for Devices)
Apps (email and cloud apps, including Office 365 and Microsoft Defender for Cloud Apps)
Data (through Microsoft Information Protection)","https://learn.microsoft.com/en-us/microsoft-365/security/defender/microsoft-secure-score?view=o365-worldwide; https://security.microsoft.com/securescore?"
"DEF-SSCO-E3","Secure Score","m365-defender","Microsoft 365 Defender","T1110.003","Password Spraying","Credential Access","detect","minimal","Microsoft Secure Score is a measurement of an organization's security posture, with a higher number indicating more recommended actions taken. It can be found at Microsoft Secure Score in the Microsoft Defender portal.

Following the Secure Score recommendations can protect your organization from threats. From a centralized dashboard in the Microsoft Defender portal, organizations can monitor and work on the security of their Microsoft 365 identities, apps, and devices. Your score is updated in real time to reflect the information presented in the visualizations and recommended action pages. Secure Score also syncs daily to receive system data about your achieved points for each action.

To help you find the information you need more quickly, Microsoft recommended actions are organized into groups:

Identity (Microsoft Entra accounts & roles)
Device (Microsoft Defender for Endpoint, known as Microsoft Secure Score for Devices)
Apps (email and cloud apps, including Office 365 and Microsoft Defender for Cloud Apps)
Data (through Microsoft Information Protection)","https://learn.microsoft.com/en-us/microsoft-365/security/defender/microsoft-secure-score?view=o365-worldwide; https://security.microsoft.com/securescore?"
"DEF-SSCO-E3","Secure Score","m365-defender","Microsoft 365 Defender","T1110.004","Credential Stuffing","Credential Access","detect","minimal","Microsoft Secure Score is a measurement of an organization's security posture, with a higher number indicating more recommended actions taken. It can be found at Microsoft Secure Score in the Microsoft Defender portal.

Following the Secure Score recommendations can protect your organization from threats. From a centralized dashboard in the Microsoft Defender portal, organizations can monitor and work on the security of their Microsoft 365 identities, apps, and devices. Your score is updated in real time to reflect the information presented in the visualizations and recommended action pages. Secure Score also syncs daily to receive system data about your achieved points for each action.

To help you find the information you need more quickly, Microsoft recommended actions are organized into groups:

Identity (Microsoft Entra accounts & roles)
Device (Microsoft Defender for Endpoint, known as Microsoft Secure Score for Devices)
Apps (email and cloud apps, including Office 365 and Microsoft Defender for Cloud Apps)
Data (through Microsoft Information Protection)","https://learn.microsoft.com/en-us/microsoft-365/security/defender/microsoft-secure-score?view=o365-worldwide; https://security.microsoft.com/securescore?"
"DEF-SSCO-E3","Secure Score","m365-defender","Microsoft 365 Defender","T1114","Email Collection","Collection","detect","minimal","Microsoft Secure Score is a measurement of an organization's security posture, with a higher number indicating more recommended actions taken. It can be found at Microsoft Secure Score in the Microsoft Defender portal.

Following the Secure Score recommendations can protect your organization from threats. From a centralized dashboard in the Microsoft Defender portal, organizations can monitor and work on the security of their Microsoft 365 identities, apps, and devices. Your score is updated in real time to reflect the information presented in the visualizations and recommended action pages. Secure Score also syncs daily to receive system data about your achieved points for each action.

To help you find the information you need more quickly, Microsoft recommended actions are organized into groups:

Identity (Microsoft Entra accounts & roles)
Device (Microsoft Defender for Endpoint, known as Microsoft Secure Score for Devices)
Apps (email and cloud apps, including Office 365 and Microsoft Defender for Cloud Apps)
Data (through Microsoft Information Protection)","https://learn.microsoft.com/en-us/microsoft-365/security/defender/microsoft-secure-score?view=o365-worldwide; https://security.microsoft.com/securescore?"
"DEF-SSCO-E3","Secure Score","m365-defender","Microsoft 365 Defender","T1114.002","Remote Email Collection","Collection","detect","minimal","Microsoft Secure Score is a measurement of an organization's security posture, with a higher number indicating more recommended actions taken. It can be found at Microsoft Secure Score in the Microsoft Defender portal.

Following the Secure Score recommendations can protect your organization from threats. From a centralized dashboard in the Microsoft Defender portal, organizations can monitor and work on the security of their Microsoft 365 identities, apps, and devices. Your score is updated in real time to reflect the information presented in the visualizations and recommended action pages. Secure Score also syncs daily to receive system data about your achieved points for each action.

To help you find the information you need more quickly, Microsoft recommended actions are organized into groups:

Identity (Microsoft Entra accounts & roles)
Device (Microsoft Defender for Endpoint, known as Microsoft Secure Score for Devices)
Apps (email and cloud apps, including Office 365 and Microsoft Defender for Cloud Apps)
Data (through Microsoft Information Protection)","https://learn.microsoft.com/en-us/microsoft-365/security/defender/microsoft-secure-score?view=o365-worldwide; https://security.microsoft.com/securescore?"
"DEF-SSCO-E3","Secure Score","m365-defender","Microsoft 365 Defender","T1114.002","Remote Email Collection","Collection","detect","minimal","Microsoft Secure Score is a measurement of an organization's security posture, with a higher number indicating more recommended actions taken. It can be found at Microsoft Secure Score in the Microsoft Defender portal.

Following the Secure Score recommendations can protect your organization from threats. From a centralized dashboard in the Microsoft Defender portal, organizations can monitor and work on the security of their Microsoft 365 identities, apps, and devices. Your score is updated in real time to reflect the information presented in the visualizations and recommended action pages. Secure Score also syncs daily to receive system data about your achieved points for each action.

To help you find the information you need more quickly, Microsoft recommended actions are organized into groups:

Identity (Microsoft Entra accounts & roles)
Device (Microsoft Defender for Endpoint, known as Microsoft Secure Score for Devices)
Apps (email and cloud apps, including Office 365 and Microsoft Defender for Cloud Apps)
Data (through Microsoft Information Protection)","https://learn.microsoft.com/en-us/microsoft-365/security/defender/microsoft-secure-score?view=o365-worldwide; https://security.microsoft.com/securescore?"
"DEF-SSCO-E3","Secure Score","m365-defender","Microsoft 365 Defender","T1114.003","Email Forwarding Rule","Collection","detect","minimal","Microsoft Secure Score is a measurement of an organization's security posture, with a higher number indicating more recommended actions taken. It can be found at Microsoft Secure Score in the Microsoft Defender portal.

Following the Secure Score recommendations can protect your organization from threats. From a centralized dashboard in the Microsoft Defender portal, organizations can monitor and work on the security of their Microsoft 365 identities, apps, and devices. Your score is updated in real time to reflect the information presented in the visualizations and recommended action pages. Secure Score also syncs daily to receive system data about your achieved points for each action.

To help you find the information you need more quickly, Microsoft recommended actions are organized into groups:

Identity (Microsoft Entra accounts & roles)
Device (Microsoft Defender for Endpoint, known as Microsoft Secure Score for Devices)
Apps (email and cloud apps, including Office 365 and Microsoft Defender for Cloud Apps)
Data (through Microsoft Information Protection)","https://learn.microsoft.com/en-us/microsoft-365/security/defender/microsoft-secure-score?view=o365-worldwide; https://security.microsoft.com/securescore?"
"DEF-SSCO-E3","Secure Score","m365-defender","Microsoft 365 Defender","T1114.003","Email Forwarding Rule","Collection","detect","minimal","Microsoft Secure Score is a measurement of an organization's security posture, with a higher number indicating more recommended actions taken. It can be found at Microsoft Secure Score in the Microsoft Defender portal.

Following the Secure Score recommendations can protect your organization from threats. From a centralized dashboard in the Microsoft Defender portal, organizations can monitor and work on the security of their Microsoft 365 identities, apps, and devices. Your score is updated in real time to reflect the information presented in the visualizations and recommended action pages. Secure Score also syncs daily to receive system data about your achieved points for each action.

To help you find the information you need more quickly, Microsoft recommended actions are organized into groups:

Identity (Microsoft Entra accounts & roles)
Device (Microsoft Defender for Endpoint, known as Microsoft Secure Score for Devices)
Apps (email and cloud apps, including Office 365 and Microsoft Defender for Cloud Apps)
Data (through Microsoft Information Protection)","https://learn.microsoft.com/en-us/microsoft-365/security/defender/microsoft-secure-score?view=o365-worldwide; https://security.microsoft.com/securescore?"
"DEF-SSCO-E3","Secure Score","m365-defender","Microsoft 365 Defender","T1136","Create Account","Persistence","detect","minimal","Microsoft Secure Score is a measurement of an organization's security posture, with a higher number indicating more recommended actions taken. It can be found at Microsoft Secure Score in the Microsoft Defender portal.

Following the Secure Score recommendations can protect your organization from threats. From a centralized dashboard in the Microsoft Defender portal, organizations can monitor and work on the security of their Microsoft 365 identities, apps, and devices. Your score is updated in real time to reflect the information presented in the visualizations and recommended action pages. Secure Score also syncs daily to receive system data about your achieved points for each action.

To help you find the information you need more quickly, Microsoft recommended actions are organized into groups:

Identity (Microsoft Entra accounts & roles)
Device (Microsoft Defender for Endpoint, known as Microsoft Secure Score for Devices)
Apps (email and cloud apps, including Office 365 and Microsoft Defender for Cloud Apps)
Data (through Microsoft Information Protection)","https://learn.microsoft.com/en-us/microsoft-365/security/defender/microsoft-secure-score?view=o365-worldwide; https://security.microsoft.com/securescore?"
"DEF-SSCO-E3","Secure Score","m365-defender","Microsoft 365 Defender","T1136.003","Cloud Account","Persistence","detect","minimal","Microsoft Secure Score is a measurement of an organization's security posture, with a higher number indicating more recommended actions taken. It can be found at Microsoft Secure Score in the Microsoft Defender portal.

Following the Secure Score recommendations can protect your organization from threats. From a centralized dashboard in the Microsoft Defender portal, organizations can monitor and work on the security of their Microsoft 365 identities, apps, and devices. Your score is updated in real time to reflect the information presented in the visualizations and recommended action pages. Secure Score also syncs daily to receive system data about your achieved points for each action.

To help you find the information you need more quickly, Microsoft recommended actions are organized into groups:

Identity (Microsoft Entra accounts & roles)
Device (Microsoft Defender for Endpoint, known as Microsoft Secure Score for Devices)
Apps (email and cloud apps, including Office 365 and Microsoft Defender for Cloud Apps)
Data (through Microsoft Information Protection)","https://learn.microsoft.com/en-us/microsoft-365/security/defender/microsoft-secure-score?view=o365-worldwide; https://security.microsoft.com/securescore?"
"DEF-SSCO-E3","Secure Score","m365-defender","Microsoft 365 Defender","T1137","Office Application Startup","Persistence","detect","minimal","Microsoft Secure Score is a measurement of an organization's security posture, with a higher number indicating more recommended actions taken. It can be found at Microsoft Secure Score in the Microsoft Defender portal.

Following the Secure Score recommendations can protect your organization from threats. From a centralized dashboard in the Microsoft Defender portal, organizations can monitor and work on the security of their Microsoft 365 identities, apps, and devices. Your score is updated in real time to reflect the information presented in the visualizations and recommended action pages. Secure Score also syncs daily to receive system data about your achieved points for each action.

To help you find the information you need more quickly, Microsoft recommended actions are organized into groups:

Identity (Microsoft Entra accounts & roles)
Device (Microsoft Defender for Endpoint, known as Microsoft Secure Score for Devices)
Apps (email and cloud apps, including Office 365 and Microsoft Defender for Cloud Apps)
Data (through Microsoft Information Protection)","https://learn.microsoft.com/en-us/microsoft-365/security/defender/microsoft-secure-score?view=o365-worldwide; https://security.microsoft.com/securescore?"
"DEF-SSCO-E3","Secure Score","m365-defender","Microsoft 365 Defender","T1189","Drive-by Compromise","Initial Access","detect","minimal","Microsoft Secure Score is a measurement of an organization's security posture, with a higher number indicating more recommended actions taken. It can be found at Microsoft Secure Score in the Microsoft Defender portal.

Following the Secure Score recommendations can protect your organization from threats. From a centralized dashboard in the Microsoft Defender portal, organizations can monitor and work on the security of their Microsoft 365 identities, apps, and devices. Your score is updated in real time to reflect the information presented in the visualizations and recommended action pages. Secure Score also syncs daily to receive system data about your achieved points for each action.

To help you find the information you need more quickly, Microsoft recommended actions are organized into groups:

Identity (Microsoft Entra accounts & roles)
Device (Microsoft Defender for Endpoint, known as Microsoft Secure Score for Devices)
Apps (email and cloud apps, including Office 365 and Microsoft Defender for Cloud Apps)
Data (through Microsoft Information Protection)","https://learn.microsoft.com/en-us/microsoft-365/security/defender/microsoft-secure-score?view=o365-worldwide; https://security.microsoft.com/securescore?"
"DEF-SSCO-E3","Secure Score","m365-defender","Microsoft 365 Defender","T1204","User Execution","Execution","detect","minimal","Microsoft Secure Score is a measurement of an organization's security posture, with a higher number indicating more recommended actions taken. It can be found at Microsoft Secure Score in the Microsoft Defender portal.

Following the Secure Score recommendations can protect your organization from threats. From a centralized dashboard in the Microsoft Defender portal, organizations can monitor and work on the security of their Microsoft 365 identities, apps, and devices. Your score is updated in real time to reflect the information presented in the visualizations and recommended action pages. Secure Score also syncs daily to receive system data about your achieved points for each action.

To help you find the information you need more quickly, Microsoft recommended actions are organized into groups:

Identity (Microsoft Entra accounts & roles)
Device (Microsoft Defender for Endpoint, known as Microsoft Secure Score for Devices)
Apps (email and cloud apps, including Office 365 and Microsoft Defender for Cloud Apps)
Data (through Microsoft Information Protection)","https://learn.microsoft.com/en-us/microsoft-365/security/defender/microsoft-secure-score?view=o365-worldwide; https://security.microsoft.com/securescore?"
"DEF-SSCO-E3","Secure Score","m365-defender","Microsoft 365 Defender","T1204.001","Malicious Link","Execution","detect","minimal","Microsoft Secure Score is a measurement of an organization's security posture, with a higher number indicating more recommended actions taken. It can be found at Microsoft Secure Score in the Microsoft Defender portal.

Following the Secure Score recommendations can protect your organization from threats. From a centralized dashboard in the Microsoft Defender portal, organizations can monitor and work on the security of their Microsoft 365 identities, apps, and devices. Your score is updated in real time to reflect the information presented in the visualizations and recommended action pages. Secure Score also syncs daily to receive system data about your achieved points for each action.

To help you find the information you need more quickly, Microsoft recommended actions are organized into groups:

Identity (Microsoft Entra accounts & roles)
Device (Microsoft Defender for Endpoint, known as Microsoft Secure Score for Devices)
Apps (email and cloud apps, including Office 365 and Microsoft Defender for Cloud Apps)
Data (through Microsoft Information Protection)","https://learn.microsoft.com/en-us/microsoft-365/security/defender/microsoft-secure-score?view=o365-worldwide; https://security.microsoft.com/securescore?"
"DEF-SSCO-E3","Secure Score","m365-defender","Microsoft 365 Defender","T1204.002","Malicious File","Execution","detect","minimal","Microsoft Secure Score is a measurement of an organization's security posture, with a higher number indicating more recommended actions taken. It can be found at Microsoft Secure Score in the Microsoft Defender portal.

Following the Secure Score recommendations can protect your organization from threats. From a centralized dashboard in the Microsoft Defender portal, organizations can monitor and work on the security of their Microsoft 365 identities, apps, and devices. Your score is updated in real time to reflect the information presented in the visualizations and recommended action pages. Secure Score also syncs daily to receive system data about your achieved points for each action.

To help you find the information you need more quickly, Microsoft recommended actions are organized into groups:

Identity (Microsoft Entra accounts & roles)
Device (Microsoft Defender for Endpoint, known as Microsoft Secure Score for Devices)
Apps (email and cloud apps, including Office 365 and Microsoft Defender for Cloud Apps)
Data (through Microsoft Information Protection)","https://learn.microsoft.com/en-us/microsoft-365/security/defender/microsoft-secure-score?view=o365-worldwide; https://security.microsoft.com/securescore?"
"DEF-SSCO-E3","Secure Score","m365-defender","Microsoft 365 Defender","T1211","Exploitation for Defense Evasion","Defense Evasion","detect","minimal","Microsoft Secure Score is a measurement of an organization's security posture, with a higher number indicating more recommended actions taken. It can be found at Microsoft Secure Score in the Microsoft Defender portal.

Following the Secure Score recommendations can protect your organization from threats. From a centralized dashboard in the Microsoft Defender portal, organizations can monitor and work on the security of their Microsoft 365 identities, apps, and devices. Your score is updated in real time to reflect the information presented in the visualizations and recommended action pages. Secure Score also syncs daily to receive system data about your achieved points for each action.

To help you find the information you need more quickly, Microsoft recommended actions are organized into groups:

Identity (Microsoft Entra accounts & roles)
Device (Microsoft Defender for Endpoint, known as Microsoft Secure Score for Devices)
Apps (email and cloud apps, including Office 365 and Microsoft Defender for Cloud Apps)
Data (through Microsoft Information Protection)","https://learn.microsoft.com/en-us/microsoft-365/security/defender/microsoft-secure-score?view=o365-worldwide; https://security.microsoft.com/securescore?"
"DEF-SSCO-E3","Secure Score","m365-defender","Microsoft 365 Defender","T1213","Data from Information Repositories","Collection","detect","minimal","Microsoft Secure Score is a measurement of an organization's security posture, with a higher number indicating more recommended actions taken. It can be found at Microsoft Secure Score in the Microsoft Defender portal.

Following the Secure Score recommendations can protect your organization from threats. From a centralized dashboard in the Microsoft Defender portal, organizations can monitor and work on the security of their Microsoft 365 identities, apps, and devices. Your score is updated in real time to reflect the information presented in the visualizations and recommended action pages. Secure Score also syncs daily to receive system data about your achieved points for each action.

To help you find the information you need more quickly, Microsoft recommended actions are organized into groups:

Identity (Microsoft Entra accounts & roles)
Device (Microsoft Defender for Endpoint, known as Microsoft Secure Score for Devices)
Apps (email and cloud apps, including Office 365 and Microsoft Defender for Cloud Apps)
Data (through Microsoft Information Protection)","https://learn.microsoft.com/en-us/microsoft-365/security/defender/microsoft-secure-score?view=o365-worldwide; https://security.microsoft.com/securescore?"
"DEF-SSCO-E3","Secure Score","m365-defender","Microsoft 365 Defender","T1213.002","Sharepoint","Collection","detect","minimal","Microsoft Secure Score is a measurement of an organization's security posture, with a higher number indicating more recommended actions taken. It can be found at Microsoft Secure Score in the Microsoft Defender portal.

Following the Secure Score recommendations can protect your organization from threats. From a centralized dashboard in the Microsoft Defender portal, organizations can monitor and work on the security of their Microsoft 365 identities, apps, and devices. Your score is updated in real time to reflect the information presented in the visualizations and recommended action pages. Secure Score also syncs daily to receive system data about your achieved points for each action.

To help you find the information you need more quickly, Microsoft recommended actions are organized into groups:

Identity (Microsoft Entra accounts & roles)
Device (Microsoft Defender for Endpoint, known as Microsoft Secure Score for Devices)
Apps (email and cloud apps, including Office 365 and Microsoft Defender for Cloud Apps)
Data (through Microsoft Information Protection)","https://learn.microsoft.com/en-us/microsoft-365/security/defender/microsoft-secure-score?view=o365-worldwide; https://security.microsoft.com/securescore?"
"DEF-SSCO-E3","Secure Score","m365-defender","Microsoft 365 Defender","T1530","Data from Cloud Storage","Collection","detect","minimal","Microsoft Secure Score is a measurement of an organization's security posture, with a higher number indicating more recommended actions taken. It can be found at Microsoft Secure Score in the Microsoft Defender portal.

Following the Secure Score recommendations can protect your organization from threats. From a centralized dashboard in the Microsoft Defender portal, organizations can monitor and work on the security of their Microsoft 365 identities, apps, and devices. Your score is updated in real time to reflect the information presented in the visualizations and recommended action pages. Secure Score also syncs daily to receive system data about your achieved points for each action.

To help you find the information you need more quickly, Microsoft recommended actions are organized into groups:

Identity (Microsoft Entra accounts & roles)
Device (Microsoft Defender for Endpoint, known as Microsoft Secure Score for Devices)
Apps (email and cloud apps, including Office 365 and Microsoft Defender for Cloud Apps)
Data (through Microsoft Information Protection)","https://learn.microsoft.com/en-us/microsoft-365/security/defender/microsoft-secure-score?view=o365-worldwide; https://security.microsoft.com/securescore?"
"DEF-SSCO-E3","Secure Score","m365-defender","Microsoft 365 Defender","T1534","Internal Spearphishing","Lateral Movement","detect","minimal","Microsoft Secure Score is a measurement of an organization's security posture, with a higher number indicating more recommended actions taken. It can be found at Microsoft Secure Score in the Microsoft Defender portal.

Following the Secure Score recommendations can protect your organization from threats. From a centralized dashboard in the Microsoft Defender portal, organizations can monitor and work on the security of their Microsoft 365 identities, apps, and devices. Your score is updated in real time to reflect the information presented in the visualizations and recommended action pages. Secure Score also syncs daily to receive system data about your achieved points for each action.

To help you find the information you need more quickly, Microsoft recommended actions are organized into groups:

Identity (Microsoft Entra accounts & roles)
Device (Microsoft Defender for Endpoint, known as Microsoft Secure Score for Devices)
Apps (email and cloud apps, including Office 365 and Microsoft Defender for Cloud Apps)
Data (through Microsoft Information Protection)","https://learn.microsoft.com/en-us/microsoft-365/security/defender/microsoft-secure-score?view=o365-worldwide; https://security.microsoft.com/securescore?"
"DEF-SSCO-E3","Secure Score","m365-defender","Microsoft 365 Defender","T1546","Event Triggered Execution","Privilege Escalation, Persistence","detect","minimal","Microsoft Secure Score is a measurement of an organization's security posture, with a higher number indicating more recommended actions taken. It can be found at Microsoft Secure Score in the Microsoft Defender portal.

Following the Secure Score recommendations can protect your organization from threats. From a centralized dashboard in the Microsoft Defender portal, organizations can monitor and work on the security of their Microsoft 365 identities, apps, and devices. Your score is updated in real time to reflect the information presented in the visualizations and recommended action pages. Secure Score also syncs daily to receive system data about your achieved points for each action.

To help you find the information you need more quickly, Microsoft recommended actions are organized into groups:

Identity (Microsoft Entra accounts & roles)
Device (Microsoft Defender for Endpoint, known as Microsoft Secure Score for Devices)
Apps (email and cloud apps, including Office 365 and Microsoft Defender for Cloud Apps)
Data (through Microsoft Information Protection)","https://learn.microsoft.com/en-us/microsoft-365/security/defender/microsoft-secure-score?view=o365-worldwide; https://security.microsoft.com/securescore?"
"DEF-SSCO-E3","Secure Score","m365-defender","Microsoft 365 Defender","T1548","Abuse Elevation Control Mechanism","Privilege Escalation, Defense Evasion","detect","minimal","Microsoft Secure Score is a measurement of an organization's security posture, with a higher number indicating more recommended actions taken. It can be found at Microsoft Secure Score in the Microsoft Defender portal.

Following the Secure Score recommendations can protect your organization from threats. From a centralized dashboard in the Microsoft Defender portal, organizations can monitor and work on the security of their Microsoft 365 identities, apps, and devices. Your score is updated in real time to reflect the information presented in the visualizations and recommended action pages. Secure Score also syncs daily to receive system data about your achieved points for each action.

To help you find the information you need more quickly, Microsoft recommended actions are organized into groups:

Identity (Microsoft Entra accounts & roles)
Device (Microsoft Defender for Endpoint, known as Microsoft Secure Score for Devices)
Apps (email and cloud apps, including Office 365 and Microsoft Defender for Cloud Apps)
Data (through Microsoft Information Protection)","https://learn.microsoft.com/en-us/microsoft-365/security/defender/microsoft-secure-score?view=o365-worldwide; https://security.microsoft.com/securescore?"
"DEF-SSCO-E3","Secure Score","m365-defender","Microsoft 365 Defender","T1550","Use Alternate Authentication Material","Defense Evasion, Lateral Movement","detect","minimal","Microsoft Secure Score is a measurement of an organization's security posture, with a higher number indicating more recommended actions taken. It can be found at Microsoft Secure Score in the Microsoft Defender portal.

Following the Secure Score recommendations can protect your organization from threats. From a centralized dashboard in the Microsoft Defender portal, organizations can monitor and work on the security of their Microsoft 365 identities, apps, and devices. Your score is updated in real time to reflect the information presented in the visualizations and recommended action pages. Secure Score also syncs daily to receive system data about your achieved points for each action.

To help you find the information you need more quickly, Microsoft recommended actions are organized into groups:

Identity (Microsoft Entra accounts & roles)
Device (Microsoft Defender for Endpoint, known as Microsoft Secure Score for Devices)
Apps (email and cloud apps, including Office 365 and Microsoft Defender for Cloud Apps)
Data (through Microsoft Information Protection)","https://learn.microsoft.com/en-us/microsoft-365/security/defender/microsoft-secure-score?view=o365-worldwide; https://security.microsoft.com/securescore?"
"DEF-SSCO-E3","Secure Score","m365-defender","Microsoft 365 Defender","T1550","Use Alternate Authentication Material","Defense Evasion, Lateral Movement","detect","minimal","Microsoft Secure Score is a measurement of an organization's security posture, with a higher number indicating more recommended actions taken. It can be found at Microsoft Secure Score in the Microsoft Defender portal.

Following the Secure Score recommendations can protect your organization from threats. From a centralized dashboard in the Microsoft Defender portal, organizations can monitor and work on the security of their Microsoft 365 identities, apps, and devices. Your score is updated in real time to reflect the information presented in the visualizations and recommended action pages. Secure Score also syncs daily to receive system data about your achieved points for each action.

To help you find the information you need more quickly, Microsoft recommended actions are organized into groups:

Identity (Microsoft Entra accounts & roles)
Device (Microsoft Defender for Endpoint, known as Microsoft Secure Score for Devices)
Apps (email and cloud apps, including Office 365 and Microsoft Defender for Cloud Apps)
Data (through Microsoft Information Protection)","https://learn.microsoft.com/en-us/microsoft-365/security/defender/microsoft-secure-score?view=o365-worldwide; https://security.microsoft.com/securescore?"
"DEF-SSCO-E3","Secure Score","m365-defender","Microsoft 365 Defender","T1550.001","Application Access Token","Defense Evasion, Lateral Movement","detect","minimal","Microsoft Secure Score is a measurement of an organization's security posture, with a higher number indicating more recommended actions taken. It can be found at Microsoft Secure Score in the Microsoft Defender portal.

Following the Secure Score recommendations can protect your organization from threats. From a centralized dashboard in the Microsoft Defender portal, organizations can monitor and work on the security of their Microsoft 365 identities, apps, and devices. Your score is updated in real time to reflect the information presented in the visualizations and recommended action pages. Secure Score also syncs daily to receive system data about your achieved points for each action.

To help you find the information you need more quickly, Microsoft recommended actions are organized into groups:

Identity (Microsoft Entra accounts & roles)
Device (Microsoft Defender for Endpoint, known as Microsoft Secure Score for Devices)
Apps (email and cloud apps, including Office 365 and Microsoft Defender for Cloud Apps)
Data (through Microsoft Information Protection)","https://learn.microsoft.com/en-us/microsoft-365/security/defender/microsoft-secure-score?view=o365-worldwide; https://security.microsoft.com/securescore?"
"DEF-SSCO-E3","Secure Score","m365-defender","Microsoft 365 Defender","T1562","Impair Defenses","Defense Evasion","detect","minimal","Microsoft Secure Score is a measurement of an organization's security posture, with a higher number indicating more recommended actions taken. It can be found at Microsoft Secure Score in the Microsoft Defender portal.

Following the Secure Score recommendations can protect your organization from threats. From a centralized dashboard in the Microsoft Defender portal, organizations can monitor and work on the security of their Microsoft 365 identities, apps, and devices. Your score is updated in real time to reflect the information presented in the visualizations and recommended action pages. Secure Score also syncs daily to receive system data about your achieved points for each action.

To help you find the information you need more quickly, Microsoft recommended actions are organized into groups:

Identity (Microsoft Entra accounts & roles)
Device (Microsoft Defender for Endpoint, known as Microsoft Secure Score for Devices)
Apps (email and cloud apps, including Office 365 and Microsoft Defender for Cloud Apps)
Data (through Microsoft Information Protection)","https://learn.microsoft.com/en-us/microsoft-365/security/defender/microsoft-secure-score?view=o365-worldwide; https://security.microsoft.com/securescore?"
"DEF-SSCO-E3","Secure Score","m365-defender","Microsoft 365 Defender","T1562.008","Disable or Modify Cloud Logs","Defense Evasion","detect","minimal","Microsoft Secure Score is a measurement of an organization's security posture, with a higher number indicating more recommended actions taken. It can be found at Microsoft Secure Score in the Microsoft Defender portal.

Following the Secure Score recommendations can protect your organization from threats. From a centralized dashboard in the Microsoft Defender portal, organizations can monitor and work on the security of their Microsoft 365 identities, apps, and devices. Your score is updated in real time to reflect the information presented in the visualizations and recommended action pages. Secure Score also syncs daily to receive system data about your achieved points for each action.

To help you find the information you need more quickly, Microsoft recommended actions are organized into groups:

Identity (Microsoft Entra accounts & roles)
Device (Microsoft Defender for Endpoint, known as Microsoft Secure Score for Devices)
Apps (email and cloud apps, including Office 365 and Microsoft Defender for Cloud Apps)
Data (through Microsoft Information Protection)","https://learn.microsoft.com/en-us/microsoft-365/security/defender/microsoft-secure-score?view=o365-worldwide; https://security.microsoft.com/securescore?"
"DEF-SSCO-E3","Secure Score","m365-defender","Microsoft 365 Defender","T1564","Hide Artifacts","Defense Evasion","detect","minimal","Microsoft Secure Score is a measurement of an organization's security posture, with a higher number indicating more recommended actions taken. It can be found at Microsoft Secure Score in the Microsoft Defender portal.

Following the Secure Score recommendations can protect your organization from threats. From a centralized dashboard in the Microsoft Defender portal, organizations can monitor and work on the security of their Microsoft 365 identities, apps, and devices. Your score is updated in real time to reflect the information presented in the visualizations and recommended action pages. Secure Score also syncs daily to receive system data about your achieved points for each action.

To help you find the information you need more quickly, Microsoft recommended actions are organized into groups:

Identity (Microsoft Entra accounts & roles)
Device (Microsoft Defender for Endpoint, known as Microsoft Secure Score for Devices)
Apps (email and cloud apps, including Office 365 and Microsoft Defender for Cloud Apps)
Data (through Microsoft Information Protection)","https://learn.microsoft.com/en-us/microsoft-365/security/defender/microsoft-secure-score?view=o365-worldwide; https://security.microsoft.com/securescore?"
"DEF-SSCO-E3","Secure Score","m365-defender","Microsoft 365 Defender","T1564.008","Email Hiding Rules","Defense Evasion","detect","minimal","Microsoft Secure Score is a measurement of an organization's security posture, with a higher number indicating more recommended actions taken. It can be found at Microsoft Secure Score in the Microsoft Defender portal.

Following the Secure Score recommendations can protect your organization from threats. From a centralized dashboard in the Microsoft Defender portal, organizations can monitor and work on the security of their Microsoft 365 identities, apps, and devices. Your score is updated in real time to reflect the information presented in the visualizations and recommended action pages. Secure Score also syncs daily to receive system data about your achieved points for each action.

To help you find the information you need more quickly, Microsoft recommended actions are organized into groups:

Identity (Microsoft Entra accounts & roles)
Device (Microsoft Defender for Endpoint, known as Microsoft Secure Score for Devices)
Apps (email and cloud apps, including Office 365 and Microsoft Defender for Cloud Apps)
Data (through Microsoft Information Protection)","https://learn.microsoft.com/en-us/microsoft-365/security/defender/microsoft-secure-score?view=o365-worldwide; https://security.microsoft.com/securescore?"
"DEF-SSCO-E3","Secure Score","m365-defender","Microsoft 365 Defender","T1566","Phishing","Initial Access","detect","minimal","Microsoft Secure Score is a measurement of an organization's security posture, with a higher number indicating more recommended actions taken. It can be found at Microsoft Secure Score in the Microsoft Defender portal.

Following the Secure Score recommendations can protect your organization from threats. From a centralized dashboard in the Microsoft Defender portal, organizations can monitor and work on the security of their Microsoft 365 identities, apps, and devices. Your score is updated in real time to reflect the information presented in the visualizations and recommended action pages. Secure Score also syncs daily to receive system data about your achieved points for each action.

To help you find the information you need more quickly, Microsoft recommended actions are organized into groups:

Identity (Microsoft Entra accounts & roles)
Device (Microsoft Defender for Endpoint, known as Microsoft Secure Score for Devices)
Apps (email and cloud apps, including Office 365 and Microsoft Defender for Cloud Apps)
Data (through Microsoft Information Protection)","https://learn.microsoft.com/en-us/microsoft-365/security/defender/microsoft-secure-score?view=o365-worldwide; https://security.microsoft.com/securescore?"
"DEF-SSCO-E3","Secure Score","m365-defender","Microsoft 365 Defender","T1566.001","Spearphishing Attachment","Initial Access","detect","minimal","Microsoft Secure Score is a measurement of an organization's security posture, with a higher number indicating more recommended actions taken. It can be found at Microsoft Secure Score in the Microsoft Defender portal.

Following the Secure Score recommendations can protect your organization from threats. From a centralized dashboard in the Microsoft Defender portal, organizations can monitor and work on the security of their Microsoft 365 identities, apps, and devices. Your score is updated in real time to reflect the information presented in the visualizations and recommended action pages. Secure Score also syncs daily to receive system data about your achieved points for each action.

To help you find the information you need more quickly, Microsoft recommended actions are organized into groups:

Identity (Microsoft Entra accounts & roles)
Device (Microsoft Defender for Endpoint, known as Microsoft Secure Score for Devices)
Apps (email and cloud apps, including Office 365 and Microsoft Defender for Cloud Apps)
Data (through Microsoft Information Protection)","https://learn.microsoft.com/en-us/microsoft-365/security/defender/microsoft-secure-score?view=o365-worldwide; https://security.microsoft.com/securescore?"
"DEF-SSCO-E3","Secure Score","m365-defender","Microsoft 365 Defender","T1566.002","Spearphishing Link","Initial Access","detect","minimal","Microsoft Secure Score is a measurement of an organization's security posture, with a higher number indicating more recommended actions taken. It can be found at Microsoft Secure Score in the Microsoft Defender portal.

Following the Secure Score recommendations can protect your organization from threats. From a centralized dashboard in the Microsoft Defender portal, organizations can monitor and work on the security of their Microsoft 365 identities, apps, and devices. Your score is updated in real time to reflect the information presented in the visualizations and recommended action pages. Secure Score also syncs daily to receive system data about your achieved points for each action.

To help you find the information you need more quickly, Microsoft recommended actions are organized into groups:

Identity (Microsoft Entra accounts & roles)
Device (Microsoft Defender for Endpoint, known as Microsoft Secure Score for Devices)
Apps (email and cloud apps, including Office 365 and Microsoft Defender for Cloud Apps)
Data (through Microsoft Information Protection)","https://learn.microsoft.com/en-us/microsoft-365/security/defender/microsoft-secure-score?view=o365-worldwide; https://security.microsoft.com/securescore?"
"DEF-SSCO-E3","Secure Score","m365-defender","Microsoft 365 Defender","T1567","Exfiltration Over Web Service","Exfiltration","detect","minimal","Microsoft Secure Score is a measurement of an organization's security posture, with a higher number indicating more recommended actions taken. It can be found at Microsoft Secure Score in the Microsoft Defender portal.

Following the Secure Score recommendations can protect your organization from threats. From a centralized dashboard in the Microsoft Defender portal, organizations can monitor and work on the security of their Microsoft 365 identities, apps, and devices. Your score is updated in real time to reflect the information presented in the visualizations and recommended action pages. Secure Score also syncs daily to receive system data about your achieved points for each action.

To help you find the information you need more quickly, Microsoft recommended actions are organized into groups:

Identity (Microsoft Entra accounts & roles)
Device (Microsoft Defender for Endpoint, known as Microsoft Secure Score for Devices)
Apps (email and cloud apps, including Office 365 and Microsoft Defender for Cloud Apps)
Data (through Microsoft Information Protection)","https://learn.microsoft.com/en-us/microsoft-365/security/defender/microsoft-secure-score?view=o365-worldwide; https://security.microsoft.com/securescore?"
"DEF-SSCO-E3","Secure Score","m365-defender","Microsoft 365 Defender","T1567.002","Exfiltration to Cloud Storage","Exfiltration","detect","minimal","Microsoft Secure Score is a measurement of an organization's security posture, with a higher number indicating more recommended actions taken. It can be found at Microsoft Secure Score in the Microsoft Defender portal.

Following the Secure Score recommendations can protect your organization from threats. From a centralized dashboard in the Microsoft Defender portal, organizations can monitor and work on the security of their Microsoft 365 identities, apps, and devices. Your score is updated in real time to reflect the information presented in the visualizations and recommended action pages. Secure Score also syncs daily to receive system data about your achieved points for each action.

To help you find the information you need more quickly, Microsoft recommended actions are organized into groups:

Identity (Microsoft Entra accounts & roles)
Device (Microsoft Defender for Endpoint, known as Microsoft Secure Score for Devices)
Apps (email and cloud apps, including Office 365 and Microsoft Defender for Cloud Apps)
Data (through Microsoft Information Protection)","https://learn.microsoft.com/en-us/microsoft-365/security/defender/microsoft-secure-score?view=o365-worldwide; https://security.microsoft.com/securescore?"
"DEF-SSCO-E3","Secure Score","m365-defender","Microsoft 365 Defender","T1567.004","Exfiltration Over Webhook","Exfiltration","detect","minimal","Microsoft Secure Score is a measurement of an organization's security posture, with a higher number indicating more recommended actions taken. It can be found at Microsoft Secure Score in the Microsoft Defender portal.

Following the Secure Score recommendations can protect your organization from threats. From a centralized dashboard in the Microsoft Defender portal, organizations can monitor and work on the security of their Microsoft 365 identities, apps, and devices. Your score is updated in real time to reflect the information presented in the visualizations and recommended action pages. Secure Score also syncs daily to receive system data about your achieved points for each action.

To help you find the information you need more quickly, Microsoft recommended actions are organized into groups:

Identity (Microsoft Entra accounts & roles)
Device (Microsoft Defender for Endpoint, known as Microsoft Secure Score for Devices)
Apps (email and cloud apps, including Office 365 and Microsoft Defender for Cloud Apps)
Data (through Microsoft Information Protection)","https://learn.microsoft.com/en-us/microsoft-365/security/defender/microsoft-secure-score?view=o365-worldwide; https://security.microsoft.com/securescore?"
"DEF-SSCO-E3","Secure Score","m365-defender","Microsoft 365 Defender","T1606","Forge Web Credentials","Credential Access","detect","minimal","Microsoft Secure Score is a measurement of an organization's security posture, with a higher number indicating more recommended actions taken. It can be found at Microsoft Secure Score in the Microsoft Defender portal.

Following the Secure Score recommendations can protect your organization from threats. From a centralized dashboard in the Microsoft Defender portal, organizations can monitor and work on the security of their Microsoft 365 identities, apps, and devices. Your score is updated in real time to reflect the information presented in the visualizations and recommended action pages. Secure Score also syncs daily to receive system data about your achieved points for each action.

To help you find the information you need more quickly, Microsoft recommended actions are organized into groups:

Identity (Microsoft Entra accounts & roles)
Device (Microsoft Defender for Endpoint, known as Microsoft Secure Score for Devices)
Apps (email and cloud apps, including Office 365 and Microsoft Defender for Cloud Apps)
Data (through Microsoft Information Protection)","https://learn.microsoft.com/en-us/microsoft-365/security/defender/microsoft-secure-score?view=o365-worldwide; https://security.microsoft.com/securescore?"
"DEF-SSCO-E3","Secure Score","m365-defender","Microsoft 365 Defender","T1651","Cloud Administration Command","Execution","detect","minimal","Microsoft Secure Score is a measurement of an organization's security posture, with a higher number indicating more recommended actions taken. It can be found at Microsoft Secure Score in the Microsoft Defender portal.

Following the Secure Score recommendations can protect your organization from threats. From a centralized dashboard in the Microsoft Defender portal, organizations can monitor and work on the security of their Microsoft 365 identities, apps, and devices. Your score is updated in real time to reflect the information presented in the visualizations and recommended action pages. Secure Score also syncs daily to receive system data about your achieved points for each action.

To help you find the information you need more quickly, Microsoft recommended actions are organized into groups:

Identity (Microsoft Entra accounts & roles)
Device (Microsoft Defender for Endpoint, known as Microsoft Secure Score for Devices)
Apps (email and cloud apps, including Office 365 and Microsoft Defender for Cloud Apps)
Data (through Microsoft Information Protection)","https://learn.microsoft.com/en-us/microsoft-365/security/defender/microsoft-secure-score?view=o365-worldwide; https://security.microsoft.com/securescore?"
"DEF-SSCO-E3","Secure Score","m365-defender","Microsoft 365 Defender","T1656","Impersonation","Defense Evasion","detect","minimal","Microsoft Secure Score is a measurement of an organization's security posture, with a higher number indicating more recommended actions taken. It can be found at Microsoft Secure Score in the Microsoft Defender portal.

Following the Secure Score recommendations can protect your organization from threats. From a centralized dashboard in the Microsoft Defender portal, organizations can monitor and work on the security of their Microsoft 365 identities, apps, and devices. Your score is updated in real time to reflect the information presented in the visualizations and recommended action pages. Secure Score also syncs daily to receive system data about your achieved points for each action.

To help you find the information you need more quickly, Microsoft recommended actions are organized into groups:

Identity (Microsoft Entra accounts & roles)
Device (Microsoft Defender for Endpoint, known as Microsoft Secure Score for Devices)
Apps (email and cloud apps, including Office 365 and Microsoft Defender for Cloud Apps)
Data (through Microsoft Information Protection)","https://learn.microsoft.com/en-us/microsoft-365/security/defender/microsoft-secure-score?view=o365-worldwide; https://security.microsoft.com/securescore?"
"DEF-SSCO-E3","Secure Score","m365-defender","Microsoft 365 Defender","T1657","Financial Theft","Impact","detect","minimal","Microsoft Secure Score is a measurement of an organization's security posture, with a higher number indicating more recommended actions taken. It can be found at Microsoft Secure Score in the Microsoft Defender portal.

Following the Secure Score recommendations can protect your organization from threats. From a centralized dashboard in the Microsoft Defender portal, organizations can monitor and work on the security of their Microsoft 365 identities, apps, and devices. Your score is updated in real time to reflect the information presented in the visualizations and recommended action pages. Secure Score also syncs daily to receive system data about your achieved points for each action.

To help you find the information you need more quickly, Microsoft recommended actions are organized into groups:

Identity (Microsoft Entra accounts & roles)
Device (Microsoft Defender for Endpoint, known as Microsoft Secure Score for Devices)
Apps (email and cloud apps, including Office 365 and Microsoft Defender for Cloud Apps)
Data (through Microsoft Information Protection)","https://learn.microsoft.com/en-us/microsoft-365/security/defender/microsoft-secure-score?view=o365-worldwide; https://security.microsoft.com/securescore?"
"EID-PWLA-E3","Passwordless Authentication","entra-id","Microsoft Entra ID","T1021.007","Cloud Services","Lateral Movement","protect","significant","Microsoft recommended the use of Passwordless authentication. This method provides the most secure MFA sign-in process by replacing the password with something you have, plus something you are or something you know.(e.g., Biometric, FIDO2 security keys, Microsoft???s Authenticator app). 

When combined with Conditional Access policies, use of strong two-factor for remote service accounts will mitigate an adversary's ability to leverage stolen credentials.

License Requirements: 
All Microsoft Entra ID licenses","https://m365maps.com/files/Entra-ID-All.htm; https://learn.microsoft.com/en-us/entra/identity/authentication/concept-authentication-methods; https://techcommunity.microsoft.com/t5/microsoft-entra-blog/all-your-creds-are-belong-to-us/ba-p/855124"
"EID-PWLA-E3","Passwordless Authentication","entra-id","Microsoft Entra ID","T1078.004","Cloud Accounts","Defense Evasion, Persistence, Privilege Escalation, Initial Access","protect","significant","Microsoft recommended the use of Passwordless authentication. This method provides the most secure MFA sign-in process by replacing the password with something you have, plus something you are or something you know.(e.g., Biometric, FIDO2 security keys, Microsoft???s Authenticator app). 

When combined with Conditional Access policies, Passwordless Authentication can significantly protect against the likelihood of adversary activity from credential attacks (e.g., brute force, token theft, etc.). 

License Requirements: 
All Microsoft Entra ID licenses","https://m365maps.com/files/Entra-ID-All.htm; https://techcommunity.microsoft.com/t5/microsoft-entra-blog/your-pa-word-doesn-t-matter/ba-p/731984; https://techcommunity.microsoft.com/t5/microsoft-entra-blog/all-your-creds-are-belong-to-us/ba-p/855124; https://learn.microsoft.com/en-us/entra/identity/authentication/concept-authentication-methods"
"EID-PWLA-E3","Passwordless Authentication","entra-id","Microsoft Entra ID","T1098.001","Additional Cloud Credentials","Persistence, Privilege Escalation","protect","significant","Microsoft recommended the use of Passwordless authentication. This method provides the most secure MFA sign-in process by replacing the password with something you have, plus something you are or something you know.(e.g., Biometric, FIDO2 security keys, Microsoft???s Authenticator app). 

When combined with Conditional Access policies, Passwordless Authentication can significantly protect against the likelihood of adversary activity (e.g., additional cloud permissions, etc.). 

License Requirements: 
All Microsoft Entra ID licenses","https://learn.microsoft.com/en-us/entra/identity/authentication/concept-authentication-methods; https://techcommunity.microsoft.com/t5/microsoft-entra-blog/all-your-creds-are-belong-to-us/ba-p/855124; https://techcommunity.microsoft.com/t5/microsoft-entra-blog/your-pa-word-doesn-t-matter/ba-p/731984; https://m365maps.com/files/Entra-ID-All.htm"
"EID-PWLA-E3","Passwordless Authentication","entra-id","Microsoft Entra ID","T1098.003","Additional Cloud Roles","Persistence, Privilege Escalation","protect","significant","Microsoft recommended the use of Passwordless authentication. This method provides the most secure MFA sign-in process by replacing the password with something you have, plus something you are or something you know.(e.g., Biometric, FIDO2 security keys, Microsoft???s Authenticator app). 

When combined with Conditional Access policies, Passwordless Authentication can significantly protect against the likelihood of adversary activity (e.g., additional cloud roles, etc.). 

License Requirements: 
All Microsoft Entra ID licenses","https://m365maps.com/files/Entra-ID-All.htm; https://techcommunity.microsoft.com/t5/microsoft-entra-blog/your-pa-word-doesn-t-matter/ba-p/731984; https://techcommunity.microsoft.com/t5/microsoft-entra-blog/all-your-creds-are-belong-to-us/ba-p/855124; https://learn.microsoft.com/en-us/entra/identity/authentication/concept-authentication-methods"
"EID-PWLA-E3","Passwordless Authentication","entra-id","Microsoft Entra ID","T1110","Brute Force","Credential Access","protect","significant","Microsoft recommended the use of Passwordless authentication. This method provides the most secure MFA sign-in process by replacing the password with something you have, plus something you are or something you know.(e.g., Biometric, FIDO2 security keys, Microsoft???s Authenticator app). 

When combined with Conditional Access policies, Passwordless Authentication can significantly protect against the likelihood of adversary activity from credential attacks (e.g., brute force, token theft, etc.). 

License Requirements: 
All Microsoft Entra ID licenses","https://m365maps.com/files/Entra-ID-All.htm; https://techcommunity.microsoft.com/t5/microsoft-entra-blog/all-your-creds-are-belong-to-us/ba-p/855124; https://learn.microsoft.com/en-us/entra/identity/authentication/concept-authentication-methods"
"EID-PWLA-E3","Passwordless Authentication","entra-id","Microsoft Entra ID","T1110","Brute Force","Credential Access","protect","significant","This control provides significant protection against this brute force technique by completing obviating the need for passwords by replacing it with passwordless credentials.","https://learn.microsoft.com/en-us/entra/identity/authentication/concept-authentication-passwordless"
"EID-PWLA-E3","Passwordless Authentication","entra-id","Microsoft Entra ID","T1110.001","Password Guessing","Credential Access","protect","significant","Microsoft recommended the use of Passwordless authentication. This method provides the most secure MFA sign-in process by replacing the password with something you have, plus something you are or something you know.(e.g., Biometric, FIDO2 security keys, Microsoft???s Authenticator app). 

When combined with Conditional Access policies, Passwordless Authentication can significantly protect against the likelihood of adversary activity from credential attacks (e.g., brute force, token theft, etc.). 

License Requirements: 
All Microsoft Entra ID licenses","https://techcommunity.microsoft.com/t5/microsoft-entra-blog/all-your-creds-are-belong-to-us/ba-p/855124; https://learn.microsoft.com/en-us/entra/identity/authentication/concept-authentication-methods; https://m365maps.com/files/Entra-ID-All.htm"
"EID-PWLA-E3","Passwordless Authentication","entra-id","Microsoft Entra ID","T1110.001","Password Guessing","Credential Access","protect","significant","This control provides significant protection against password based attacks by completing obviating the need for passwords by replacing it with passwordless credentials.",""
"EID-PWLA-E3","Passwordless Authentication","entra-id","Microsoft Entra ID","T1110.002","Password Cracking","Credential Access","protect","significant","Microsoft recommended the use of Passwordless authentication. This method provides the most secure MFA sign-in process by replacing the password with something you have, plus something you are or something you know.(e.g., Biometric, FIDO2 security keys, Microsoft???s Authenticator app). 

When combined with Conditional Access policies, Passwordless Authentication can significantly protect against the likelihood of adversary activity from credential attacks (e.g., brute force, token theft, etc.). 

License Requirements: 
All Microsoft Entra ID licenses","https://techcommunity.microsoft.com/t5/microsoft-entra-blog/all-your-creds-are-belong-to-us/ba-p/855124; https://learn.microsoft.com/en-us/entra/identity/authentication/concept-authentication-methods; https://m365maps.com/files/Entra-ID-All.htm"
"EID-PWLA-E3","Passwordless Authentication","entra-id","Microsoft Entra ID","T1110.002","Password Cracking","Credential Access","protect","significant","This control provides significant protection against password based attacks by completing obviating the need for passwords by replacing it with passwordless credentials.",""
"EID-PWLA-E3","Passwordless Authentication","entra-id","Microsoft Entra ID","T1110.003","Password Spraying","Credential Access","protect","significant","Microsoft recommended the use of Passwordless authentication. This method provides the most secure MFA sign-in process by replacing the password with something you have, plus something you are or something you know.(e.g., Biometric, FIDO2 security keys, Microsoft???s Authenticator app). 

When combined with Conditional Access policies, Passwordless Authentication can significantly protect against the likelihood of adversary activity from credential attacks (e.g., brute force, token theft, etc.). 

License Requirements: 
All Microsoft Entra ID licenses","https://techcommunity.microsoft.com/t5/microsoft-entra-blog/all-your-creds-are-belong-to-us/ba-p/855124; https://learn.microsoft.com/en-us/entra/identity/authentication/concept-authentication-methods; https://m365maps.com/files/Entra-ID-All.htm"
"EID-PWLA-E3","Passwordless Authentication","entra-id","Microsoft Entra ID","T1110.003","Password Spraying","Credential Access","protect","significant","This control provides significant protection against password based attacks by completing obviating the need for passwords by replacing it with passwordless credentials.",""
"EID-PWLA-E3","Passwordless Authentication","entra-id","Microsoft Entra ID","T1110.004","Credential Stuffing","Credential Access","protect","significant","Microsoft recommended the use of Passwordless authentication. This method provides the most secure MFA sign-in process by replacing the password with something you have, plus something you are or something you know.(e.g., Biometric, FIDO2 security keys, Microsoft???s Authenticator app). 

When combined with Conditional Access policies, Passwordless Authentication can significantly protect against the likelihood of adversary activity from credential attacks (e.g., brute force, token theft, etc.). 

License Requirements: 
All Microsoft Entra ID licenses","https://techcommunity.microsoft.com/t5/microsoft-entra-blog/all-your-creds-are-belong-to-us/ba-p/855124; https://learn.microsoft.com/en-us/entra/identity/authentication/concept-authentication-methods; https://m365maps.com/files/Entra-ID-All.htm"
"EID-PWLA-E3","Passwordless Authentication","entra-id","Microsoft Entra ID","T1110.004","Credential Stuffing","Credential Access","protect","significant","This control provides significant protection against password based attacks by completing obviating the need for passwords by replacing it with passwordless credentials.",""
"EID-PWLA-E3","Passwordless Authentication","entra-id","Microsoft Entra ID","T1136.003","Cloud Account","Persistence","protect","significant","Microsoft recommended the use of Passwordless authentication. This method provides the most secure MFA sign-in process by replacing the password with something you have, plus something you are or something you know.(e.g., Biometric, FIDO2 security keys, Microsoft???s Authenticator app). 

When combined with Conditional Access policies, Passwordless Authentication can significantly protect against the likelihood of adversary activity (e.g., account creation, etc.). 

License Requirements: 
All Microsoft Entra ID licenses","https://m365maps.com/files/Entra-ID-All.htm; https://techcommunity.microsoft.com/t5/microsoft-entra-blog/your-pa-word-doesn-t-matter/ba-p/731984; https://techcommunity.microsoft.com/t5/microsoft-entra-blog/all-your-creds-are-belong-to-us/ba-p/855124; https://learn.microsoft.com/en-us/entra/identity/authentication/concept-authentication-methods"
"EID-PWLA-E3","Passwordless Authentication","entra-id","Microsoft Entra ID","T1531","Account Access Removal","Impact","protect","significant","Microsoft recommended the use of Passwordless authentication. This method provides the most secure MFA sign-in process by replacing the password with something you have, plus something you are or something you know.(e.g., Biometric, FIDO2 security keys, Microsoft???s Authenticator app). 

When combined with Conditional Access policies, Passwordless Authentication can significantly protect against the likelihood of adversary activity (e.g., account creation, account deletion etc.). 

License Requirements: 
All Microsoft Entra ID licenses","https://learn.microsoft.com/en-us/entra/identity/authentication/concept-authentication-methods; https://techcommunity.microsoft.com/t5/microsoft-entra-blog/your-pa-word-doesn-t-matter/ba-p/731984; https://m365maps.com/files/Entra-ID-All.htm"
"EID-PWLA-E3","Passwordless Authentication","entra-id","Microsoft Entra ID","T1539","Steal Web Session Cookie","Credential Access","protect","significant","Microsoft recommended the use of Passwordless authentication. This method provides the most secure MFA sign-in process by replacing the password with something you have, plus something you are or something you know.(e.g., Biometric, FIDO2 security keys, Microsoft???s Authenticator app). 

When combined with Conditional Access policies, Passwordless Authentication can significantly protect against the likelihood of adversary activity from credential attacks (e.g., token theft, etc.). 

License Requirements: 
All Microsoft Entra ID licenses","https://techcommunity.microsoft.com/t5/microsoft-entra-blog/all-your-creds-are-belong-to-us/ba-p/855124; https://m365maps.com/files/Entra-ID-All.htm; https://learn.microsoft.com/en-us/entra/identity/authentication/concept-authentication-methods"
"EID-IDPR-E5","ID Protection","entra-id","Microsoft Entra ID","T1021.008","Direct Cloud VM Connections","Lateral Movement","detect","partial","As this technique involves the use of Valid Accounts, Defender's behavioral analytics and Conditional Access can also lead to the detection of Direct Cloud VM Connections.","https://learn.microsoft.com/en-us/defender-cloud-apps/tutorial-suspicious-activity;  https://learn.microsoft.com/en-us/defender-cloud-apps/manage-admins;  https://learn.microsoft.com/en-us/defender-cloud-apps/conditional-access-app-control-how-to-overview"
"EID-IDPR-E5","ID Protection","entra-id","Microsoft Entra ID","T1021.008","Direct Cloud VM Connections","Lateral Movement","detect","partial","As this technique involves the use of Valid Accounts, Entra ID Protection's partial detection of the use of Valid Accounts for malicious purposes can also lead to the detection of Direct Cloud VM Connections.",""
"EID-IDPR-E5","ID Protection","entra-id","Microsoft Entra ID","T1078","Valid Accounts","Defense Evasion, Persistence, Privilege Escalation, Initial Access","detect","partial","This control provides partial detection for some of this technique's sub-techniques and procedure examples resulting in an overall Partial detection score.","https://learn.microsoft.com/en-us/entra/id-protection/howto-identity-protection-investigate-risk; https://learn.microsoft.com/en-us/entra/id-protection/overview-identity-protection; https://learn.microsoft.com/en-us/entra/id-protection/concept-identity-protection-risks; https://techcommunity.microsoft.com/t5/azure-active-directory-identity/azuread-identity-protection-adds-support-for-federated/ba-p/244328"
"EID-IDPR-E5","ID Protection","entra-id","Microsoft Entra ID","T1078.002","Domain Accounts","Defense Evasion, Persistence, Privilege Escalation, Initial Access","detect","partial","When Azure Active Directory (AAD) Federation is configured for a tenant, an adversary that compromises a domain credential can use it to access (Azure) cloud resources. Identity Protection supports applying its risk detections (e.g.:  Anonymous IP address, Atypical travel, Malware linked IP address, Unfamiliar sign-in properties, etc.) to federated identities thereby providing detection mitigation for this risk. Because this detection is specific to an adversary utilizing valid domain credentials to access cloud resources and does not mitigate the usage of valid domain credentials to access on-premise resources, this detection has been scored as Partial.

The temporal factor of this control's detection is low because although there are some real-time detections most are offline detections (multi-day).",""
"EID-IDPR-E5","ID Protection","entra-id","Microsoft Entra ID","T1078.004","Cloud Accounts","Defense Evasion, Persistence, Privilege Escalation, Initial Access","detect","partial","This control provides risk detections that can be used to detect suspicious uses of valid accounts, e.g.:  Anonymous IP address, Atypical travel, Malware linked IP address, Unfamiliar sign-in properties, etc.  Microsoft utilizes machine learning and heuristic systems to reduce the false positive rate but there will be false positives.
The temporal factor of this control's detection is low because although there are some real-time detections most are offline detections (multi-day).",""
"EID-IDPR-E5","ID Protection","entra-id","Microsoft Entra ID","T1078.004","Cloud Accounts","Defense Evasion, Persistence, Privilege Escalation, Initial Access","respond","significant","Response Type:  Eradication
Supports blocking and resetting the user's credentials based on the detection of a risky user/sign-in manually and also supports automation via its user and sign-in risk policies.",""
"EID-IDPR-E5","ID Protection","entra-id","Microsoft Entra ID","T1098","Account Manipulation","Persistence, Privilege Escalation","protect","significant","Microsoft Entra ID Protection helps organizations detect, investigate, and remediate identity-based risks. These identity-based risks can be further fed into tools like Conditional Access to make access decisions or fed back to a security information and event management (SIEM) tool for further investigation and correlation. Identity Protection requires users be a Security Reader, Security Operator, Security Administrator, Global Reader, or Global Administrator in order to access the dashboard.

License Requirements: 
Microsoft Entra ID P2","https://learn.microsoft.com/en-us/entra/id-protection/overview-identity-protection"
"EID-IDPR-E5","ID Protection","entra-id","Microsoft Entra ID","T1098.001","Additional Cloud Credentials","Persistence, Privilege Escalation","protect","partial","Microsoft Entra ID Protection helps organizations detect, investigate, and remediate identity-based risks. These identity-based risks can be further fed into tools like Conditional Access to make access decisions or fed back to a security information and event management (SIEM) tool for further investigation and correlation. Identity Protection requires users be a Security Reader, Security Operator, Security Administrator, Global Reader, or Global Administrator in order to access the dashboard. 

Risk-based Conditional Access policies can be enabled to require access controls such as providing a strong authentication method, perform multi-factor authentication, or perform a secure password reset based on the detected risk level. If the user successfully completes the access control, the risk is automatically remediated.

License Requirements: 
Microsoft Entra ID P2","https://learn.microsoft.com/en-us/entra/id-protection/overview-identity-protection"
"EID-IDPR-E5","ID Protection","entra-id","Microsoft Entra ID","T1098.003","Additional Cloud Roles","Persistence, Privilege Escalation","detect","significant","Microsoft Entra ID Protection helps organizations detect, investigate, and remediate identity-based risks. These identity-based risks can be further fed into tools like Conditional Access to make access decisions or fed back to a security information and event management (SIEM) tool for further investigation and correlation. Identity Protection requires users be a Security Reader, Security Operator, Security Administrator, Global Reader, or Global Administrator in order to access the dashboard. 

Risk-based Conditional Access policies can be enabled to require access controls such as providing a strong authentication method, perform multi-factor authentication, or perform a secure password reset based on the detected risk level. If the user successfully completes the access control, the risk is automatically remediated.

License Requirements: 
Microsoft Entra ID P2","https://learn.microsoft.com/en-us/entra/id-protection/overview-identity-protection"
"EID-IDPR-E5","ID Protection","entra-id","Microsoft Entra ID","T1110","Brute Force","Credential Access","detect","minimal","This control provides Minimal detection for one of this technique's sub-techniques while not providing any detection for the remaining, resulting in a Minimal score.","https://learn.microsoft.com/en-us/entra/id-protection/howto-identity-protection-investigate-risk; https://learn.microsoft.com/en-us/entra/id-protection/overview-identity-protection; https://learn.microsoft.com/en-us/entra/id-protection/concept-identity-protection-risks; https://techcommunity.microsoft.com/t5/azure-active-directory-identity/azuread-identity-protection-adds-support-for-federated/ba-p/244328"
"EID-IDPR-E5","ID Protection","entra-id","Microsoft Entra ID","T1110","Brute Force","Credential Access","respond","minimal","Provides significant response capabilities for one of this technique's sub-techniques (Password Spray).  Due to this capability being specific to one of its sub-techniques and not its remaining sub-techniques, the coverage score is Minimal resulting in an overall Minimal score.","https://learn.microsoft.com/en-us/entra/id-protection/howto-identity-protection-investigate-risk; https://learn.microsoft.com/en-us/entra/id-protection/overview-identity-protection; https://learn.microsoft.com/en-us/entra/id-protection/concept-identity-protection-risks; https://techcommunity.microsoft.com/t5/azure-active-directory-identity/azuread-identity-protection-adds-support-for-federated/ba-p/244328"
"EID-IDPR-E5","ID Protection","entra-id","Microsoft Entra ID","T1110","Brute Force","Credential Access","protect","partial","Microsoft Entra ID Protection helps organizations detect, investigate, and remediate identity-based risks. These identity-based risks can be further fed into tools like Conditional Access to make access decisions or fed back to a security information and event management (SIEM) tool for further investigation and correlation. During each sign-in, Identity Protection runs all real-time sign-in detections generating a sign-in session risk level, indicating how likely the sign-in has been compromised. Based on this risk level, policies are then applied to protect the user and the organization. 

Risk-based Conditional Access policies can be enabled to require access controls such as providing a strong authentication method, perform multi-factor authentication, or perform a secure password reset based on the detected risk level. If the user successfully completes the access control, the risk is automatically remediated.

License Requirements: 
Microsoft Entra ID P2","https://learn.microsoft.com/en-us/entra/id-protection/overview-identity-protection"
"EID-IDPR-E5","ID Protection","entra-id","Microsoft Entra ID","T1110.001","Password Guessing","Credential Access","protect","partial","Microsoft Entra ID Protection helps organizations detect, investigate, and remediate identity-based risks. These identity-based risks can be further fed into tools like Conditional Access to make access decisions or fed back to a security information and event management (SIEM) tool for further investigation and correlation. During each sign-in, Identity Protection runs all real-time sign-in detections generating a sign-in session risk level, indicating how likely the sign-in has been compromised. Based on this risk level, policies are then applied to protect the user and the organization. 

Risk-based Conditional Access policies can be enabled to require access controls such as providing a strong authentication method, perform multi-factor authentication, or perform a secure password reset based on the detected risk level. If the user successfully completes the access control, the risk is automatically remediated.

License Requirements: 
Microsoft Entra ID P2","https://learn.microsoft.com/en-us/entra/id-protection/overview-identity-protection"
"EID-IDPR-E5","ID Protection","entra-id","Microsoft Entra ID","T1110.002","Password Cracking","Credential Access","protect","partial","Microsoft Entra ID Protection helps organizations detect, investigate, and remediate identity-based risks. These identity-based risks can be further fed into tools like Conditional Access to make access decisions or fed back to a security information and event management (SIEM) tool for further investigation and correlation. During each sign-in, Identity Protection runs all real-time sign-in detections generating a sign-in session risk level, indicating how likely the sign-in has been compromised. Based on this risk level, policies are then applied to protect the user and the organization. 

Risk-based Conditional Access policies can be enabled to require access controls such as providing a strong authentication method, perform multi-factor authentication, or perform a secure password reset based on the detected risk level. If the user successfully completes the access control, the risk is automatically remediated.

License Requirements: 
Microsoft Entra ID P2","https://learn.microsoft.com/en-us/entra/id-protection/overview-identity-protection"
"EID-IDPR-E5","ID Protection","entra-id","Microsoft Entra ID","T1110.003","Password Spraying","Credential Access","detect","partial","This control specifically provides detection of Password Spray attacks for Azure Active Directory accounts.  Microsoft documentation states that this detection is based on a machine learning algorithm that has been improved with the latest improvement yielding a 100 percent increase in recall and  98 percent precision.  The temporal factor for this detection is Partial as its detection is described as offline (i.e. detections may not show up in reporting for two to twenty-four hours).",""
"EID-IDPR-E5","ID Protection","entra-id","Microsoft Entra ID","T1110.003","Password Spraying","Credential Access","respond","significant","Response Type:  Eradication
Supports blocking and resetting the user's credentials based on the detection of a risky user/sign-in (such as Password Spray attack) manually and also supports automation via its user and sign-in risk policies.",""
"EID-IDPR-E5","ID Protection","entra-id","Microsoft Entra ID","T1110.003","Password Spraying","Credential Access","protect","partial","Microsoft Entra ID Protection helps organizations detect, investigate, and remediate identity-based risks. These identity-based risks can be further fed into tools like Conditional Access to make access decisions or fed back to a security information and event management (SIEM) tool for further investigation and correlation. During each sign-in, Identity Protection runs all real-time sign-in detections generating a sign-in session risk level, indicating how likely the sign-in has been compromised. Based on this risk level, policies are then applied to protect the user and the organization. 

Risk-based Conditional Access policies can be enabled to require access controls such as providing a strong authentication method, perform multi-factor authentication, or perform a secure password reset based on the detected risk level. If the user successfully completes the access control, the risk is automatically remediated.

License Requirements: 
Microsoft Entra ID P2","https://learn.microsoft.com/en-us/entra/id-protection/overview-identity-protection"
"EID-IDPR-E5","ID Protection","entra-id","Microsoft Entra ID","T1110.004","Credential Stuffing","Credential Access","protect","partial","Microsoft Entra ID Protection helps organizations detect, investigate, and remediate identity-based risks. These identity-based risks can be further fed into tools like Conditional Access to make access decisions or fed back to a security information and event management (SIEM) tool for further investigation and correlation. During each sign-in, Identity Protection runs all real-time sign-in detections generating a sign-in session risk level, indicating how likely the sign-in has been compromised. Based on this risk level, policies are then applied to protect the user and the organization. 

Risk-based Conditional Access policies can be enabled to require access controls such as providing a strong authentication method, perform multi-factor authentication, or perform a secure password reset based on the detected risk level. If the user successfully completes the access control, the risk is automatically remediated.

License Requirements: 
Microsoft Entra ID P2","https://learn.microsoft.com/en-us/entra/id-protection/overview-identity-protection"
"EID-IDPR-E5","ID Protection","entra-id","Microsoft Entra ID","T1556","Modify Authentication Process","Credential Access, Defense Evasion, Persistence","protect","minimal","During each sign-in, Identity Protection runs all real-time sign-in detections generating a sign-in session risk level, indicating how likely the sign-in has been compromised. Based on this risk level, policies are then applied to protect the user and the organization.

Risk-based Conditional Access policies can be enabled to require access controls such as providing a strong authentication method, perform multi-factor authentication, or perform a secure password reset based on the detected risk level. If the user successfully completes the access control, the risk is automatically remediated.

License Requirements: 
Microsoft Entra ID P2","https://learn.microsoft.com/en-us/entra/id-protection/howto-identity-protection-configure-risk-policies; https://learn.microsoft.com/en-us/entra/id-protection/overview-identity-protection"
"EID-IDPR-E5","ID Protection","entra-id","Microsoft Entra ID","T1556.006","Multi-Factor Authentication","Credential Access, Defense Evasion, Persistence","protect","significant","During each sign-in, Identity Protection runs all real-time sign-in detections generating a sign-in session risk level, indicating how likely the sign-in has been compromised. Based on this risk level, policies are then applied to protect the user and the organization.

Risk-based Conditional Access policies can be enabled to require access controls such as providing a strong authentication method, perform multi-factor authentication, or perform a secure password reset based on the detected risk level. If the user successfully completes the access control, the risk is automatically remediated.

License Requirements: 
Microsoft Entra ID P2","https://learn.microsoft.com/en-us/entra/id-protection/howto-identity-protection-configure-risk-policies; https://learn.microsoft.com/en-us/entra/id-protection/overview-identity-protection"
"EID-IDPR-E5","ID Protection","entra-id","Microsoft Entra ID","T1586.003","Cloud Accounts","Resource Development","protect","partial","Cloud accounts should have complex and unique passwords across all systems on the network. Microsoft Entra ID Protection helps organizations detect, investigate, and remediate identity-based risks. These identity-based risks can be further fed into tools like Conditional Access to make access decisions or fed back to a security information and event management (SIEM) tool for further investigation and correlation. During each sign-in, Identity Protection runs all real-time sign-in detections generating a sign-in session risk level, indicating how likely the sign-in has been compromised. Based on this risk level, policies are then applied to protect the user and the organization.

License Requirements: 
Microsoft Entra ID P2","https://learn.microsoft.com/en-us/entra/id-protection/overview-identity-protection"
"EID-IDPR-E5","ID Protection","entra-id","Microsoft Entra ID","T1621","Multi-Factor Authentication Request Generation","Credential Access","protect","significant","During each sign-in, Identity Protection runs all real-time sign-in detections generating a sign-in session risk level, indicating how likely the sign-in has been compromised. Based on this risk level, policies are then applied to protect the user and the organization.

Risk-based Conditional Access policies can be enabled to require access controls such as providing a strong authentication method, perform multi-factor authentication, or perform a secure password reset based on the detected risk level. If the user successfully completes the access control, the risk is automatically remediated.

License Requirements: 
Microsoft Entra ID P2","https://learn.microsoft.com/en-us/entra/id-protection/howto-identity-protection-configure-risk-policies; https://learn.microsoft.com/en-us/entra/id-protection/overview-identity-protection"
"EID-IDPR-E5","ID Protection","entra-id","Microsoft Entra ID","T1606","Forge Web Credentials","Credential Access","detect","partial","This control can be effective at detecting forged web credentials because it uses environmental properties (e.g. IP address, device info, etc.) to detect risky users and sign-ins even when valid credentials are utilized.  It provides partial coverage of this technique's sub-techniques and therefore has been assessed a Partial score.","https://learn.microsoft.com/en-us/entra/id-protection/howto-identity-protection-investigate-risk; https://learn.microsoft.com/en-us/entra/id-protection/overview-identity-protection; https://learn.microsoft.com/en-us/entra/id-protection/concept-identity-protection-risks; https://techcommunity.microsoft.com/t5/azure-active-directory-identity/azuread-identity-protection-adds-support-for-federated/ba-p/244328"
"EID-IDPR-E5","ID Protection","entra-id","Microsoft Entra ID","T1606","Forge Web Credentials","Credential Access","respond","partial","Provides Significant response capabilities for one of this technique's sub-techniques (SAML tokens).","https://learn.microsoft.com/en-us/entra/id-protection/howto-identity-protection-investigate-risk; https://learn.microsoft.com/en-us/entra/id-protection/overview-identity-protection; https://learn.microsoft.com/en-us/entra/id-protection/concept-identity-protection-risks; https://techcommunity.microsoft.com/t5/azure-active-directory-identity/azuread-identity-protection-adds-support-for-federated/ba-p/244328"
"EID-IDPR-E5","ID Protection","entra-id","Microsoft Entra ID","T1606.002","SAML Tokens","Credential Access","detect","partial","This control supports detecting risky sign-ins and users that involve federated users and therefore can potentially alert on this activity.  Not all alert types for this control support federated accounts therefore the detection coverage for this technique is partial.",""
"EID-IDPR-E5","ID Protection","entra-id","Microsoft Entra ID","T1606.002","SAML Tokens","Credential Access","respond","significant","Response Type:  Eradication
Supports blocking and resetting the user's credentials based on the detection of a risky user/sign-in manually and also supports automation via its user and sign-in risk policies.",""
"EOP-AMW-E3","Antimalware","eop","Exchange Online Protection","T1027","Obfuscated Files or Information","Defense Evasion","protect","significant","In Microsoft 365 organizations with mailboxes in Exchange Online or standalone Exchange Online Protection (EOP) organizations without Exchange Online mailboxes, email messages are automatically protected against malware by EOP. Some of the major categories of malware are:

Viruses that infect other programs and data, and spread through your computer or network looking for programs to infect.
Spyware that gathers your personal information, such as sign-in information and personal data, and sends it back to its author.
Ransomware that encrypts your data and demands payment to decrypt it. Anti-malware software doesn't help you decrypt encrypted files, but it can detect the malware payload that's associated with the ransomware.
EOP offers multi-layered malware protection that's designed to catch all known malware in Windows, Linux, and Mac that travels into or out of your organization. The following options help provide anti-malware protection:

Layered defenses against malware: Multiple anti-malware scan engines help protect against both known and unknown threats. These engines include powerful heuristic detection to provide protection even during the early stages of a malware outbreak. This multi-engine approach has been shown to provide significantly more protection than using just one anti-malware engine.
Real-time threat response: During some outbreaks, the anti-malware team might have enough information about a virus or other form of malware to write sophisticated policy rules that detect the threat, even before a definition is available from any of the scan engines used by the service. These rules are published to the global network every 2 hours to provide your organization with an extra layer of protection against attacks.
Fast anti-malware definition deployment: The anti-malware team maintains close relationships with partners who develop anti-malware engines. As a result, the service can receive and integrate malware definitions and patches before they're publicly released. Our connection with these partners often allows us to develop our own remedies as well. The service checks for updated definitions for all anti-malware engines every hour.

License Requirements: M365 E3 or Microsoft Defender for Office plan 1. ","https://learn.microsoft.com/en-us/microsoft-365/security/office-365-security/anti-malware-protection-about?view=o365-worldwide"
"EOP-AMW-E3","Antimalware","eop","Exchange Online Protection","T1036","Masquerading","Defense Evasion","protect","significant","In Microsoft 365 organizations with mailboxes in Exchange Online or standalone Exchange Online Protection (EOP) organizations without Exchange Online mailboxes, email messages are automatically protected against malware by EOP. Some of the major categories of malware are:

Viruses that infect other programs and data, and spread through your computer or network looking for programs to infect.
Spyware that gathers your personal information, such as sign-in information and personal data, and sends it back to its author.
Ransomware that encrypts your data and demands payment to decrypt it. Anti-malware software doesn't help you decrypt encrypted files, but it can detect the malware payload that's associated with the ransomware.
EOP offers multi-layered malware protection that's designed to catch all known malware in Windows, Linux, and Mac that travels into or out of your organization. The following options help provide anti-malware protection:

Layered defenses against malware: Multiple anti-malware scan engines help protect against both known and unknown threats. These engines include powerful heuristic detection to provide protection even during the early stages of a malware outbreak. This multi-engine approach has been shown to provide significantly more protection than using just one anti-malware engine.
Real-time threat response: During some outbreaks, the anti-malware team might have enough information about a virus or other form of malware to write sophisticated policy rules that detect the threat, even before a definition is available from any of the scan engines used by the service. These rules are published to the global network every 2 hours to provide your organization with an extra layer of protection against attacks.
Fast anti-malware definition deployment: The anti-malware team maintains close relationships with partners who develop anti-malware engines. As a result, the service can receive and integrate malware definitions and patches before they're publicly released. Our connection with these partners often allows us to develop our own remedies as well. The service checks for updated definitions for all anti-malware engines every hour.

License Requirements: M365 E3 or Microsoft Defender for Office plan 1. ","https://learn.microsoft.com/en-us/microsoft-365/security/office-365-security/anti-malware-protection-about?view=o365-worldwide"
"EOP-AMW-E3","Antimalware","eop","Exchange Online Protection","T1036.007","Double File Extension","Defense Evasion","protect","minimal","M365's Antimalware capability can be used to block specified file types from executing. This can be configured to only block nonessential file types (such as .exe files), which could prevent files with double extensions from being opened. However, this does not combat the technique as a whole.","https://learn.microsoft.com/en-us/microsoft-365/security/office-365-security/anti-malware-protection-about?view=o365-worldwide"
"EOP-AMW-E3","Antimalware","eop","Exchange Online Protection","T1036.010","Masquerade Account Name","Defense Evasion","protect","significant","In Microsoft 365 organizations with mailboxes in Exchange Online or standalone Exchange Online Protection (EOP) organizations without Exchange Online mailboxes, email messages are automatically protected against malware by EOP. Some of the major categories of malware are:

Viruses that infect other programs and data, and spread through your computer or network looking for programs to infect.
Spyware that gathers your personal information, such as sign-in information and personal data, and sends it back to its author.
Ransomware that encrypts your data and demands payment to decrypt it. Anti-malware software doesn't help you decrypt encrypted files, but it can detect the malware payload that's associated with the ransomware.
EOP offers multi-layered malware protection that's designed to catch all known malware in Windows, Linux, and Mac that travels into or out of your organization. The following options help provide anti-malware protection:

Layered defenses against malware: Multiple anti-malware scan engines help protect against both known and unknown threats. These engines include powerful heuristic detection to provide protection even during the early stages of a malware outbreak. This multi-engine approach has been shown to provide significantly more protection than using just one anti-malware engine.
Real-time threat response: During some outbreaks, the anti-malware team might have enough information about a virus or other form of malware to write sophisticated policy rules that detect the threat, even before a definition is available from any of the scan engines used by the service. These rules are published to the global network every 2 hours to provide your organization with an extra layer of protection against attacks.
Fast anti-malware definition deployment: The anti-malware team maintains close relationships with partners who develop anti-malware engines. As a result, the service can receive and integrate malware definitions and patches before they're publicly released. Our connection with these partners often allows us to develop our own remedies as well. The service checks for updated definitions for all anti-malware engines every hour.

License Requirements: M365 E3 or Microsoft Defender for Office plan 1. ",""
"EOP-AMW-E3","Antimalware","eop","Exchange Online Protection","T1059","Command and Scripting Interpreter","Execution","protect","significant","In Microsoft 365 organizations with mailboxes in Exchange Online or standalone Exchange Online Protection (EOP) organizations without Exchange Online mailboxes, email messages are automatically protected against malware by EOP. Some of the major categories of malware are:

Viruses that infect other programs and data, and spread through your computer or network looking for programs to infect.
Spyware that gathers your personal information, such as sign-in information and personal data, and sends it back to its author.
Ransomware that encrypts your data and demands payment to decrypt it. Anti-malware software doesn't help you decrypt encrypted files, but it can detect the malware payload that's associated with the ransomware.
EOP offers multi-layered malware protection that's designed to catch all known malware in Windows, Linux, and Mac that travels into or out of your organization. The following options help provide anti-malware protection:

Layered defenses against malware: Multiple anti-malware scan engines help protect against both known and unknown threats. These engines include powerful heuristic detection to provide protection even during the early stages of a malware outbreak. This multi-engine approach has been shown to provide significantly more protection than using just one anti-malware engine.
Real-time threat response: During some outbreaks, the anti-malware team might have enough information about a virus or other form of malware to write sophisticated policy rules that detect the threat, even before a definition is available from any of the scan engines used by the service. These rules are published to the global network every 2 hours to provide your organization with an extra layer of protection against attacks.
Fast anti-malware definition deployment: The anti-malware team maintains close relationships with partners who develop anti-malware engines. As a result, the service can receive and integrate malware definitions and patches before they're publicly released. Our connection with these partners often allows us to develop our own remedies as well. The service checks for updated definitions for all anti-malware engines every hour.

License Requirements: M365 E3 or Microsoft Defender for Office plan 1. ","https://learn.microsoft.com/en-us/microsoft-365/security/office-365-security/anti-malware-protection-about?view=o365-worldwide"
"EOP-AMW-E3","Antimalware","eop","Exchange Online Protection","T1059.001","PowerShell","Execution","protect","significant","In Microsoft 365 organizations with mailboxes in Exchange Online or standalone Exchange Online Protection (EOP) organizations without Exchange Online mailboxes, email messages are automatically protected against malware by EOP. Some of the major categories of malware are:

Viruses that infect other programs and data, and spread through your computer or network looking for programs to infect.
Spyware that gathers your personal information, such as sign-in information and personal data, and sends it back to its author.
Ransomware that encrypts your data and demands payment to decrypt it. Anti-malware software doesn't help you decrypt encrypted files, but it can detect the malware payload that's associated with the ransomware.
EOP offers multi-layered malware protection that's designed to catch all known malware in Windows, Linux, and Mac that travels into or out of your organization. The following options help provide anti-malware protection:

Layered defenses against malware: Multiple anti-malware scan engines help protect against both known and unknown threats. These engines include powerful heuristic detection to provide protection even during the early stages of a malware outbreak. This multi-engine approach has been shown to provide significantly more protection than using just one anti-malware engine.
Real-time threat response: During some outbreaks, the anti-malware team might have enough information about a virus or other form of malware to write sophisticated policy rules that detect the threat, even before a definition is available from any of the scan engines used by the service. These rules are published to the global network every 2 hours to provide your organization with an extra layer of protection against attacks.
Fast anti-malware definition deployment: The anti-malware team maintains close relationships with partners who develop anti-malware engines. As a result, the service can receive and integrate malware definitions and patches before they're publicly released. Our connection with these partners often allows us to develop our own remedies as well. The service checks for updated definitions for all anti-malware engines every hour.

License Requirements: M365 E3 or Microsoft Defender for Office plan 1. ","https://learn.microsoft.com/en-us/microsoft-365/security/office-365-security/anti-malware-protection-about?view=o365-worldwide"
"EOP-AMW-E3","Antimalware","eop","Exchange Online Protection","T1059.006","Python","Execution","protect","significant","In Microsoft 365 organizations with mailboxes in Exchange Online or standalone Exchange Online Protection (EOP) organizations without Exchange Online mailboxes, email messages are automatically protected against malware by EOP. Some of the major categories of malware are:

Viruses that infect other programs and data, and spread through your computer or network looking for programs to infect.
Spyware that gathers your personal information, such as sign-in information and personal data, and sends it back to its author.
Ransomware that encrypts your data and demands payment to decrypt it. Anti-malware software doesn't help you decrypt encrypted files, but it can detect the malware payload that's associated with the ransomware.
EOP offers multi-layered malware protection that's designed to catch all known malware in Windows, Linux, and Mac that travels into or out of your organization. The following options help provide anti-malware protection:

Layered defenses against malware: Multiple anti-malware scan engines help protect against both known and unknown threats. These engines include powerful heuristic detection to provide protection even during the early stages of a malware outbreak. This multi-engine approach has been shown to provide significantly more protection than using just one anti-malware engine.
Real-time threat response: During some outbreaks, the anti-malware team might have enough information about a virus or other form of malware to write sophisticated policy rules that detect the threat, even before a definition is available from any of the scan engines used by the service. These rules are published to the global network every 2 hours to provide your organization with an extra layer of protection against attacks.
Fast anti-malware definition deployment: The anti-malware team maintains close relationships with partners who develop anti-malware engines. As a result, the service can receive and integrate malware definitions and patches before they're publicly released. Our connection with these partners often allows us to develop our own remedies as well. The service checks for updated definitions for all anti-malware engines every hour.

License Requirements: M365 E3 or Microsoft Defender for Office plan 1. ","https://learn.microsoft.com/en-us/microsoft-365/security/office-365-security/anti-malware-protection-about?view=o365-worldwide"
"EOP-AMW-E3","Antimalware","eop","Exchange Online Protection","T1059.009","Cloud API","Execution","protect","significant","In Microsoft 365 organizations with mailboxes in Exchange Online or standalone Exchange Online Protection (EOP) organizations without Exchange Online mailboxes, email messages are automatically protected against malware by EOP. Some of the major categories of malware are:

Viruses that infect other programs and data, and spread through your computer or network looking for programs to infect.
Spyware that gathers your personal information, such as sign-in information and personal data, and sends it back to its author.
Ransomware that encrypts your data and demands payment to decrypt it. Anti-malware software doesn't help you decrypt encrypted files, but it can detect the malware payload that's associated with the ransomware.
EOP offers multi-layered malware protection that's designed to catch all known malware in Windows, Linux, and Mac that travels into or out of your organization. The following options help provide anti-malware protection:

Layered defenses against malware: Multiple anti-malware scan engines help protect against both known and unknown threats. These engines include powerful heuristic detection to provide protection even during the early stages of a malware outbreak. This multi-engine approach has been shown to provide significantly more protection than using just one anti-malware engine.
Real-time threat response: During some outbreaks, the anti-malware team might have enough information about a virus or other form of malware to write sophisticated policy rules that detect the threat, even before a definition is available from any of the scan engines used by the service. These rules are published to the global network every 2 hours to provide your organization with an extra layer of protection against attacks.
Fast anti-malware definition deployment: The anti-malware team maintains close relationships with partners who develop anti-malware engines. As a result, the service can receive and integrate malware definitions and patches before they're publicly released. Our connection with these partners often allows us to develop our own remedies as well. The service checks for updated definitions for all anti-malware engines every hour.

License Requirements: M365 E3 or Microsoft Defender for Office plan 1. ","https://learn.microsoft.com/en-us/microsoft-365/security/office-365-security/anti-malware-protection-about?view=o365-worldwide"
"EOP-AMW-E3","Antimalware","eop","Exchange Online Protection","T1080","Taint Shared Content","Lateral Movement","protect","significant","In Microsoft 365 organizations with mailboxes in Exchange Online or standalone Exchange Online Protection (EOP) organizations without Exchange Online mailboxes, email messages are automatically protected against malware by EOP. Some of the major categories of malware are:

Viruses that infect other programs and data, and spread through your computer or network looking for programs to infect.
Spyware that gathers your personal information, such as sign-in information and personal data, and sends it back to its author.
Ransomware that encrypts your data and demands payment to decrypt it. Anti-malware software doesn't help you decrypt encrypted files, but it can detect the malware payload that's associated with the ransomware.
EOP offers multi-layered malware protection that's designed to catch all known malware in Windows, Linux, and Mac that travels into or out of your organization. The following options help provide anti-malware protection:

Layered defenses against malware: Multiple anti-malware scan engines help protect against both known and unknown threats. These engines include powerful heuristic detection to provide protection even during the early stages of a malware outbreak. This multi-engine approach has been shown to provide significantly more protection than using just one anti-malware engine.
Real-time threat response: During some outbreaks, the anti-malware team might have enough information about a virus or other form of malware to write sophisticated policy rules that detect the threat, even before a definition is available from any of the scan engines used by the service. These rules are published to the global network every 2 hours to provide your organization with an extra layer of protection against attacks.
Fast anti-malware definition deployment: The anti-malware team maintains close relationships with partners who develop anti-malware engines. As a result, the service can receive and integrate malware definitions and patches before they're publicly released. Our connection with these partners often allows us to develop our own remedies as well. The service checks for updated definitions for all anti-malware engines every hour.

License Requirements: M365 E3 or Microsoft Defender for Office plan 1. ","https://learn.microsoft.com/en-us/microsoft-365/security/office-365-security/anti-malware-protection-about?view=o365-worldwide"
"EOP-AMW-E3","Antimalware","eop","Exchange Online Protection","T1204","User Execution","Execution","protect","significant","In Microsoft 365 organizations with mailboxes in Exchange Online or standalone Exchange Online Protection (EOP) organizations without Exchange Online mailboxes, email messages are automatically protected against malware by EOP. Some of the major categories of malware are:

Viruses that infect other programs and data, and spread through your computer or network looking for programs to infect.
Spyware that gathers your personal information, such as sign-in information and personal data, and sends it back to its author.
Ransomware that encrypts your data and demands payment to decrypt it. Anti-malware software doesn't help you decrypt encrypted files, but it can detect the malware payload that's associated with the ransomware.
EOP offers multi-layered malware protection that's designed to catch all known malware in Windows, Linux, and Mac that travels into or out of your organization. The following options help provide anti-malware protection:

Layered defenses against malware: Multiple anti-malware scan engines help protect against both known and unknown threats. These engines include powerful heuristic detection to provide protection even during the early stages of a malware outbreak. This multi-engine approach has been shown to provide significantly more protection than using just one anti-malware engine.
Real-time threat response: During some outbreaks, the anti-malware team might have enough information about a virus or other form of malware to write sophisticated policy rules that detect the threat, even before a definition is available from any of the scan engines used by the service. These rules are published to the global network every 2 hours to provide your organization with an extra layer of protection against attacks.
Fast anti-malware definition deployment: The anti-malware team maintains close relationships with partners who develop anti-malware engines. As a result, the service can receive and integrate malware definitions and patches before they're publicly released. Our connection with these partners often allows us to develop our own remedies as well. The service checks for updated definitions for all anti-malware engines every hour.

License Requirements: M365 E3 or Microsoft Defender for Office plan 1. ","https://learn.microsoft.com/en-us/microsoft-365/security/office-365-security/anti-malware-protection-about?view=o365-worldwide"
"EOP-AMW-E3","Antimalware","eop","Exchange Online Protection","T1204.002","Malicious File","Execution","protect","significant","In Microsoft 365 organizations with mailboxes in Exchange Online or standalone Exchange Online Protection (EOP) organizations without Exchange Online mailboxes, email messages are automatically protected against malware by EOP. Some of the major categories of malware are:

Viruses that infect other programs and data, and spread through your computer or network looking for programs to infect.
Spyware that gathers your personal information, such as sign-in information and personal data, and sends it back to its author.
Ransomware that encrypts your data and demands payment to decrypt it. Anti-malware software doesn't help you decrypt encrypted files, but it can detect the malware payload that's associated with the ransomware.
EOP offers multi-layered malware protection that's designed to catch all known malware in Windows, Linux, and Mac that travels into or out of your organization. The following options help provide anti-malware protection:

Layered defenses against malware: Multiple anti-malware scan engines help protect against both known and unknown threats. These engines include powerful heuristic detection to provide protection even during the early stages of a malware outbreak. This multi-engine approach has been shown to provide significantly more protection than using just one anti-malware engine.
Real-time threat response: During some outbreaks, the anti-malware team might have enough information about a virus or other form of malware to write sophisticated policy rules that detect the threat, even before a definition is available from any of the scan engines used by the service. These rules are published to the global network every 2 hours to provide your organization with an extra layer of protection against attacks.
Fast anti-malware definition deployment: The anti-malware team maintains close relationships with partners who develop anti-malware engines. As a result, the service can receive and integrate malware definitions and patches before they're publicly released. Our connection with these partners often allows us to develop our own remedies as well. The service checks for updated definitions for all anti-malware engines every hour.

License Requirements: M365 E3 or Microsoft Defender for Office plan 1. ","https://learn.microsoft.com/en-us/microsoft-365/security/office-365-security/anti-malware-protection-about?view=o365-worldwide"
"EOP-AMW-E3","Antimalware","eop","Exchange Online Protection","T1566","Phishing","Initial Access","protect","significant","In Microsoft 365 organizations with mailboxes in Exchange Online or standalone Exchange Online Protection (EOP) organizations without Exchange Online mailboxes, email messages are automatically protected against malware by EOP. Some of the major categories of malware are:

Viruses that infect other programs and data, and spread through your computer or network looking for programs to infect.
Spyware that gathers your personal information, such as sign-in information and personal data, and sends it back to its author.
Ransomware that encrypts your data and demands payment to decrypt it. Anti-malware software doesn't help you decrypt encrypted files, but it can detect the malware payload that's associated with the ransomware.
EOP offers multi-layered malware protection that's designed to catch all known malware in Windows, Linux, and Mac that travels into or out of your organization. The following options help provide anti-malware protection:

Layered defenses against malware: Multiple anti-malware scan engines help protect against both known and unknown threats. These engines include powerful heuristic detection to provide protection even during the early stages of a malware outbreak. This multi-engine approach has been shown to provide significantly more protection than using just one anti-malware engine.
Real-time threat response: During some outbreaks, the anti-malware team might have enough information about a virus or other form of malware to write sophisticated policy rules that detect the threat, even before a definition is available from any of the scan engines used by the service. These rules are published to the global network every 2 hours to provide your organization with an extra layer of protection against attacks.
Fast anti-malware definition deployment: The anti-malware team maintains close relationships with partners who develop anti-malware engines. As a result, the service can receive and integrate malware definitions and patches before they're publicly released. Our connection with these partners often allows us to develop our own remedies as well. The service checks for updated definitions for all anti-malware engines every hour.

License Requirements: M365 E3 or Microsoft Defender for Office plan 1. ","https://learn.microsoft.com/en-us/microsoft-365/security/office-365-security/anti-malware-protection-about?view=o365-worldwide"
"EOP-AMW-E3","Antimalware","eop","Exchange Online Protection","T1566.001","Spearphishing Attachment","Initial Access","protect","significant","In Microsoft 365 organizations with mailboxes in Exchange Online or standalone Exchange Online Protection (EOP) organizations without Exchange Online mailboxes, email messages are automatically protected against malware by EOP. Some of the major categories of malware are:

Viruses that infect other programs and data, and spread through your computer or network looking for programs to infect.
Spyware that gathers your personal information, such as sign-in information and personal data, and sends it back to its author.
Ransomware that encrypts your data and demands payment to decrypt it. Anti-malware software doesn't help you decrypt encrypted files, but it can detect the malware payload that's associated with the ransomware.
EOP offers multi-layered malware protection that's designed to catch all known malware in Windows, Linux, and Mac that travels into or out of your organization. The following options help provide anti-malware protection:

Layered defenses against malware: Multiple anti-malware scan engines help protect against both known and unknown threats. These engines include powerful heuristic detection to provide protection even during the early stages of a malware outbreak. This multi-engine approach has been shown to provide significantly more protection than using just one anti-malware engine.
Real-time threat response: During some outbreaks, the anti-malware team might have enough information about a virus or other form of malware to write sophisticated policy rules that detect the threat, even before a definition is available from any of the scan engines used by the service. These rules are published to the global network every 2 hours to provide your organization with an extra layer of protection against attacks.
Fast anti-malware definition deployment: The anti-malware team maintains close relationships with partners who develop anti-malware engines. As a result, the service can receive and integrate malware definitions and patches before they're publicly released. Our connection with these partners often allows us to develop our own remedies as well. The service checks for updated definitions for all anti-malware engines every hour.

License Requirements: M365 E3 or Microsoft Defender for Office plan 1. ","https://learn.microsoft.com/en-us/microsoft-365/security/office-365-security/anti-malware-protection-about?view=o365-worldwide"
"DEF-QUAR-E3","Quarantine Policies","m365-defender","Microsoft 365 Defender","T1027","Obfuscated Files or Information","Defense Evasion","respond","significant","In Exchange Online Protection (EOP) and Microsoft Defender for Office 365, quarantine policies allow admins to define the user experience for quarantined messages.
   
Traditionally, users have been allowed or denied levels of interactivity with quarantine messages based on why the message was quarantined. For example, users can view and release messages that were quarantined as spam or bulk, but they can't view or release messages that were quarantined as high confidence phishing or malware.

The following M365 features are supported by quarantine policies, ???Response??? to Anti-malware and Anti-Phishing tagged items. Files that are quarantined as malware by Safe Attachments for SharePoint, OneDrive, and Microsoft Teams. 

License requirements: M365 E3 (or Defender for Office plan 1)","https://learn.microsoft.com/en-us/microsoft-365/security/office-365-security/quarantine-about?view=o365-worldwide; https://security.microsoft.com/quarantinePolicies.; https://learn.microsoft.com/en-us/microsoft-365/security/office-365-security/quarantine-policies?view=o365-worldwide#anatomy-of-a-quarantine-policy"
"DEF-QUAR-E3","Quarantine Policies","m365-defender","Microsoft 365 Defender","T1036","Masquerading","Defense Evasion","respond","significant","In Exchange Online Protection (EOP) and Microsoft Defender for Office 365, quarantine policies allow admins to define the user experience for quarantined messages.
   
Traditionally, users have been allowed or denied levels of interactivity with quarantine messages based on why the message was quarantined. For example, users can view and release messages that were quarantined as spam or bulk, but they can't view or release messages that were quarantined as high confidence phishing or malware.

The following M365 features are supported by quarantine policies, ???Response??? to Anti-malware and Anti-Phishing tagged items. Files that are quarantined as malware by Safe Attachments for SharePoint, OneDrive, and Microsoft Teams. 

License requirements: M365 E3 (or Defender for Office plan 1)","https://learn.microsoft.com/en-us/microsoft-365/security/office-365-security/quarantine-about?view=o365-worldwide; https://security.microsoft.com/quarantinePolicies.; https://learn.microsoft.com/en-us/microsoft-365/security/office-365-security/quarantine-policies?view=o365-worldwide#anatomy-of-a-quarantine-policy"
"DEF-QUAR-E3","Quarantine Policies","m365-defender","Microsoft 365 Defender","T1080","Taint Shared Content","Lateral Movement","respond","significant","In Exchange Online Protection (EOP) and Microsoft Defender for Office 365, quarantine policies allow admins to define the user experience for quarantined messages.
   
Traditionally, users have been allowed or denied levels of interactivity with quarantine messages based on why the message was quarantined. For example, users can view and release messages that were quarantined as spam or bulk, but they can't view or release messages that were quarantined as high confidence phishing or malware.

The following M365 features are supported by quarantine policies, ???Response??? to Anti-malware and Anti-Phishing tagged items. Files that are quarantined as malware by Safe Attachments for SharePoint, OneDrive, and Microsoft Teams. 

License requirements: M365 E3 (or Defender for Office plan 1)","https://learn.microsoft.com/en-us/microsoft-365/security/office-365-security/quarantine-about?view=o365-worldwide; https://security.microsoft.com/quarantinePolicies.; https://learn.microsoft.com/en-us/microsoft-365/security/office-365-security/quarantine-policies?view=o365-worldwide#anatomy-of-a-quarantine-policy"
"DEF-QUAR-E3","Quarantine Policies","m365-defender","Microsoft 365 Defender","T1204","User Execution","Execution","respond","significant","In Exchange Online Protection (EOP) and Microsoft Defender for Office 365, quarantine policies allow admins to define the user experience for quarantined messages.
   
Traditionally, users have been allowed or denied levels of interactivity with quarantine messages based on why the message was quarantined. For example, users can view and release messages that were quarantined as spam or bulk, but they can't view or release messages that were quarantined as high confidence phishing or malware.

The following M365 features are supported by quarantine policies, ???Response??? to Anti-malware and Anti-Phishing tagged items. Files that are quarantined as malware by Safe Attachments for SharePoint, OneDrive, and Microsoft Teams. 

License requirements: M365 E3 (or Defender for Office plan 1)","https://learn.microsoft.com/en-us/microsoft-365/security/office-365-security/quarantine-about?view=o365-worldwide; https://security.microsoft.com/quarantinePolicies.; https://learn.microsoft.com/en-us/microsoft-365/security/office-365-security/quarantine-policies?view=o365-worldwide#anatomy-of-a-quarantine-policy"
"DEF-QUAR-E3","Quarantine Policies","m365-defender","Microsoft 365 Defender","T1204.001","Malicious Link","Execution","respond","significant","In Exchange Online Protection (EOP) and Microsoft Defender for Office 365, quarantine policies allow admins to define the user experience for quarantined messages.
   
Traditionally, users have been allowed or denied levels of interactivity with quarantine messages based on why the message was quarantined. For example, users can view and release messages that were quarantined as spam or bulk, but they can't view or release messages that were quarantined as high confidence phishing or malware.

The following M365 features are supported by quarantine policies, ???Response??? to Anti-malware and Anti-Phishing tagged items. Files that are quarantined as malware by Safe Attachments for SharePoint, OneDrive, and Microsoft Teams. 

License requirements: M365 E3 (or Defender for Office plan 1)","https://learn.microsoft.com/en-us/microsoft-365/security/office-365-security/quarantine-about?view=o365-worldwide; https://security.microsoft.com/quarantinePolicies.; https://learn.microsoft.com/en-us/microsoft-365/security/office-365-security/quarantine-policies?view=o365-worldwide#anatomy-of-a-quarantine-policy"
"DEF-QUAR-E3","Quarantine Policies","m365-defender","Microsoft 365 Defender","T1204.002","Malicious File","Execution","respond","significant","In Exchange Online Protection (EOP) and Microsoft Defender for Office 365, quarantine policies allow admins to define the user experience for quarantined messages.
   
Traditionally, users have been allowed or denied levels of interactivity with quarantine messages based on why the message was quarantined. For example, users can view and release messages that were quarantined as spam or bulk, but they can't view or release messages that were quarantined as high confidence phishing or malware.

The following M365 features are supported by quarantine policies, ???Response??? to Anti-malware and Anti-Phishing tagged items. Files that are quarantined as malware by Safe Attachments for SharePoint, OneDrive, and Microsoft Teams. 

License requirements: M365 E3 (or Defender for Office plan 1)","https://learn.microsoft.com/en-us/microsoft-365/security/office-365-security/quarantine-about?view=o365-worldwide; https://security.microsoft.com/quarantinePolicies.; https://learn.microsoft.com/en-us/microsoft-365/security/office-365-security/quarantine-policies?view=o365-worldwide#anatomy-of-a-quarantine-policy"
"DEF-QUAR-E3","Quarantine Policies","m365-defender","Microsoft 365 Defender","T1204.003","Malicious Image","Execution","respond","significant","M365's Safe Attachments is a feature that provides advanced email security by scanning attachments for malicious content and using a virtual environment to check for malicious actions in a process known as detonation. Safe Attachments for SharePoint, OneDrive, and Microsoft Teams operates in real-time to detect against emerging threats. If a suspicious file is identified, this file can be quarantined or blocked access to prevent potential harm. 

License requirements:
Mirosoft 365 E5, Defender for Office Plan 1,  Microsoft 365 E3 with ATP add-on","https://learn.microsoft.com/en-us/microsoft-365/security/office-365-security/safe-attachments-for-spo-odfb-teams-configure?view=o365-worldwide; https://learn.microsoft.com/en-us/microsoft-365/security/office-365-security/mdo-security-comparison?view=o365-worldwide#defender-for-office-365-plan-1-vs-plan-2-cheat-sheet"
"DEF-QUAR-E3","Quarantine Policies","m365-defender","Microsoft 365 Defender","T1213","Data from Information Repositories","Collection","respond","significant","In Exchange Online Protection (EOP) and Microsoft Defender for Office 365, quarantine policies allow admins to define the user experience for quarantined messages.
   
Traditionally, users have been allowed or denied levels of interactivity with quarantine messages based on why the message was quarantined. For example, users can view and release messages that were quarantined as spam or bulk, but they can't view or release messages that were quarantined as high confidence phishing or malware.

The following M365 features are supported by quarantine policies, ???Response??? to Anti-malware and Anti-Phishing tagged items. Files that are quarantined as malware by Safe Attachments for SharePoint, OneDrive, and Microsoft Teams. 

License requirements: M365 E3 (or Defender for Office plan 1)","https://learn.microsoft.com/en-us/microsoft-365/security/office-365-security/quarantine-about?view=o365-worldwide; https://security.microsoft.com/quarantinePolicies.; https://learn.microsoft.com/en-us/microsoft-365/security/office-365-security/quarantine-policies?view=o365-worldwide#anatomy-of-a-quarantine-policy"
"DEF-QUAR-E3","Quarantine Policies","m365-defender","Microsoft 365 Defender","T1213.002","Sharepoint","Collection","respond","significant","In Exchange Online Protection (EOP) and Microsoft Defender for Office 365, quarantine policies allow admins to define the user experience for quarantined messages.
   
Traditionally, users have been allowed or denied levels of interactivity with quarantine messages based on why the message was quarantined. For example, users can view and release messages that were quarantined as spam or bulk, but they can't view or release messages that were quarantined as high confidence phishing or malware.

The following M365 features are supported by quarantine policies, ???Response??? to Anti-malware and Anti-Phishing tagged items. Files that are quarantined as malware by Safe Attachments for SharePoint, OneDrive, and Microsoft Teams. 

License requirements: M365 E3 (or Defender for Office plan 1)","https://learn.microsoft.com/en-us/microsoft-365/security/office-365-security/quarantine-about?view=o365-worldwide; https://security.microsoft.com/quarantinePolicies.; https://learn.microsoft.com/en-us/microsoft-365/security/office-365-security/quarantine-policies?view=o365-worldwide#anatomy-of-a-quarantine-policy"
"DEF-QUAR-E3","Quarantine Policies","m365-defender","Microsoft 365 Defender","T1213.005","Messaging Applications","Collection","respond","significant","In Exchange Online Protection (EOP) and Microsoft Defender for Office 365, quarantine policies allow admins to define the user experience for quarantined messages.
   
Traditionally, users have been allowed or denied levels of interactivity with quarantine messages based on why the message was quarantined. For example, users can view and release messages that were quarantined as spam or bulk, but they can't view or release messages that were quarantined as high confidence phishing or malware.

The following M365 features are supported by quarantine policies, ???Response??? to Anti-malware and Anti-Phishing tagged items. Files that are quarantined as malware by Safe Attachments for SharePoint, OneDrive, and Microsoft Teams. 

License requirements: M365 E3 (or Defender for Office plan 1)",""
"DEF-QUAR-E3","Quarantine Policies","m365-defender","Microsoft 365 Defender","T1530","Data from Cloud Storage","Collection","respond","significant","In Exchange Online Protection (EOP) and Microsoft Defender for Office 365, quarantine policies allow admins to define the user experience for quarantined messages.
   
Traditionally, users have been allowed or denied levels of interactivity with quarantine messages based on why the message was quarantined. For example, users can view and release messages that were quarantined as spam or bulk, but they can't view or release messages that were quarantined as high confidence phishing or malware.

The following M365 features are supported by quarantine policies, ???Response??? to Anti-malware and Anti-Phishing tagged items. Files that are quarantined as malware by Safe Attachments for SharePoint, OneDrive, and Microsoft Teams. 

License requirements: M365 E3 (or Defender for Office plan 1)","https://learn.microsoft.com/en-us/microsoft-365/security/office-365-security/quarantine-about?view=o365-worldwide; https://security.microsoft.com/quarantinePolicies.; https://learn.microsoft.com/en-us/microsoft-365/security/office-365-security/quarantine-policies?view=o365-worldwide#anatomy-of-a-quarantine-policy"
"DEF-QUAR-E3","Quarantine Policies","m365-defender","Microsoft 365 Defender","T1534","Internal Spearphishing","Lateral Movement","respond","significant","In Exchange Online Protection (EOP) and Microsoft Defender for Office 365, quarantine policies allow admins to define the user experience for quarantined messages.
   
Traditionally, users have been allowed or denied levels of interactivity with quarantine messages based on why the message was quarantined. For example, users can view and release messages that were quarantined as spam or bulk, but they can't view or release messages that were quarantined as high confidence phishing or malware.

The following M365 features are supported by quarantine policies, ???Response??? to Anti-malware and Anti-Phishing tagged items. Files that are quarantined as malware by Safe Attachments for SharePoint, OneDrive, and Microsoft Teams. 

License requirements: M365 E3 (or Defender for Office plan 1)","https://learn.microsoft.com/en-us/microsoft-365/security/office-365-security/quarantine-about?view=o365-worldwide; https://security.microsoft.com/quarantinePolicies.; https://learn.microsoft.com/en-us/microsoft-365/security/office-365-security/quarantine-policies?view=o365-worldwide#anatomy-of-a-quarantine-policy"
"DEF-QUAR-E3","Quarantine Policies","m365-defender","Microsoft 365 Defender","T1566","Phishing","Initial Access","respond","significant","In Exchange Online Protection (EOP) and Microsoft Defender for Office 365, quarantine policies allow admins to define the user experience for quarantined messages.
   
Traditionally, users have been allowed or denied levels of interactivity with quarantine messages based on why the message was quarantined. For example, users can view and release messages that were quarantined as spam or bulk, but they can't view or release messages that were quarantined as high confidence phishing or malware.

The following M365 features are supported by quarantine policies, ???Response??? to Anti-malware and Anti-Phishing tagged items. Files that are quarantined as malware by Safe Attachments for SharePoint, OneDrive, and Microsoft Teams. 

License requirements: M365 E3 (or Defender for Office plan 1)","https://learn.microsoft.com/en-us/microsoft-365/security/office-365-security/quarantine-about?view=o365-worldwide; https://security.microsoft.com/quarantinePolicies.; https://learn.microsoft.com/en-us/microsoft-365/security/office-365-security/quarantine-policies?view=o365-worldwide#anatomy-of-a-quarantine-policy"
"DEF-QUAR-E3","Quarantine Policies","m365-defender","Microsoft 365 Defender","T1566.001","Spearphishing Attachment","Initial Access","respond","significant","In Exchange Online Protection (EOP) and Microsoft Defender for Office 365, quarantine policies allow admins to define the user experience for quarantined messages.
   
Traditionally, users have been allowed or denied levels of interactivity with quarantine messages based on why the message was quarantined. For example, users can view and release messages that were quarantined as spam or bulk, but they can't view or release messages that were quarantined as high confidence phishing or malware.

The following M365 features are supported by quarantine policies, ???Response??? to Anti-malware and Anti-Phishing tagged items. Files that are quarantined as malware by Safe Attachments for SharePoint, OneDrive, and Microsoft Teams. 

License requirements: M365 E3 (or Defender for Office plan 1)","https://learn.microsoft.com/en-us/microsoft-365/security/office-365-security/quarantine-about?view=o365-worldwide; https://security.microsoft.com/quarantinePolicies.; https://learn.microsoft.com/en-us/microsoft-365/security/office-365-security/quarantine-policies?view=o365-worldwide#anatomy-of-a-quarantine-policy"
"DEF-QUAR-E3","Quarantine Policies","m365-defender","Microsoft 365 Defender","T1566.002","Spearphishing Link","Initial Access","respond","significant","In Exchange Online Protection (EOP) and Microsoft Defender for Office 365, quarantine policies allow admins to define the user experience for quarantined messages.
   
Traditionally, users have been allowed or denied levels of interactivity with quarantine messages based on why the message was quarantined. For example, users can view and release messages that were quarantined as spam or bulk, but they can't view or release messages that were quarantined as high confidence phishing or malware.

The following M365 features are supported by quarantine policies, ???Response??? to Anti-malware and Anti-Phishing tagged items. Files that are quarantined as malware by Safe Attachments for SharePoint, OneDrive, and Microsoft Teams. 

License requirements: M365 E3 (or Defender for Office plan 1)","https://learn.microsoft.com/en-us/microsoft-365/security/office-365-security/quarantine-about?view=o365-worldwide; https://security.microsoft.com/quarantinePolicies.; https://learn.microsoft.com/en-us/microsoft-365/security/office-365-security/quarantine-policies?view=o365-worldwide#anatomy-of-a-quarantine-policy"
"DEF-QUAR-E3","Quarantine Policies","m365-defender","Microsoft 365 Defender","T1656","Impersonation","Defense Evasion","respond","significant","In Exchange Online Protection (EOP) and Microsoft Defender for Office 365, quarantine policies allow admins to define the user experience for quarantined messages.
   
Traditionally, users have been allowed or denied levels of interactivity with quarantine messages based on why the message was quarantined. For example, users can view and release messages that were quarantined as spam or bulk, but they can't view or release messages that were quarantined as high confidence phishing or malware.

The following M365 features are supported by quarantine policies, ???Response??? to Anti-malware and Anti-Phishing tagged items. Files that are quarantined as malware by Safe Attachments for SharePoint, OneDrive, and Microsoft Teams. 

License requirements: M365 E3 (or Defender for Office plan 1)","https://learn.microsoft.com/en-us/microsoft-365/security/office-365-security/quarantine-about?view=o365-worldwide; https://security.microsoft.com/quarantinePolicies.; https://learn.microsoft.com/en-us/microsoft-365/security/office-365-security/quarantine-policies?view=o365-worldwide#anatomy-of-a-quarantine-policy"
"DEF-ZHAP-E3","Zero Hour Auto Purge","m365-defender","Microsoft 365 Defender","T1027","Obfuscated Files or Information","Defense Evasion","respond","significant","Zero-hour auto purge (ZAP) is a protection feature in Exchange Online Protection (EOP) that retroactively detects and neutralizes malicious phishing, spam, or malware messages that have already been delivered to Exchange Online mailboxes. With the E5 licensing or Office Plan 2, ZAP is also able to retroactively detect existing malicious chat messages in Microsoft Teams that are identified as malware or high confidence phishing.

License Requirements: ZAP for Defender O365 is included with M365's E3 and requires E5 when leveraging ZAP for Teams security.","https://learn.microsoft.com/en-us/microsoft-365/security/office-365-security/anti-malware-protection-about?view=o365-worldwide"
"DEF-ZHAP-E3","Zero Hour Auto Purge","m365-defender","Microsoft 365 Defender","T1036","Masquerading","Defense Evasion","respond","significant","Zero-hour auto purge (ZAP) is a protection feature in Exchange Online Protection (EOP) that retroactively detects and neutralizes malicious phishing, spam, or malware messages that have already been delivered to Exchange Online mailboxes. With the E5 licensing or Office Plan 2, ZAP is also able to retroactively detect existing malicious chat messages in Microsoft Teams that are identified as malware or high confidence phishing.

License Requirements: ZAP for Defender O365 is included with M365's E3 and requires E5 when leveraging ZAP for Teams security.","https://learn.microsoft.com/en-us/microsoft-365/security/office-365-security/anti-malware-protection-about?view=o365-worldwide"
"DEF-ZHAP-E3","Zero Hour Auto Purge","m365-defender","Microsoft 365 Defender","T1059","Command and Scripting Interpreter","Execution","respond","significant","Zero-hour auto purge (ZAP) is a protection feature in Exchange Online Protection (EOP) that retroactively detects and neutralizes malicious phishing, spam, or malware messages that have already been delivered to Exchange Online mailboxes. With the E5 licensing or Office Plan 2, ZAP is also able to retroactively detect existing malicious chat messages in Microsoft Teams that are identified as malware or high confidence phishing.

License Requirements: ZAP for Defender O365 is included with M365's E3 and requires E5 when leveraging ZAP for Teams security.","https://learn.microsoft.com/en-us/microsoft-365/security/office-365-security/anti-malware-protection-about?view=o365-worldwide"
"DEF-ZHAP-E3","Zero Hour Auto Purge","m365-defender","Microsoft 365 Defender","T1059.001","PowerShell","Execution","respond","significant","Zero-hour auto purge (ZAP) is a protection feature in Exchange Online Protection (EOP) that retroactively detects and neutralizes malicious phishing, spam, or malware messages that have already been delivered to Exchange Online mailboxes. With the E5 licensing or Office Plan 2, ZAP is also able to retroactively detect existing malicious chat messages in Microsoft Teams that are identified as malware or high confidence phishing.

License Requirements: ZAP for Defender O365 is included with M365's E3 and requires E5 when leveraging ZAP for Teams security.","https://learn.microsoft.com/en-us/microsoft-365/security/office-365-security/anti-malware-protection-about?view=o365-worldwide"
"DEF-ZHAP-E3","Zero Hour Auto Purge","m365-defender","Microsoft 365 Defender","T1059.006","Python","Execution","respond","significant","Zero-hour auto purge (ZAP) is a protection feature in Exchange Online Protection (EOP) that retroactively detects and neutralizes malicious phishing, spam, or malware messages that have already been delivered to Exchange Online mailboxes. With the E5 licensing or Office Plan 2, ZAP is also able to retroactively detect existing malicious chat messages in Microsoft Teams that are identified as malware or high confidence phishing.

License Requirements: ZAP for Defender O365 is included with M365's E3 and requires E5 when leveraging ZAP for Teams security.","https://learn.microsoft.com/en-us/microsoft-365/security/office-365-security/anti-malware-protection-about?view=o365-worldwide"
"DEF-ZHAP-E3","Zero Hour Auto Purge","m365-defender","Microsoft 365 Defender","T1059.009","Cloud API","Execution","respond","significant","Zero-hour auto purge (ZAP) is a protection feature in Exchange Online Protection (EOP) that retroactively detects and neutralizes malicious phishing, spam, or malware messages that have already been delivered to Exchange Online mailboxes. With the E5 licensing or Office Plan 2, ZAP is also able to retroactively detect existing malicious chat messages in Microsoft Teams that are identified as malware or high confidence phishing.

License Requirements: ZAP for Defender O365 is included with M365's E3 and requires E5 when leveraging ZAP for Teams security.","https://learn.microsoft.com/en-us/microsoft-365/security/office-365-security/anti-malware-protection-about?view=o365-worldwide"
"DEF-ZHAP-E3","Zero Hour Auto Purge","m365-defender","Microsoft 365 Defender","T1080","Taint Shared Content","Lateral Movement","respond","significant","Zero-hour auto purge (ZAP) is a protection feature in Exchange Online Protection (EOP) that retroactively detects and neutralizes malicious phishing, spam, or malware messages that have already been delivered to Exchange Online mailboxes. With the E5 licensing or Office Plan 2, ZAP is also able to retroactively detect existing malicious chat messages in Microsoft Teams that are identified as malware or high confidence phishing.

License Requirements: ZAP for Defender O365 is included with M365's E3 and requires E5 when leveraging ZAP for Teams security.","https://learn.microsoft.com/en-us/microsoft-365/security/office-365-security/anti-malware-protection-about?view=o365-worldwide"
"DEF-ZHAP-E3","Zero Hour Auto Purge","m365-defender","Microsoft 365 Defender","T1204","User Execution","Execution","respond","significant","Zero-hour auto purge (ZAP) is a protection feature in Exchange Online Protection (EOP) that retroactively detects and neutralizes malicious phishing, spam, or malware messages that have already been delivered to Exchange Online mailboxes. With the E5 licensing or Office Plan 2, ZAP is also able to retroactively detect existing malicious chat messages in Microsoft Teams that are identified as malware or high confidence phishing.

License Requirements: ZAP for Defender O365 is included with M365's E3 and requires E5 when leveraging ZAP for Teams security.","https://learn.microsoft.com/en-us/microsoft-365/security/office-365-security/anti-malware-protection-about?view=o365-worldwide"
"DEF-ZHAP-E3","Zero Hour Auto Purge","m365-defender","Microsoft 365 Defender","T1204.001","Malicious Link","Execution","respond","significant","Zero-hour auto purge (ZAP) is a protection feature in Exchange Online Protection (EOP) that retroactively detects and neutralizes malicious phishing, spam, or malware messages that have already been delivered to Exchange Online mailboxes. With the E5 licensing or Office Plan 2, ZAP is also able to retroactively detect existing malicious chat messages in Microsoft Teams that are identified as malware or high confidence phishing.

License Requirements: ZAP for Defender O365 is included with M365's E3 and requires E5 when leveraging ZAP for Teams security.","https://learn.microsoft.com/en-us/microsoft-365/security/office-365-security/anti-malware-protection-about?view=o365-worldwide"
"DEF-ZHAP-E3","Zero Hour Auto Purge","m365-defender","Microsoft 365 Defender","T1204.002","Malicious File","Execution","respond","significant","Zero-hour auto purge (ZAP) is a protection feature in Exchange Online Protection (EOP) that retroactively detects and neutralizes malicious phishing, spam, or malware messages that have already been delivered to Exchange Online mailboxes. With the E5 licensing or Office Plan 2, ZAP is also able to retroactively detect existing malicious chat messages in Microsoft Teams that are identified as malware or high confidence phishing.

License Requirements: ZAP for Defender O365 is included with M365's E3 and requires E5 when leveraging ZAP for Teams security.","https://learn.microsoft.com/en-us/microsoft-365/security/office-365-security/anti-malware-protection-about?view=o365-worldwide"
"DEF-ZHAP-E3","Zero Hour Auto Purge","m365-defender","Microsoft 365 Defender","T1534","Internal Spearphishing","Lateral Movement","respond","significant","Zero-hour auto purge (ZAP) is a protection feature in Exchange Online Protection (EOP) that retroactively detects and neutralizes malicious phishing, spam, or malware messages that have already been delivered to Exchange Online mailboxes. With the E5 licensing or Office Plan 2, ZAP is also able to retroactively detect existing malicious chat messages in Microsoft Teams that are identified as malware or high confidence phishing.

License Requirements: ZAP for Defender O365 is included with M365's E3 and requires E5 when leveraging ZAP for Teams security.","https://learn.microsoft.com/en-us/microsoft-365/security/office-365-security/anti-malware-protection-about?view=o365-worldwide"
"DEF-ZHAP-E3","Zero Hour Auto Purge","m365-defender","Microsoft 365 Defender","T1566","Phishing","Initial Access","respond","significant","Zero-hour auto purge (ZAP) is a protection feature in Exchange Online Protection (EOP) that retroactively detects and neutralizes malicious phishing, spam, or malware messages that have already been delivered to Exchange Online mailboxes. With the E5 licensing or Office Plan 2, ZAP is also able to retroactively detect existing malicious chat messages in Microsoft Teams that are identified as malware or high confidence phishing.

License Requirements: ZAP for Defender O365 is included with M365's E3 and requires E5 when leveraging ZAP for Teams security.","https://learn.microsoft.com/en-us/microsoft-365/security/office-365-security/anti-malware-protection-about?view=o365-worldwide"
"DEF-ZHAP-E3","Zero Hour Auto Purge","m365-defender","Microsoft 365 Defender","T1566.001","Spearphishing Attachment","Initial Access","respond","significant","Zero-hour auto purge (ZAP) is a protection feature in Exchange Online Protection (EOP) that retroactively detects and neutralizes malicious phishing, spam, or malware messages that have already been delivered to Exchange Online mailboxes. With the E5 licensing or Office Plan 2, ZAP is also able to retroactively detect existing malicious chat messages in Microsoft Teams that are identified as malware or high confidence phishing.

License Requirements: ZAP for Defender O365 is included with M365's E3 and requires E5 when leveraging ZAP for Teams security.","https://learn.microsoft.com/en-us/microsoft-365/security/office-365-security/anti-malware-protection-about?view=o365-worldwide"
"DEF-ZHAP-E3","Zero Hour Auto Purge","m365-defender","Microsoft 365 Defender","T1566.002","Spearphishing Link","Initial Access","respond","significant","Zero-hour auto purge (ZAP) is a protection feature in Exchange Online Protection (EOP) that retroactively detects and neutralizes malicious phishing, spam, or malware messages that have already been delivered to Exchange Online mailboxes. With the E5 licensing or Office Plan 2, ZAP is also able to retroactively detect existing malicious chat messages in Microsoft Teams that are identified as malware or high confidence phishing.

License Requirements: ZAP for Defender O365 is included with M365's E3 and requires E5 when leveraging ZAP for Teams security.","https://learn.microsoft.com/en-us/microsoft-365/security/office-365-security/anti-malware-protection-about?view=o365-worldwide"
"DEF-ZHAP-E3","Zero Hour Auto Purge","m365-defender","Microsoft 365 Defender","T1656","Impersonation","Defense Evasion","respond","significant","Zero-hour auto purge (ZAP) is a protection feature in Exchange Online Protection (EOP) that retroactively detects and neutralizes malicious phishing, spam, or malware messages that have already been delivered to Exchange Online mailboxes. With the E5 licensing or Office Plan 2, ZAP is also able to retroactively detect existing malicious chat messages in Microsoft Teams that are identified as malware or high confidence phishing.

License Requirements: ZAP for Defender O365 is included with M365's E3 and requires E5 when leveraging ZAP for Teams security.","https://learn.microsoft.com/en-us/microsoft-365/security/office-365-security/anti-malware-protection-about?view=o365-worldwide"
"EOP-AMW-E3","Antimalware","m365-defender","Microsoft 365 Defender","T1027.011","Fileless Storage","Defense Evasion","protect","partial","This control can protect against fileless storage attacks.","https://learn.microsoft.com/en-us/defender-endpoint/microsoft-defender-antivirus-windows"
"EOP-AMW-E3","Antimalware","m365-defender","Microsoft 365 Defender","T1027.012","LNK Icon Smuggling","Defense Evasion","protect","significant","This control can protect against LNK icon smuggling.","https://learn.microsoft.com/en-us/defender-cloud-apps/proxy-intro-aad"
"EOP-APH-E3","Anti-Phishing","eop","Exchange Online Protection","T1027.013","Encrypted/Encoded File","Defense Evasion","protect","partial","Exchange Online Protection's anti-phishing methods can protect against encrypted malicious files by scanning attachments and potentially quarantining them. Due to this being only one avenue, the rating is judged to be partial.",""
"EOP-APH-E3","Anti-Phishing","eop","Exchange Online Protection","T1566","Phishing","Initial Access","protect","significant","Policies to configure anti-phishing protection settings are available in Microsoft 365 organizations with Exchange Online mailboxes, standalone Exchange Online Protection (EOP) organizations without Exchange Online mailboxes, and Microsoft Defender for Office 365 organizations. The features provided with Anti-phishing policies in Defender for Office 365 are: Automatically creating default policies, creating custom policies, common policy settings, spoof settings, first contact safety tips, impersonation settings, and advanced phishing thresholds.

Microsoft 365's Anti-Phishing protection protects from Phishing attacks due to it's custom policy feature where users can create policies to determine if certain websites used for phishing are necessary for business operations and can block access if activity cannot be monitored well or if it poses a significant risk.

License Requirements: 
Microsoft Exchange Online Protection, Defender for Office 365 plan 1 and plan 2, Microsoft XDR","[]"
"EOP-APH-E3","Anti-Phishing","eop","Exchange Online Protection","T1566.001","Spearphishing Attachment","Initial Access","protect","significant","Policies to configure anti-phishing protection settings are available in Microsoft 365 organizations with Exchange Online mailboxes, standalone Exchange Online Protection (EOP) organizations without Exchange Online mailboxes, and Microsoft Defender for Office 365 organizations. The features provided with Anti-phishing policies in Defender for Office 365 are: Automatically creating default policies, creating custom policies, common policy settings, spoof settings, first contact safety tips, impersonation settings, and advanced phishing thresholds.

Microsoft 365's Anti-Phishing protection protects from Phishing attacks due to it's custom policy feature where users can create policies to determine if certain websites used for phishing are necessary for business operations and can block access if activity cannot be monitored well or if it poses a significant risk.

License Requirements: 
Microsoft Exchange Online Protection, Defender for Office 365 plan 1 and plan 2, Microsoft XDR","[]"
"EOP-APH-E3","Anti-Phishing","eop","Exchange Online Protection","T1566.002","Spearphishing Link","Initial Access","protect","significant","Policies to configure anti-phishing protection settings are available in Microsoft 365 organizations with Exchange Online mailboxes, standalone Exchange Online Protection (EOP) organizations without Exchange Online mailboxes, and Microsoft Defender for Office 365 organizations. The features provided with Anti-phishing policies in Defender for Office 365 are: Automatically creating default policies, creating custom policies, common policy settings, spoof settings, first contact safety tips, impersonation settings, and advanced phishing thresholds.

Microsoft 365's Anti-Phishing protection protects from Phishing attacks due to it's custom policy feature where users can create policies to determine if certain websites used for phishing are necessary for business operations and can block access if activity cannot be monitored well or if it poses a significant risk.

License Requirements: 
Microsoft Exchange Online Protection, Defender for Office 365 plan 1 and plan 2, Microsoft XDR","[]"
"EOP-APH-E3","Anti-Phishing","eop","Exchange Online Protection","T1656","Impersonation","Defense Evasion","protect","significant","Policies to configure anti-phishing protection settings are available in Microsoft 365 organizations with Exchange Online mailboxes, standalone Exchange Online Protection (EOP) organizations without Exchange Online mailboxes, and Microsoft Defender for Office 365 organizations. The features provided with Anti-phishing policies in Defender for Office 365 are: Automatically creating default policies, creating custom policies, common policy settings, spoof settings, first contact safety tips, impersonation settings, and advanced phishing thresholds.

Microsoft 365's Anti-Phishing protection protects from Phishing attacks due to it's custom policy feature where users can create policies to determine if certain websites used for phishing are necessary for business operations and can block access if activity cannot be monitored well or if it poses a significant risk.

License Requirements: 
Microsoft Exchange Online Protection, Defender for Office 365 plan 1 and plan 2, Microsoft XDR","[]"
"DEF-AACI-E3","Adaptive Application Control Integration","m365-defender","Microsoft 365 Defender","T1036","Masquerading","Defense Evasion","detect","partial","This control provides detection for some of this technique's sub-techniques and procedure examples and therefore its coverage score is Partial, resulting in a Partial score. Its detection occurs once every twelve hours, so its temporal score is also Partial.","https://learn.microsoft.com/en-us/azure/defender-for-cloud/prepare-deprecation-log-analytics-mma-agent;  https://learn.microsoft.com/en-us/azure/defender-for-cloud/defender-for-servers-overview;  https://learn.microsoft.com/en-us/office365/servicedescriptions/microsoft-365-service-descriptions/microsoft-365-tenantlevel-services-licensing-guidance/microsoft-defender-service-description"
"DEF-AACI-E3","Adaptive Application Control Integration","m365-defender","Microsoft 365 Defender","T1036","Masquerading","Defense Evasion","detect","partial","This control provides detection for some of this technique's sub-techniques and procedure examples and therefore its coverage score is Partial, resulting in a Partial score. Its detection occurs once every twelve hours, so its temporal score is also Partial.","https://learn.microsoft.com/en-us/azure/defender-for-cloud/prepare-deprecation-log-analytics-mma-agent#feature-functionality"
"DEF-AACI-E3","Adaptive Application Control Integration","m365-defender","Microsoft 365 Defender","T1036.001","Invalid Code Signature","Defense Evasion","detect","partial","Once this control is activated, it generates alerts for any executable that is run and is not included in an allow list. Because signatures generated via this technique are not valid, these malicious executables would be detected via any form of allow list, including publisher-based. Events are calculated once every twelve hours, so its temporal score is Partial.","https://learn.microsoft.com/en-us/azure/defender-for-cloud/prepare-deprecation-log-analytics-mma-agent;  https://learn.microsoft.com/en-us/azure/defender-for-cloud/defender-for-servers-overview;  https://learn.microsoft.com/en-us/office365/servicedescriptions/microsoft-365-service-descriptions/microsoft-365-tenantlevel-services-licensing-guidance/microsoft-defender-service-description"
"DEF-AACI-E3","Adaptive Application Control Integration","m365-defender","Microsoft 365 Defender","T1036.001","Invalid Code Signature","Defense Evasion","detect","partial","Once this control is activated, it generates alerts for any executable that is run and is not included in an allow list. Because signatures generated via this technique are not valid, these malicious executables would be detected via any form of allow list, including publisher-based. Events are calculated once every twelve hours, so its temporal score is Partial.","https://learn.microsoft.com/en-us/azure/defender-for-cloud/prepare-deprecation-log-analytics-mma-agent;  https://learn.microsoft.com/en-us/azure/defender-for-cloud/defender-for-servers-overview;  https://learn.microsoft.com/en-us/office365/servicedescriptions/microsoft-365-service-descriptions/microsoft-365-tenantlevel-services-licensing-guidance/microsoft-defender-service-description"
"DEF-AACI-E3","Adaptive Application Control Integration","m365-defender","Microsoft 365 Defender","T1036.005","Match Legitimate Name or Location","Defense Evasion","detect","partial","Once this control is activated, it generates alerts for any executable that is run and is not included in an allow list. Path-based masquerading may subvert path-based rules within this control, resulting in false negatives, but hash and publisher-based rules will still detect untrusted executables. Events are calculated once every twelve hours, so its temporal score is Partial.","https://learn.microsoft.com/en-us/azure/defender-for-cloud/prepare-deprecation-log-analytics-mma-agent;  https://learn.microsoft.com/en-us/azure/defender-for-cloud/defender-for-servers-overview;  https://learn.microsoft.com/en-us/office365/servicedescriptions/microsoft-365-service-descriptions/microsoft-365-tenantlevel-services-licensing-guidance/microsoft-defender-service-description"
"DEF-AACI-E3","Adaptive Application Control Integration","m365-defender","Microsoft 365 Defender","T1036.005","Match Legitimate Name or Location","Defense Evasion","detect","partial","Once this control is activated, it generates alerts for any executable that is run and is not included in an allow list. Path-based masquerading may subvert path-based rules within this control, resulting in false negatives, but hash and publisher-based rules will still detect untrusted executables. Events are calculated once every twelve hours, so its temporal score is Partial.","https://learn.microsoft.com/en-us/azure/defender-for-cloud/prepare-deprecation-log-analytics-mma-agent;  https://learn.microsoft.com/en-us/azure/defender-for-cloud/defender-for-servers-overview;  https://learn.microsoft.com/en-us/office365/servicedescriptions/microsoft-365-service-descriptions/microsoft-365-tenantlevel-services-licensing-guidance/microsoft-defender-service-description"
"DEF-AACI-E3","Adaptive Application Control Integration","m365-defender","Microsoft 365 Defender","T1036.006","Space after Filename","Defense Evasion","detect","partial","Once this control is activated, it generates alerts for any executable that is run and is not included in an allow list. Malicious files of this type would be unlikely to evade detection from any form of allow list. Events are calculated once every twelve hours, so its temporal score is Partial.","https://learn.microsoft.com/en-us/azure/defender-for-cloud/prepare-deprecation-log-analytics-mma-agent;  https://learn.microsoft.com/en-us/azure/defender-for-cloud/defender-for-servers-overview;  https://learn.microsoft.com/en-us/office365/servicedescriptions/microsoft-365-service-descriptions/microsoft-365-tenantlevel-services-licensing-guidance/microsoft-defender-service-description"
"DEF-AACI-E3","Adaptive Application Control Integration","m365-defender","Microsoft 365 Defender","T1036.006","Space after Filename","Defense Evasion","detect","partial","Once this control is activated, it generates alerts for any executable that is run and is not included in an allow list. Malicious files of this type would be unlikely to evade detection from any form of allow list. Events are calculated once every twelve hours, so its temporal score is Partial.","https://learn.microsoft.com/en-us/azure/defender-for-cloud/prepare-deprecation-log-analytics-mma-agent;  https://learn.microsoft.com/en-us/azure/defender-for-cloud/defender-for-servers-overview;  https://learn.microsoft.com/en-us/office365/servicedescriptions/microsoft-365-service-descriptions/microsoft-365-tenantlevel-services-licensing-guidance/microsoft-defender-service-description"
"DEF-AACI-E3","Adaptive Application Control Integration","m365-defender","Microsoft 365 Defender","T1204","User Execution","Execution","detect","partial","This control only provides detection for one of this technique's sub-techniques while not providing any detection capability for its other sub-technique, and therefore its coverage score is Partial, resulting in a Partial score.","https://learn.microsoft.com/en-us/azure/defender-for-cloud/prepare-deprecation-log-analytics-mma-agent;  https://learn.microsoft.com/en-us/azure/defender-for-cloud/defender-for-servers-overview;  https://learn.microsoft.com/en-us/office365/servicedescriptions/microsoft-365-service-descriptions/microsoft-365-tenantlevel-services-licensing-guidance/microsoft-defender-service-description"
"DEF-AACI-E3","Adaptive Application Control Integration","m365-defender","Microsoft 365 Defender","T1204","User Execution","Execution","detect","partial","This control only provides detection for one of this technique's sub-techniques while not providing any detection capability for its other sub-technique, and therefore its coverage score is Partial, resulting in a Partial score.","https://learn.microsoft.com/en-us/azure/defender-for-cloud/prepare-deprecation-log-analytics-mma-agent;  https://learn.microsoft.com/en-us/azure/defender-for-cloud/defender-for-servers-overview;  https://learn.microsoft.com/en-us/office365/servicedescriptions/microsoft-365-service-descriptions/microsoft-365-tenantlevel-services-licensing-guidance/microsoft-defender-service-description"
"DEF-AACI-E3","Adaptive Application Control Integration","m365-defender","Microsoft 365 Defender","T1204.002","Malicious File","Execution","detect","partial","Once this control is activated, it generates alerts for any executable that has been run and is not included in an allow list. There is a significant potential for false positives from new non-malicious executables, and events are calculated once every twelve hours, so its temporal score is Partial.","https://learn.microsoft.com/en-us/azure/defender-for-cloud/prepare-deprecation-log-analytics-mma-agent;  https://learn.microsoft.com/en-us/azure/defender-for-cloud/defender-for-servers-overview;  https://learn.microsoft.com/en-us/office365/servicedescriptions/microsoft-365-service-descriptions/microsoft-365-tenantlevel-services-licensing-guidance/microsoft-defender-service-description"
"DEF-AACI-E3","Adaptive Application Control Integration","m365-defender","Microsoft 365 Defender","T1204.002","Malicious File","Execution","detect","partial","Once this control is activated, it generates alerts for any executable that has been run and is not included in an allow list. There is a significant potential for false positives from new non-malicious executables, and events are calculated once every twelve hours, so its temporal score is Partial.","https://learn.microsoft.com/en-us/azure/defender-for-cloud/prepare-deprecation-log-analytics-mma-agent;  https://learn.microsoft.com/en-us/azure/defender-for-cloud/defender-for-servers-overview;  https://learn.microsoft.com/en-us/office365/servicedescriptions/microsoft-365-service-descriptions/microsoft-365-tenantlevel-services-licensing-guidance/microsoft-defender-service-description"
"DEF-AACI-E3","Adaptive Application Control Integration","m365-defender","Microsoft 365 Defender","T1553","Subvert Trust Controls","Defense Evasion","detect","minimal","This control only provides detection for some of this technique's sub-techniques while not providing any detection capability for the remaining sub-techniques, and therefore its coverage score is Minimal, resulting in a Minimal score.","https://learn.microsoft.com/en-us/azure/defender-for-cloud/prepare-deprecation-log-analytics-mma-agent;  https://learn.microsoft.com/en-us/azure/defender-for-cloud/defender-for-servers-overview;  https://learn.microsoft.com/en-us/office365/servicedescriptions/microsoft-365-service-descriptions/microsoft-365-tenantlevel-services-licensing-guidance/microsoft-defender-service-description"
"DEF-AACI-E3","Adaptive Application Control Integration","m365-defender","Microsoft 365 Defender","T1553","Subvert Trust Controls","Defense Evasion","detect","minimal","This control only provides detection for some of this technique's sub-techniques while not providing any detection capability for the remaining sub-techniques, and therefore its coverage score is Minimal, resulting in a Minimal score.","https://learn.microsoft.com/en-us/azure/defender-for-cloud/prepare-deprecation-log-analytics-mma-agent;  https://learn.microsoft.com/en-us/azure/defender-for-cloud/defender-for-servers-overview;  https://learn.microsoft.com/en-us/office365/servicedescriptions/microsoft-365-service-descriptions/microsoft-365-tenantlevel-services-licensing-guidance/microsoft-defender-service-description"
"DEF-AACI-E3","Adaptive Application Control Integration","m365-defender","Microsoft 365 Defender","T1553.002","Code Signing","Defense Evasion","detect","partial","Once this control is activated, it generates alerts for any executable that is run and is not included in an allow list. While publisher-based allow lists may fail to detect malicious executables with valid signatures, hash and path-based rules will still detect untrusted executables. Events are calculated once every twelve hours, so its temporal score is Partial.","https://learn.microsoft.com/en-us/azure/defender-for-cloud/prepare-deprecation-log-analytics-mma-agent;  https://learn.microsoft.com/en-us/azure/defender-for-cloud/defender-for-servers-overview;  https://learn.microsoft.com/en-us/office365/servicedescriptions/microsoft-365-service-descriptions/microsoft-365-tenantlevel-services-licensing-guidance/microsoft-defender-service-description"
"DEF-AACI-E3","Adaptive Application Control Integration","m365-defender","Microsoft 365 Defender","T1553.002","Code Signing","Defense Evasion","detect","partial","Once this control is activated, it generates alerts for any executable that is run and is not included in an allow list. While publisher-based allow lists may fail to detect malicious executables with valid signatures, hash and path-based rules will still detect untrusted executables. Events are calculated once every twelve hours, so its temporal score is Partial.","https://learn.microsoft.com/en-us/azure/defender-for-cloud/prepare-deprecation-log-analytics-mma-agent;  https://learn.microsoft.com/en-us/azure/defender-for-cloud/defender-for-servers-overview;  https://learn.microsoft.com/en-us/office365/servicedescriptions/microsoft-365-service-descriptions/microsoft-365-tenantlevel-services-licensing-guidance/microsoft-defender-service-description"
"DEF-AACI-E3","Adaptive Application Control Integration","m365-defender","Microsoft 365 Defender","T1553.005","Mark-of-the-Web Bypass","Defense Evasion","detect","partial","Once this control is activated, it generates alerts for any executable that is run and is not included in an allow list. Events are calculated once every twelve hours, so its temporal score is Partial.","https://learn.microsoft.com/en-us/azure/defender-for-cloud/prepare-deprecation-log-analytics-mma-agent;  https://learn.microsoft.com/en-us/azure/defender-for-cloud/defender-for-servers-overview;  https://learn.microsoft.com/en-us/office365/servicedescriptions/microsoft-365-service-descriptions/microsoft-365-tenantlevel-services-licensing-guidance/microsoft-defender-service-description"
"DEF-AACI-E3","Adaptive Application Control Integration","m365-defender","Microsoft 365 Defender","T1554","Compromise Host Software Binary","Persistence","detect","partial","Once this control is activated, it generates alerts for any executable that is run and is not included in an allow list. While name and publisher-based allow lists may fail to detect malicious modifications to executable client binaries, hash-based rules will still detect untrusted executables. Events are calculated once every twelve hours, so its temporal score is Partial.","https://learn.microsoft.com/en-us/azure/defender-for-cloud/prepare-deprecation-log-analytics-mma-agent;  https://learn.microsoft.com/en-us/azure/defender-for-cloud/defender-for-servers-overview;  https://learn.microsoft.com/en-us/office365/servicedescriptions/microsoft-365-service-descriptions/microsoft-365-tenantlevel-services-licensing-guidance/microsoft-defender-service-description"
"DEF-SATT-E3","Safe Attachments","m365-defender","Microsoft 365 Defender","T1036.008","Masquerade File Type","Defense Evasion","protect","partial","Safe Attachment scanning can detect if an email attachment is potentially malicious, including if its filetype is being obfuscated.","https://learn.microsoft.com/en-us/microsoft-365/security/office-365-security/safe-attachments-for-spo-odfb-teams-configure?view=o365-worldwide;  https://learn.microsoft.com/en-us/microsoft-365/security/office-365-security/mdo-security-comparison?view=o365-worldwide#defender-for-office-365-plan-1-vs-plan-2-cheat-sheet"
"DEF-SATT-E3","Safe Attachments","m365-defender","Microsoft 365 Defender","T1204","User Execution","Execution","respond","significant","M365's Safe Attachments is a feature that provides advanced email security by scanning attachments for malicious content and using a virtual environment to check for malicious actions in a process known as detonation. Safe Attachments for SharePoint, OneDrive, and Microsoft Teams operates in real-time to detect against emerging threats. If a suspicious file is identified, this file can be quarantined or blocked access to prevent potential harm. 

License requirements:
Mirosoft 365 E5, Defender for Office Plan 1,  Microsoft 365 E3 with ATP add-on","https://learn.microsoft.com/en-us/microsoft-365/security/office-365-security/safe-attachments-for-spo-odfb-teams-configure?view=o365-worldwide; https://learn.microsoft.com/en-us/microsoft-365/security/office-365-security/mdo-security-comparison?view=o365-worldwide#defender-for-office-365-plan-1-vs-plan-2-cheat-sheet"
"DEF-SATT-E3","Safe Attachments","m365-defender","Microsoft 365 Defender","T1204","User Execution","Execution","detect","significant","M365's Safe Attachments is a feature that provides advanced email security by scanning attachments for malicious content and using a virtual environment to check for malicious actions in a process known as detonation. Safe Attachments for SharePoint, OneDrive, and Microsoft Teams operates in real-time to detect against emerging threats. If a suspicious file is identified, this file can be quarantined or blocked access to prevent potential harm. 

License requirements:
Mirosoft 365 E5, Defender for Office Plan 1,  Microsoft 365 E3 with ATP add-on","https://learn.microsoft.com/en-us/microsoft-365/security/office-365-security/safe-attachments-for-spo-odfb-teams-configure?view=o365-worldwide"
"DEF-SATT-E3","Safe Attachments","m365-defender","Microsoft 365 Defender","T1204.002","Malicious File","Execution","respond","significant","M365's Safe Attachments is a feature that provides advanced email security by scanning attachments for malicious content and using a virtual environment to check for malicious actions in a process known as detonation. Safe Attachments for SharePoint, OneDrive, and Microsoft Teams operates in real-time to detect against emerging threats. If a suspicious file is identified, this file can be quarantined or blocked access to prevent potential harm. 

License requirements:
Mirosoft 365 E5, Defender for Office Plan 1,  Microsoft 365 E3 with ATP add-on","https://learn.microsoft.com/en-us/microsoft-365/security/office-365-security/safe-attachments-for-spo-odfb-teams-configure?view=o365-worldwide; https://learn.microsoft.com/en-us/microsoft-365/security/office-365-security/mdo-security-comparison?view=o365-worldwide#defender-for-office-365-plan-1-vs-plan-2-cheat-sheet"
"DEF-SATT-E3","Safe Attachments","m365-defender","Microsoft 365 Defender","T1204.002","Malicious File","Execution","detect","significant","M365's Safe Attachments is a feature that provides advanced email security by scanning attachments for malicious content and using a virtual environment to check for malicious actions in a process known as detonation. Safe Attachments for SharePoint, OneDrive, and Microsoft Teams operates in real-time to detect against emerging threats. If a suspicious file is identified, this file can be quarantined or blocked access to prevent potential harm. 

License requirements:
Mirosoft 365 E5, Defender for Office Plan 1,  Microsoft 365 E3 with ATP add-on","https://learn.microsoft.com/en-us/microsoft-365/security/office-365-security/safe-attachments-for-spo-odfb-teams-configure?view=o365-worldwide"
"DEF-SATT-E3","Safe Attachments","m365-defender","Microsoft 365 Defender","T1566","Phishing","Initial Access","respond","significant","M365's Safe Attachments is a feature that provides advanced email security by scanning attachments for malicious content and using a virtual environment to check for malicious actions in a process known as detonation. Safe Attachments for SharePoint, OneDrive, and Microsoft Teams operates in real-time to detect against emerging threats. If a suspicious file is identified, this file can be quarantined or blocked access to prevent potential harm. 

License requirements:
Mirosoft 365 E5, Defender for Office Plan 1,  Microsoft 365 E3 with ATP add-on","https://learn.microsoft.com/en-us/microsoft-365/security/office-365-security/safe-attachments-for-spo-odfb-teams-configure?view=o365-worldwide; https://learn.microsoft.com/en-us/microsoft-365/security/office-365-security/mdo-security-comparison?view=o365-worldwide#defender-for-office-365-plan-1-vs-plan-2-cheat-sheet"
"DEF-SATT-E3","Safe Attachments","m365-defender","Microsoft 365 Defender","T1566","Phishing","Initial Access","detect","significant","M365's Safe Attachments is a feature that provides advanced email security by scanning attachments for malicious content and using a virtual environment to check for malicious actions in a process known as detonation. Safe Attachments for SharePoint, OneDrive, and Microsoft Teams operates in real-time to detect against emerging threats. If a suspicious file is identified, this file can be quarantined or blocked access to prevent potential harm. 

License requirements:
Mirosoft 365 E5, Defender for Office Plan 1,  Microsoft 365 E3 with ATP add-on","https://learn.microsoft.com/en-us/microsoft-365/security/office-365-security/safe-attachments-for-spo-odfb-teams-configure?view=o365-worldwide"
"DEF-SATT-E3","Safe Attachments","m365-defender","Microsoft 365 Defender","T1566.001","Spearphishing Attachment","Initial Access","respond","significant","M365's Safe Attachments is a feature that provides advanced email security by scanning attachments for malicious content and using a virtual environment to check for malicious actions in a process known as detonation. Safe Attachments for SharePoint, OneDrive, and Microsoft Teams operates in real-time to detect against emerging threats. If a suspicious file is identified, this file can be quarantined or blocked access to prevent potential harm. 

License requirements:
Mirosoft 365 E5, Defender for Office Plan 1,  Microsoft 365 E3 with ATP add-on","https://learn.microsoft.com/en-us/microsoft-365/security/office-365-security/safe-attachments-for-spo-odfb-teams-configure?view=o365-worldwide; https://learn.microsoft.com/en-us/microsoft-365/security/office-365-security/mdo-security-comparison?view=o365-worldwide#defender-for-office-365-plan-1-vs-plan-2-cheat-sheet"
"DEF-SATT-E3","Safe Attachments","m365-defender","Microsoft 365 Defender","T1566.001","Spearphishing Attachment","Initial Access","detect","significant","M365's Safe Attachments is a feature that provides advanced email security by scanning attachments for malicious content and using a virtual environment to check for malicious actions in a process known as detonation. Safe Attachments for SharePoint, OneDrive, and Microsoft Teams operates in real-time to detect against emerging threats. If a suspicious file is identified, this file can be quarantined or blocked access to prevent potential harm. 

License requirements:
Mirosoft 365 E5, Defender for Office Plan 1,  Microsoft 365 E3 with ATP add-on","https://learn.microsoft.com/en-us/microsoft-365/security/office-365-security/safe-attachments-for-spo-odfb-teams-configure?view=o365-worldwide; https://learn.microsoft.com/en-us/microsoft-365/security/office-365-security/mdo-security-comparison?view=o365-worldwide#defender-for-office-365-plan-1-vs-plan-2-cheat-sheet; Ref: https://learn.microsoft.com/en-us/microsoft-365/security/office-365-security/safe-attachments-about?view=o365-worldwide"
"DEF-SATT-E3","Safe Attachments","m365-defender","Microsoft 365 Defender","T1598","Phishing for Information","Reconnaissance","respond","significant","M365's Safe Attachments is a feature that provides advanced email security by scanning attachments for malicious content and using a virtual environment to check for malicious actions in a process known as detonation. Safe Attachments for SharePoint, OneDrive, and Microsoft Teams operates in real-time to detect against emerging threats. If a suspicious file is identified, this file can be quarantined or blocked access to prevent potential harm. 

License requirements:
Mirosoft 365 E5, Defender for Office Plan 1,  Microsoft 365 E3 with ATP add-on","https://learn.microsoft.com/en-us/microsoft-365/security/office-365-security/safe-attachments-for-spo-odfb-teams-configure?view=o365-worldwide; https://learn.microsoft.com/en-us/microsoft-365/security/office-365-security/mdo-security-comparison?view=o365-worldwide#defender-for-office-365-plan-1-vs-plan-2-cheat-sheet"
"DEF-SATT-E3","Safe Attachments","m365-defender","Microsoft 365 Defender","T1598","Phishing for Information","Reconnaissance","detect","significant","M365's Safe Attachments is a feature that provides advanced email security by scanning attachments for malicious content and using a virtual environment to check for malicious actions in a process known as detonation. Safe Attachments for SharePoint, OneDrive, and Microsoft Teams operates in real-time to detect against emerging threats. If a suspicious file is identified, this file can be quarantined or blocked access to prevent potential harm. 

License requirements:
Mirosoft 365 E5, Defender for Office Plan 1,  Microsoft 365 E3 with ATP add-on","https://learn.microsoft.com/en-us/microsoft-365/security/office-365-security/safe-attachments-for-spo-odfb-teams-configure?view=o365-worldwide"
"DEF-SATT-E3","Safe Attachments","m365-defender","Microsoft 365 Defender","T1598.002","Spearphishing Attachment","Reconnaissance","respond","significant","M365's Safe Attachments is a feature that provides advanced email security by scanning attachments for malicious content and using a virtual environment to check for malicious actions in a process known as detonation. Safe Attachments for SharePoint, OneDrive, and Microsoft Teams operates in real-time to detect against emerging threats. If a suspicious file is identified, this file can be quarantined or blocked access to prevent potential harm. 

License requirements:
Mirosoft 365 E5, Defender for Office Plan 1,  Microsoft 365 E3 with ATP add-on","https://learn.microsoft.com/en-us/microsoft-365/security/office-365-security/safe-attachments-for-spo-odfb-teams-configure?view=o365-worldwide; https://learn.microsoft.com/en-us/microsoft-365/security/office-365-security/mdo-security-comparison?view=o365-worldwide#defender-for-office-365-plan-1-vs-plan-2-cheat-sheet"
"DEF-SATT-E3","Safe Attachments","m365-defender","Microsoft 365 Defender","T1598.002","Spearphishing Attachment","Reconnaissance","detect","significant","M365's Safe Attachments is a feature that provides advanced email security by scanning attachments for malicious content and using a virtual environment to check for malicious actions in a process known as detonation. Safe Attachments for SharePoint, OneDrive, and Microsoft Teams operates in real-time to detect against emerging threats. If a suspicious file is identified, this file can be quarantined or blocked access to prevent potential harm. 

License requirements:
Mirosoft 365 E5, Defender for Office Plan 1,  Microsoft 365 E3 with ATP add-on","https://learn.microsoft.com/en-us/microsoft-365/security/office-365-security/safe-attachments-for-spo-odfb-teams-configure?view=o365-worldwide"
"DEF-AAPH-E5","Advanced Anti-Phishing ","m365-defender","Microsoft 365 Defender","T1036.010","Masquerade Account Name","Defense Evasion","protect","significant","Anti-Phishing measures in Microsoft 365 Defender include settings explicitly designed to protect against fake accounts masquerading as legitimate accounts, such as if the names or email addresses are too close to the real one.","https://learn.microsoft.com/en-us/microsoft-365/security/office-365-security/anti-phishing-protection-about?view=o365-worldwide;  https://www.microsoft.com/en-us/security/business/security-101/what-is-business-email-compromise-bec#:~:text=Business%20email%20compromise%20(BEC)%20is%20a%20type%20of%20cybercrime%20where; can%20use%20in%20another%20scam."
"EID-IDSS-E3","Identity Secure Score","entra-id","Microsoft Entra ID","T1040","Network Sniffing","Credential Access, Discovery","protect","minimal","This control's ""Stop clear text credentials exposure"" provides a recommendation to run the ""Entities exposing credentials in clear text"" assessment that monitors your traffic for any entities exposing credentials in clear text (via LDAP simple-bind).  This assessment seems specific to LDAP simple-binds and coupled with the fact that it is a recommendation and is not enforced, results in a Minimal score.
","https://learn.microsoft.com/en-us/entra/identity/monitoring-health/concept-identity-secure-score;  https://techcommunity.microsoft.com/t5/azure-active-directory-identity/new-tools-to-block-legacy-authentication-in-your-organization/ba-p/1225302#;  https://learn.microsoft.com/en-us/defender-for-identity/security-assessment-unsecure-account-attributes;  https://techcommunity.microsoft.com/t5/microsoft-defender-for-identity/new-identity-security-posture-assessments-riskiest-lmps-and/m-p/1491675"
"EID-IDSS-E3","Identity Secure Score","entra-id","Microsoft Entra ID","T1078","Valid Accounts","Defense Evasion, Persistence, Privilege Escalation, Initial Access","protect","minimal","This control provides recommendations that can lead to protecting against the malicious usage of valid cloud accounts but does not provide recommendations for the remaining sub-techniques Additionally, it provides limited protection for this technique's procedure examples. Consequently, its overall protection coverage score is minimal.","https://learn.microsoft.com/en-us/entra/identity/monitoring-health/concept-identity-secure-score; https://techcommunity.microsoft.com/t5/azure-active-directory-identity/new-tools-to-block-legacy-authentication-in-your-organization/ba-p/1225302#; https://learn.microsoft.com/en-us/defender-for-identity/security-assessment-unsecure-account-attributes; https://techcommunity.microsoft.com/t5/microsoft-defender-for-identity/new-identity-security-posture-assessments-riskiest-lmps-and/m-p/1491675"
"EID-IDSS-E3","Identity Secure Score","entra-id","Microsoft Entra ID","T1078","Valid Accounts","Defense Evasion, Persistence, Privilege Escalation, Initial Access","detect","minimal","This control provides recommendations that can lead to the detection of the malicious usage of valid cloud accounts but does not provide recommendations for the remaining sub-techniques Additionally, it provides limited detection for this technique's procedure examples. Consequently, its overall detection coverage score is minimal.","https://learn.microsoft.com/en-us/entra/identity/monitoring-health/concept-identity-secure-score; https://techcommunity.microsoft.com/t5/azure-active-directory-identity/new-tools-to-block-legacy-authentication-in-your-organization/ba-p/1225302#; https://learn.microsoft.com/en-us/defender-for-identity/security-assessment-unsecure-account-attributes; https://techcommunity.microsoft.com/t5/microsoft-defender-for-identity/new-identity-security-posture-assessments-riskiest-lmps-and/m-p/1491675"
"EID-IDSS-E3","Identity Secure Score","entra-id","Microsoft Entra ID","T1078.001","Default Accounts","Defense Evasion, Persistence, Privilege Escalation, Initial Access","protect","minimal","This control's ""Protect and manage local admin passwords with Microsoft LAPS""  recommendation recommends periodically running and reviewing the Microsoft LAPS usage report that identifies all Windows based devices not protected by Microsoft LAPS.  This can help reduce the compromise of local administrator accounts.
Because this is a recommendations and not actually enforced coupled with being limited to sensitive accounts, the assessed score is Minimal. ",""
"EID-IDSS-E3","Identity Secure Score","entra-id","Microsoft Entra ID","T1078.002","Domain Accounts","Defense Evasion, Persistence, Privilege Escalation, Initial Access","protect","minimal","This control's ""Remove dormant accounts from sensitive groups"" recommendation recommends reviewing dormant (domain) accounts from sensitive groups via an assessment report that can identify sensitive accounts that are dormant.
Because these are recommendations and do not actually enforce the protections coupled with being limited to sensitive accounts, the assessed score is Minimal. ",""
"EID-IDSS-E3","Identity Secure Score","entra-id","Microsoft Entra ID","T1078.003","Local Accounts","Defense Evasion, Persistence, Privilege Escalation, Initial Access","protect","minimal","This control's ""Protect and manage local admin passwords with Microsoft LAPS""  recommendation recommends periodically running and reviewing the Microsoft LAPS usage report that identifies all Windows based devices not protected by Microsoft LAPS.  This can help reduce the compromise of local administrator accounts.
Because this is a recommendations and not actually enforced coupled with being limited to sensitive accounts, the assessed score is Minimal. ",""
"EID-IDSS-E3","Identity Secure Score","entra-id","Microsoft Entra ID","T1078.004","Cloud Accounts","Defense Evasion, Persistence, Privilege Escalation, Initial Access","protect","partial","This control's ""Require MFA for administrative roles"" and ""Ensure all users can complete multi-factor authentication for secure access"" recommendations of MFA can provide protection against an adversary that obtains valid credentials by requiring the adversary to complete an additional authentication process before access is permitted.  See the mapping for MFA for more details.  
This control's ""Use limited administrative roles"" recommendation recommends reviewing and limiting the number of accounts with global admin privilege, reducing what an adversary can do with a compromised valid account.
Because these are recommendations and do not actually enforce the protections, the assessed score is capped at Partial. ",""
"EID-IDSS-E3","Identity Secure Score","entra-id","Microsoft Entra ID","T1078.004","Cloud Accounts","Defense Evasion, Persistence, Privilege Escalation, Initial Access","detect","partial","This control's ""Turn on sign-in risk policy"" and ""Turn on user risk policy"" recommendations recommend enabling Azure AD Identity Protection which can lead to detecting adversary usage of valid accounts.  See the mapping for Azure AD Identity Protection.",""
"EID-IDSS-E3","Identity Secure Score","entra-id","Microsoft Entra ID","T1110","Brute Force","Credential Access","protect","partial","The MFA recommendation provides significant protection against password compromises, but because this is a recommendation and doesn't actually enforce MFA, the assessed score is capped at Partial. ","https://learn.microsoft.com/en-us/entra/identity/monitoring-health/concept-identity-secure-score; https://techcommunity.microsoft.com/t5/azure-active-directory-identity/new-tools-to-block-legacy-authentication-in-your-organization/ba-p/1225302#; https://learn.microsoft.com/en-us/defender-for-identity/security-assessment-unsecure-account-attributes; https://techcommunity.microsoft.com/t5/microsoft-defender-for-identity/new-identity-security-posture-assessments-riskiest-lmps-and/m-p/1491675"
"EID-IDSS-E3","Identity Secure Score","entra-id","Microsoft Entra ID","T1110.001","Password Guessing","Credential Access","protect","partial","This control's ""Require MFA for administrative roles"" and ""Ensure all users can complete multi-factor authentication for secure access"" recommendations for enabling MFA can significantly lead to reducing the impact of a password compromise of accounts, requiring the adversary to complete an additional authentication method before their access is permitted.
This control's ""Do not expire passwords"" recommendation also can lead to mitigating the Password Guessing or Cracking sub-techniques by disabling password reset which tends to lead to users selecting weaker passwords.  
This control's ""Enable policy to block legacy authentication"" and ""Stop legacy protocols communication"" recommendations can lead to protecting against these brute force attacks as Microsoft research has shown organizations that have disabled legacy authentication experience 67 percent fewer compromises than those where legacy authentication is enabled. Additionally, the same research shows that more than 99 percent of password spray and more than 97 percent of credential stuffing attacks use legacy authentication.
This control's ""Resolve unsecure account attributes"" recommendation can lead to detecting accounts with disabled (Kerberos) Preauthentication which can enable offline Password Cracking.
Because these are recommendations and do not actually enforce MFA, the assessed score is capped at Partial. ",""
"EID-IDSS-E3","Identity Secure Score","entra-id","Microsoft Entra ID","T1110.002","Password Cracking","Credential Access","protect","partial","This control's ""Require MFA for administrative roles"" and ""Ensure all users can complete multi-factor authentication for secure access"" recommendations for enabling MFA can significantly lead to reducing the impact of a password compromise of accounts, requiring the adversary to complete an additional authentication method before their access is permitted.
This control's ""Do not expire passwords"" recommendation also can lead to mitigating the Password Guessing or Cracking sub-techniques by disabling password reset which tends to lead to users selecting weaker passwords.  
This control's ""Enable policy to block legacy authentication"" and ""Stop legacy protocols communication"" recommendations can lead to protecting against these brute force attacks as Microsoft research has shown organizations that have disabled legacy authentication experience 67 percent fewer compromises than those where legacy authentication is enabled. Additionally, the same research shows that more than 99 percent of password spray and more than 97 percent of credential stuffing attacks use legacy authentication.
This control's ""Resolve unsecure account attributes"" recommendation can lead to detecting accounts with disabled (Kerberos) Preauthentication which can enable offline Password Cracking.
Because these are recommendations and do not actually enforce MFA, the assessed score is capped at Partial. ",""
"EID-IDSS-E3","Identity Secure Score","entra-id","Microsoft Entra ID","T1110.003","Password Spraying","Credential Access","protect","partial","This control's ""Require MFA for administrative roles"" and ""Ensure all users can complete multi-factor authentication for secure access"" recommendations for enabling MFA can significantly lead to reducing the impact of a password compromise of accounts, requiring the adversary to complete an additional authentication method before their access is permitted.
This control's ""Do not expire passwords"" recommendation also can lead to mitigating the Password Guessing or Cracking sub-techniques by disabling password reset which tends to lead to users selecting weaker passwords.  
This control's ""Enable policy to block legacy authentication"" and ""Stop legacy protocols communication"" recommendations can lead to protecting against these brute force attacks as Microsoft research has shown organizations that have disabled legacy authentication experience 67 percent fewer compromises than those where legacy authentication is enabled. Additionally, the same research shows that more than 99 percent of password spray and more than 97 percent of credential stuffing attacks use legacy authentication.
This control's ""Resolve unsecure account attributes"" recommendation can lead to detecting accounts with disabled (Kerberos) Preauthentication which can enable offline Password Cracking.
Because these are recommendations and do not actually enforce MFA, the assessed score is capped at Partial. ",""
"EID-IDSS-E3","Identity Secure Score","entra-id","Microsoft Entra ID","T1110.004","Credential Stuffing","Credential Access","protect","partial","This control's ""Require MFA for administrative roles"" and ""Ensure all users can complete multi-factor authentication for secure access"" recommendations for enabling MFA can significantly lead to reducing the impact of a password compromise of accounts, requiring the adversary to complete an additional authentication method before their access is permitted.
This control's ""Do not expire passwords"" recommendation also can lead to mitigating the Password Guessing or Cracking sub-techniques by disabling password reset which tends to lead to users selecting weaker passwords.  
This control's ""Enable policy to block legacy authentication"" and ""Stop legacy protocols communication"" recommendations can lead to protecting against these brute force attacks as Microsoft research has shown organizations that have disabled legacy authentication experience 67 percent fewer compromises than those where legacy authentication is enabled. Additionally, the same research shows that more than 99 percent of password spray and more than 97 percent of credential stuffing attacks use legacy authentication.
This control's ""Resolve unsecure account attributes"" recommendation can lead to detecting accounts with disabled (Kerberos) Preauthentication which can enable offline Password Cracking.
Because these are recommendations and do not actually enforce MFA, the assessed score is capped at Partial. ",""
"EID-IDSS-E3","Identity Secure Score","entra-id","Microsoft Entra ID","T1133","External Remote Services","Persistence, Initial Access","detect","partial","This control's ""Configure VPN Integration"" recommendation can lead to detecting abnormal VPN connections that may be indicative of an attack.  Although this control provides a recommendation that is limited to a specific external remote service type of VPN, most of this technique's procedure examples are VPN related resulting in a Partial overall score.","https://learn.microsoft.com/en-us/entra/identity/monitoring-health/concept-identity-secure-score; https://techcommunity.microsoft.com/t5/azure-active-directory-identity/new-tools-to-block-legacy-authentication-in-your-organization/ba-p/1225302#; https://learn.microsoft.com/en-us/defender-for-identity/security-assessment-unsecure-account-attributes; https://techcommunity.microsoft.com/t5/microsoft-defender-for-identity/new-identity-security-posture-assessments-riskiest-lmps-and/m-p/1491675"
"EID-IDSS-E3","Identity Secure Score","entra-id","Microsoft Entra ID","T1134","Access Token Manipulation","Defense Evasion, Privilege Escalation","detect","minimal","This control provides a recommendation that can lead to detecting one of this technique's sub-techniques while not providing recommendations relevant to its procedure examples nor its remaining sub-techniques.  It is subsequently scored as Minimal.","https://learn.microsoft.com/en-us/entra/identity/monitoring-health/concept-identity-secure-score; https://techcommunity.microsoft.com/t5/azure-active-directory-identity/new-tools-to-block-legacy-authentication-in-your-organization/ba-p/1225302#; https://learn.microsoft.com/en-us/defender-for-identity/security-assessment-unsecure-account-attributes; https://techcommunity.microsoft.com/t5/microsoft-defender-for-identity/new-identity-security-posture-assessments-riskiest-lmps-and/m-p/1491675"
"EID-IDSS-E3","Identity Secure Score","entra-id","Microsoft Entra ID","T1134.005","SID-History Injection","Defense Evasion, Privilege Escalation","detect","partial","This control's ""Remove unsecure SID history attributes from entities"" recommendation promotes running the ""Unsecure SID history attributes"" report periodically which can lead to identifying accounts with SID History attributes which Microsoft Defender for Identity profiles to be risky.  Because this is a recommendation and not actually enforced, coupled with the detection its assessed score is capped at Partial. ",""
"EID-IDSS-E3","Identity Secure Score","entra-id","Microsoft Entra ID","T1528","Steal Application Access Token","Credential Access","protect","partial","This control's ""Do not allow users to grant consent to unmanaged applications"" recommendation can protect against an adversary constructing a malicious application designed to be granted access to resources with the target user's OAuth token by ensuring users can not be fooled into granting consent to the application. 
Due to this being a recommendation, its score is capped at Partial.","https://learn.microsoft.com/en-us/entra/identity/monitoring-health/concept-identity-secure-score; https://techcommunity.microsoft.com/t5/azure-active-directory-identity/new-tools-to-block-legacy-authentication-in-your-organization/ba-p/1225302#; https://learn.microsoft.com/en-us/defender-for-identity/security-assessment-unsecure-account-attributes; https://techcommunity.microsoft.com/t5/microsoft-defender-for-identity/new-identity-security-posture-assessments-riskiest-lmps-and/m-p/1491675"
"EID-IDSS-E3","Identity Secure Score","entra-id","Microsoft Entra ID","T1531","Account Access Removal","Impact","protect","partial","This control's ""Designate more than one global admin"" can enable recovery from an adversary locking a global administrator account (deleted, locked, or manipulated (ex: changed credentials)).  Due to this being a recommendation, its score is capped as Partial.","https://learn.microsoft.com/en-us/entra/identity/monitoring-health/concept-identity-secure-score; https://techcommunity.microsoft.com/t5/azure-active-directory-identity/new-tools-to-block-legacy-authentication-in-your-organization/ba-p/1225302#; https://learn.microsoft.com/en-us/defender-for-identity/security-assessment-unsecure-account-attributes; https://techcommunity.microsoft.com/t5/microsoft-defender-for-identity/new-identity-security-posture-assessments-riskiest-lmps-and/m-p/1491675"
"EID-IDSS-E3","Identity Secure Score","entra-id","Microsoft Entra ID","T1550","Use Alternate Authentication Material","Defense Evasion, Lateral Movement","protect","partial","This control provides recommendations that lead to protections for some of the sub-techniques of this technique.  Due to it only providing a recommendation, its score has been capped at Partial.","https://learn.microsoft.com/en-us/entra/identity/monitoring-health/concept-identity-secure-score; https://techcommunity.microsoft.com/t5/azure-active-directory-identity/new-tools-to-block-legacy-authentication-in-your-organization/ba-p/1225302#; https://learn.microsoft.com/en-us/defender-for-identity/security-assessment-unsecure-account-attributes; https://techcommunity.microsoft.com/t5/microsoft-defender-for-identity/new-identity-security-posture-assessments-riskiest-lmps-and/m-p/1491675"
"EID-IDSS-E3","Identity Secure Score","entra-id","Microsoft Entra ID","T1550.002","Pass the Hash","Defense Evasion, Lateral Movement","protect","partial","This control's ""Reduce lateral movement path risk to sensitive entities"" recommendation can lead to protecting sensitive accounts against Pass-the-Hash and Pass-the-Ticket attacks by recommending running the Lateral-Movement-Paths report to understand and identify exactly how attackers can move laterally through the monitored network to gain access to privileged identities.  Because this is a recommendation, its score has been capped as Partial.",""
"EID-IDSS-E3","Identity Secure Score","entra-id","Microsoft Entra ID","T1550.003","Pass the Ticket","Defense Evasion, Lateral Movement","protect","partial","This control's ""Reduce lateral movement path risk to sensitive entities"" recommendation can lead to protecting sensitive accounts against Pass-the-Hash and Pass-the-Ticket attacks by recommending running the Lateral-Movement-Paths report to understand and identify exactly how attackers can move laterally through the monitored network to gain access to privileged identities.  Because this is a recommendation, its score has been capped as Partial.",""
"EID-IDSS-E3","Identity Secure Score","entra-id","Microsoft Entra ID","T1552","Unsecured Credentials","Credential Access","protect","minimal","This control's ""Resolve unsecure account attributes"" provides recommendations that can lead to strengthening how accounts are stored in Active Directory.  This control provides recommendations specific to a few types of unsecured credentials (reversible and weakly encrypted credentials) while not providing recommendations for any other, resulting in a Minimal score.","https://learn.microsoft.com/en-us/entra/identity/monitoring-health/concept-identity-secure-score; https://techcommunity.microsoft.com/t5/azure-active-directory-identity/new-tools-to-block-legacy-authentication-in-your-organization/ba-p/1225302#; https://learn.microsoft.com/en-us/defender-for-identity/security-assessment-unsecure-account-attributes; https://techcommunity.microsoft.com/t5/microsoft-defender-for-identity/new-identity-security-posture-assessments-riskiest-lmps-and/m-p/1491675"
"EID-IDSS-E3","Identity Secure Score","entra-id","Microsoft Entra ID","T1552.007","Container API","Credential Access","protect","minimal","This control's ""Resolve unsecure account attributes"" provides recommendations that can lead to strengthening how accounts are stored.","https://learn.microsoft.com/en-us/entra/identity/monitoring-health/concept-identity-secure-score; https://techcommunity.microsoft.com/t5/azure-active-directory-identity/new-tools-to-block-legacy-authentication-in-your-organization/ba-p/1225302#; https://learn.microsoft.com/en-us/defender-for-identity/security-assessment-unsecure-account-attributes; https://techcommunity.microsoft.com/t5/microsoft-defender-for-identity/new-identity-security-posture-assessments-riskiest-lmps-and/m-p/1491675"
"EID-IDSS-E3","Identity Secure Score","entra-id","Microsoft Entra ID","T1558","Steal or Forge Kerberos Tickets","Credential Access","protect","partial","This control provides recommendations that lead to protections for some of the sub-techniques of this technique and therefore its overall protection coverage is Partial.","https://learn.microsoft.com/en-us/entra/identity/monitoring-health/concept-identity-secure-score; https://techcommunity.microsoft.com/t5/azure-active-directory-identity/new-tools-to-block-legacy-authentication-in-your-organization/ba-p/1225302#; https://learn.microsoft.com/en-us/defender-for-identity/security-assessment-unsecure-account-attributes; https://techcommunity.microsoft.com/t5/microsoft-defender-for-identity/new-identity-security-posture-assessments-riskiest-lmps-and/m-p/1491675"
"EID-IDSS-E3","Identity Secure Score","entra-id","Microsoft Entra ID","T1558.001","Golden Ticket","Credential Access","protect","partial","This control's ""Reduce lateral movement path risk to sensitive entities"" recommendation can lead to protecting sensitive accounts against Pass-the-Hash and Pass-the-Ticket attacks that may result in an adversary acquiring a golden ticket.  It recommends running the Lateral-Movement-Paths report to understand and identify exactly how attackers can move laterally through the monitored network to gain access to privileged identities such as the KRBTGT on the domain controller.  Because this is a recommendation, its score has been capped as Partial.",""
"EID-IDSS-E3","Identity Secure Score","entra-id","Microsoft Entra ID","T1558.003","Kerberoasting","Credential Access","protect","partial","This control's ""Modify unsecure Kerberos delegations to prevent impersonation"" recommendation promotes running the ""Unsecure Kerberos delegation"" report that can identify accounts that have unsecure Kerberos delegation configured.  Unsecured Kerberos delegation can lead to exposing account TGTs to more hosts resulting in an increased attack surface for Kerberoasting.  Due to this control providing a recommendation its score is capped at Partial.",""
"EID-IDSS-E3","Identity Secure Score","entra-id","Microsoft Entra ID","T1558.004","AS-REP Roasting","Credential Access","protect","partial","This control's ""Resolve unsecure account attributes"" recommendation can lead to detecting Active Directory accounts which do not require Kerberos preauthentication.  Preauthentication offers protection against offline (Kerberos) Password Cracking.  
Because this is a recommendation its score is capped as Partial.",""
"EID-IDSS-E3","Identity Secure Score","entra-id","Microsoft Entra ID","T1606","Forge Web Credentials","Credential Access","detect","partial","This control's ""Turn on sign-in risk policy"" and ""Turn on user risk policy"" recommendations recommend the usage of Azure AD Identity Protection which can detect one of the sub-techniques of this technique.  This is a recommendation and therefore the score is capped at Partial.","https://learn.microsoft.com/en-us/entra/identity/monitoring-health/concept-identity-secure-score; https://techcommunity.microsoft.com/t5/azure-active-directory-identity/new-tools-to-block-legacy-authentication-in-your-organization/ba-p/1225302#; https://learn.microsoft.com/en-us/defender-for-identity/security-assessment-unsecure-account-attributes; https://techcommunity.microsoft.com/t5/microsoft-defender-for-identity/new-identity-security-posture-assessments-riskiest-lmps-and/m-p/1491675"
"EID-IDSS-E3","Identity Secure Score","entra-id","Microsoft Entra ID","T1606.002","SAML Tokens","Credential Access","detect","partial","This control's ""Turn on sign-in risk policy"" and ""Turn on user risk policy"" recommendations recommend enabling Azure AD Identity Protection which can detect the malicious usage of SAML Tokens.  This is a recommendation and therefore the score is capped at Partial.",""
"DEF-AIR-E5","Automated Investigation and Response","m365-defender","Microsoft 365 Defender","T1048","Exfiltration Over Alternative Protocol","Exfiltration","respond","significant","Microsoft Defender for Office 365 includes powerful automated investigation and response (AIR) capabilities that can save your security operations team time and effort. As alerts are triggered, it's up to your security operations team to review, prioritize, and respond to those alerts. Keeping up with the volume of incoming alerts can be overwhelming. Automating some of those tasks can help.
AIR enables your security operations team to operate more efficiently and effectively. AIR capabilities include automated investigation processes in response to well-known threats that exist today. Appropriate remediation actions await approval, enabling your security operations team to respond effectively to detected threats. With AIR, your security operations team can focus on higher-priority tasks without losing sight of important alerts that are triggered. Examples include: Soft delete email messages or clusters, Block URL (time-of-click), Turn off external mail forwarding, Turn off delegation, etc.

Required licenses
E5 or Microsoft Defender for Office 365 Plan 2 licenses. ","https://learn.microsoft.com/en-us/microsoft-365/security/office-365-security/email-analysis-investigations?view=o365-worldwide; https://learn.microsoft.com/en-us/microsoft-365/security/office-365-security/detect-and-remediate-illicit-consent-grants?view=o365-worldwide; https://learn.microsoft.com/en-us/microsoft-365/security/office-365-security/address-compromised-users-quickly?view=o365-worldwide; https://learn.microsoft.com/en-us/microsoft-365/security/office-365-security/air-about?view=o365-worldwide"
"DEF-AIR-E5","Automated Investigation and Response","m365-defender","Microsoft 365 Defender","T1055.015","ListPlanting","Defense Evasion, Privilege Escalation","detect","partial","Defender's automated investigation and response can potentially detect a ListPlanting attack using endpoint scanning capabilities.","https://learn.microsoft.com/en-us/microsoft-365/security/office-365-security/email-analysis-investigations?view=o365-worldwide;  https://learn.microsoft.com/en-us/microsoft-365/security/office-365-security/detect-and-remediate-illicit-consent-grants?view=o365-worldwide;  https://learn.microsoft.com/en-us/microsoft-365/security/office-365-security/address-compromised-users-quickly?view=o365-worldwide;  https://learn.microsoft.com/en-us/microsoft-365/security/office-365-security/air-about?view=o365-worldwide"
"DEF-AIR-E5","Automated Investigation and Response","m365-defender","Microsoft 365 Defender","T1078","Valid Accounts","Defense Evasion, Persistence, Privilege Escalation, Initial Access","respond","significant","Microsoft Defender for Office 365 includes powerful automated investigation and response (AIR) capabilities that can save your security operations team time and effort. As alerts are triggered, it's up to your security operations team to review, prioritize, and respond to those alerts. Keeping up with the volume of incoming alerts can be overwhelming. Automating some of those tasks can help.
AIR enables your security operations team to operate more efficiently and effectively. AIR capabilities include automated investigation processes in response to well-known threats that exist today. Appropriate remediation actions await approval, enabling your security operations team to respond effectively to detected threats. With AIR, your security operations team can focus on higher-priority tasks without losing sight of important alerts that are triggered. Examples include: Soft delete email messages or clusters, Block URL (time-of-click), Turn off external mail forwarding, Turn off delegation, etc.

Required licenses
E5 or Microsoft Defender for Office 365 Plan 2 licenses. ","https://learn.microsoft.com/en-us/microsoft-365/security/office-365-security/email-analysis-investigations?view=o365-worldwide; https://learn.microsoft.com/en-us/microsoft-365/security/office-365-security/detect-and-remediate-illicit-consent-grants?view=o365-worldwide; https://learn.microsoft.com/en-us/microsoft-365/security/office-365-security/address-compromised-users-quickly?view=o365-worldwide; https://learn.microsoft.com/en-us/microsoft-365/security/office-365-security/air-about?view=o365-worldwide"
"DEF-AIR-E5","Automated Investigation and Response","m365-defender","Microsoft 365 Defender","T1078.004","Cloud Accounts","Defense Evasion, Persistence, Privilege Escalation, Initial Access","respond","significant","Microsoft Defender for Office 365 includes powerful automated investigation and response (AIR) capabilities that can save your security operations team time and effort. As alerts are triggered, it's up to your security operations team to review, prioritize, and respond to those alerts. Keeping up with the volume of incoming alerts can be overwhelming. Automating some of those tasks can help.
AIR enables your security operations team to operate more efficiently and effectively. AIR capabilities include automated investigation processes in response to well-known threats that exist today. Appropriate remediation actions await approval, enabling your security operations team to respond effectively to detected threats. With AIR, your security operations team can focus on higher-priority tasks without losing sight of important alerts that are triggered. Examples include: Soft delete email messages or clusters, Block URL (time-of-click), Turn off external mail forwarding, Turn off delegation, etc.

Required licenses
E5 or Microsoft Defender for Office 365 Plan 2 licenses. ","https://learn.microsoft.com/en-us/microsoft-365/security/office-365-security/email-analysis-investigations?view=o365-worldwide; https://learn.microsoft.com/en-us/microsoft-365/security/office-365-security/detect-and-remediate-illicit-consent-grants?view=o365-worldwide; https://learn.microsoft.com/en-us/microsoft-365/security/office-365-security/address-compromised-users-quickly?view=o365-worldwide; https://learn.microsoft.com/en-us/microsoft-365/security/office-365-security/air-about?view=o365-worldwide"
"DEF-AIR-E5","Automated Investigation and Response","m365-defender","Microsoft 365 Defender","T1114","Email Collection","Collection","respond","significant","Microsoft Defender for Office 365 includes powerful automated investigation and response (AIR) capabilities that can save your security operations team time and effort. As alerts are triggered, it's up to your security operations team to review, prioritize, and respond to those alerts. Keeping up with the volume of incoming alerts can be overwhelming. Automating some of those tasks can help.
AIR enables your security operations team to operate more efficiently and effectively. AIR capabilities include automated investigation processes in response to well-known threats that exist today. Appropriate remediation actions await approval, enabling your security operations team to respond effectively to detected threats. With AIR, your security operations team can focus on higher-priority tasks without losing sight of important alerts that are triggered. Examples include: Soft delete email messages or clusters, Block URL (time-of-click), Turn off external mail forwarding, Turn off delegation, etc.

Required licenses
E5 or Microsoft Defender for Office 365 Plan 2 licenses. ","https://learn.microsoft.com/en-us/microsoft-365/security/office-365-security/email-analysis-investigations?view=o365-worldwide; https://learn.microsoft.com/en-us/microsoft-365/security/office-365-security/detect-and-remediate-illicit-consent-grants?view=o365-worldwide; https://learn.microsoft.com/en-us/microsoft-365/security/office-365-security/address-compromised-users-quickly?view=o365-worldwide; https://learn.microsoft.com/en-us/microsoft-365/security/office-365-security/air-about?view=o365-worldwide"
"DEF-AIR-E5","Automated Investigation and Response","m365-defender","Microsoft 365 Defender","T1114.003","Email Forwarding Rule","Collection","respond","significant","Microsoft Defender for Office 365 includes powerful automated investigation and response (AIR) capabilities that can save your security operations team time and effort. As alerts are triggered, it's up to your security operations team to review, prioritize, and respond to those alerts. Keeping up with the volume of incoming alerts can be overwhelming. Automating some of those tasks can help.
AIR enables your security operations team to operate more efficiently and effectively. AIR capabilities include automated investigation processes in response to well-known threats that exist today. Appropriate remediation actions await approval, enabling your security operations team to respond effectively to detected threats. With AIR, your security operations team can focus on higher-priority tasks without losing sight of important alerts that are triggered. Examples include: Soft delete email messages or clusters, Block URL (time-of-click), Turn off external mail forwarding, Turn off delegation, etc.

Required licenses
E5 or Microsoft Defender for Office 365 Plan 2 licenses. ","https://learn.microsoft.com/en-us/microsoft-365/security/office-365-security/email-analysis-investigations?view=o365-worldwide; https://learn.microsoft.com/en-us/microsoft-365/security/office-365-security/detect-and-remediate-illicit-consent-grants?view=o365-worldwide; https://learn.microsoft.com/en-us/microsoft-365/security/office-365-security/address-compromised-users-quickly?view=o365-worldwide; https://learn.microsoft.com/en-us/microsoft-365/security/office-365-security/air-about?view=o365-worldwide"
"DEF-AIR-E5","Automated Investigation and Response","m365-defender","Microsoft 365 Defender","T1137","Office Application Startup","Persistence","respond","significant","Microsoft Defender for Office 365 includes powerful automated investigation and response (AIR) capabilities that can save your security operations team time and effort. As alerts are triggered, it's up to your security operations team to review, prioritize, and respond to those alerts. Keeping up with the volume of incoming alerts can be overwhelming. Automating some of those tasks can help.
AIR enables your security operations team to operate more efficiently and effectively. AIR capabilities include automated investigation processes in response to well-known threats that exist today. Appropriate remediation actions await approval, enabling your security operations team to respond effectively to detected threats. With AIR, your security operations team can focus on higher-priority tasks without losing sight of important alerts that are triggered. Examples include: Soft delete email messages or clusters, Block URL (time-of-click), Turn off external mail forwarding, Turn off delegation, etc.

Required licenses
E5 or Microsoft Defender for Office 365 Plan 2 licenses. ","https://learn.microsoft.com/en-us/microsoft-365/security/office-365-security/email-analysis-investigations?view=o365-worldwide; https://learn.microsoft.com/en-us/microsoft-365/security/office-365-security/detect-and-remediate-illicit-consent-grants?view=o365-worldwide; https://learn.microsoft.com/en-us/microsoft-365/security/office-365-security/address-compromised-users-quickly?view=o365-worldwide; https://learn.microsoft.com/en-us/microsoft-365/security/office-365-security/air-about?view=o365-worldwide"
"DEF-AIR-E5","Automated Investigation and Response","m365-defender","Microsoft 365 Defender","T1189","Drive-by Compromise","Initial Access","respond","significant","Microsoft Defender for Office 365 includes powerful automated investigation and response (AIR) capabilities that can save your security operations team time and effort. As alerts are triggered, it's up to your security operations team to review, prioritize, and respond to those alerts. Keeping up with the volume of incoming alerts can be overwhelming. Automating some of those tasks can help.
AIR enables your security operations team to operate more efficiently and effectively. AIR capabilities include automated investigation processes in response to well-known threats that exist today. Appropriate remediation actions await approval, enabling your security operations team to respond effectively to detected threats. With AIR, your security operations team can focus on higher-priority tasks without losing sight of important alerts that are triggered. Examples include: Soft delete email messages or clusters, Block URL (time-of-click), Turn off external mail forwarding, Turn off delegation, etc.

Required licenses
E5 or Microsoft Defender for Office 365 Plan 2 licenses. ","https://learn.microsoft.com/en-us/microsoft-365/security/office-365-security/email-analysis-investigations?view=o365-worldwide; https://learn.microsoft.com/en-us/microsoft-365/security/office-365-security/detect-and-remediate-illicit-consent-grants?view=o365-worldwide; https://learn.microsoft.com/en-us/microsoft-365/security/office-365-security/address-compromised-users-quickly?view=o365-worldwide; https://learn.microsoft.com/en-us/microsoft-365/security/office-365-security/air-about?view=o365-worldwide"
"DEF-AIR-E5","Automated Investigation and Response","m365-defender","Microsoft 365 Defender","T1204.001","Malicious Link","Execution","respond","significant","Microsoft Defender for Office 365 includes powerful automated investigation and response (AIR) capabilities that can save your security operations team time and effort. As alerts are triggered, it's up to your security operations team to review, prioritize, and respond to those alerts. Keeping up with the volume of incoming alerts can be overwhelming. Automating some of those tasks can help.
AIR enables your security operations team to operate more efficiently and effectively. AIR capabilities include automated investigation processes in response to well-known threats that exist today. Appropriate remediation actions await approval, enabling your security operations team to respond effectively to detected threats. With AIR, your security operations team can focus on higher-priority tasks without losing sight of important alerts that are triggered. Examples include: Soft delete email messages or clusters, Block URL (time-of-click), Turn off external mail forwarding, Turn off delegation, etc.

Required licenses
E5 or Microsoft Defender for Office 365 Plan 2 licenses. ","https://learn.microsoft.com/en-us/microsoft-365/security/office-365-security/email-analysis-investigations?view=o365-worldwide; https://learn.microsoft.com/en-us/microsoft-365/security/office-365-security/detect-and-remediate-illicit-consent-grants?view=o365-worldwide; https://learn.microsoft.com/en-us/microsoft-365/security/office-365-security/address-compromised-users-quickly?view=o365-worldwide; https://learn.microsoft.com/en-us/microsoft-365/security/office-365-security/air-about?view=o365-worldwide"
"DEF-AIR-E5","Automated Investigation and Response","m365-defender","Microsoft 365 Defender","T1204.002","Malicious File","Execution","respond","significant","Microsoft Defender for Office 365 includes powerful automated investigation and response (AIR) capabilities that can save your security operations team time and effort. As alerts are triggered, it's up to your security operations team to review, prioritize, and respond to those alerts. Keeping up with the volume of incoming alerts can be overwhelming. Automating some of those tasks can help.
AIR enables your security operations team to operate more efficiently and effectively. AIR capabilities include automated investigation processes in response to well-known threats that exist today. Appropriate remediation actions await approval, enabling your security operations team to respond effectively to detected threats. With AIR, your security operations team can focus on higher-priority tasks without losing sight of important alerts that are triggered. Examples include: Soft delete email messages or clusters, Block URL (time-of-click), Turn off external mail forwarding, Turn off delegation, etc.

Required licenses
E5 or Microsoft Defender for Office 365 Plan 2 licenses. ","https://learn.microsoft.com/en-us/microsoft-365/security/office-365-security/email-analysis-investigations?view=o365-worldwide; https://learn.microsoft.com/en-us/microsoft-365/security/office-365-security/detect-and-remediate-illicit-consent-grants?view=o365-worldwide; https://learn.microsoft.com/en-us/microsoft-365/security/office-365-security/address-compromised-users-quickly?view=o365-worldwide; https://learn.microsoft.com/en-us/microsoft-365/security/office-365-security/air-about?view=o365-worldwide"
"DEF-AIR-E5","Automated Investigation and Response","m365-defender","Microsoft 365 Defender","T1534","Internal Spearphishing","Lateral Movement","respond","significant","Microsoft Defender for Office 365 includes powerful automated investigation and response (AIR) capabilities that can save your security operations team time and effort. As alerts are triggered, it's up to your security operations team to review, prioritize, and respond to those alerts. Keeping up with the volume of incoming alerts can be overwhelming. Automating some of those tasks can help.
AIR enables your security operations team to operate more efficiently and effectively. AIR capabilities include automated investigation processes in response to well-known threats that exist today. Appropriate remediation actions await approval, enabling your security operations team to respond effectively to detected threats. With AIR, your security operations team can focus on higher-priority tasks without losing sight of important alerts that are triggered. Examples include: Soft delete email messages or clusters, Block URL (time-of-click), Turn off external mail forwarding, Turn off delegation, etc.

Required licenses
E5 or Microsoft Defender for Office 365 Plan 2 licenses. ","https://learn.microsoft.com/en-us/microsoft-365/security/office-365-security/email-analysis-investigations?view=o365-worldwide; https://learn.microsoft.com/en-us/microsoft-365/security/office-365-security/detect-and-remediate-illicit-consent-grants?view=o365-worldwide; https://learn.microsoft.com/en-us/microsoft-365/security/office-365-security/address-compromised-users-quickly?view=o365-worldwide; https://learn.microsoft.com/en-us/microsoft-365/security/office-365-security/air-about?view=o365-worldwide"
"DEF-AIR-E5","Automated Investigation and Response","m365-defender","Microsoft 365 Defender","T1550","Use Alternate Authentication Material","Defense Evasion, Lateral Movement","respond","significant","Microsoft Defender for Office 365 includes powerful automated investigation and response (AIR) capabilities that can save your security operations team time and effort. As alerts are triggered, it's up to your security operations team to review, prioritize, and respond to those alerts. Keeping up with the volume of incoming alerts can be overwhelming. Automating some of those tasks can help.
AIR enables your security operations team to operate more efficiently and effectively. AIR capabilities include automated investigation processes in response to well-known threats that exist today. Appropriate remediation actions await approval, enabling your security operations team to respond effectively to detected threats. With AIR, your security operations team can focus on higher-priority tasks without losing sight of important alerts that are triggered. Examples include: Soft delete email messages or clusters, Block URL (time-of-click), Turn off external mail forwarding, Turn off delegation, etc.

Required licenses
E5 or Microsoft Defender for Office 365 Plan 2 licenses. ","https://learn.microsoft.com/en-us/microsoft-365/security/office-365-security/email-analysis-investigations?view=o365-worldwide; https://learn.microsoft.com/en-us/microsoft-365/security/office-365-security/detect-and-remediate-illicit-consent-grants?view=o365-worldwide; https://learn.microsoft.com/en-us/microsoft-365/security/office-365-security/address-compromised-users-quickly?view=o365-worldwide; https://learn.microsoft.com/en-us/microsoft-365/security/office-365-security/air-about?view=o365-worldwide"
"DEF-AIR-E5","Automated Investigation and Response","m365-defender","Microsoft 365 Defender","T1564.008","Email Hiding Rules","Defense Evasion","respond","significant","Microsoft Defender for Office 365 includes powerful automated investigation and response (AIR) capabilities that can save your security operations team time and effort. As alerts are triggered, it's up to your security operations team to review, prioritize, and respond to those alerts. Keeping up with the volume of incoming alerts can be overwhelming. Automating some of those tasks can help.
AIR enables your security operations team to operate more efficiently and effectively. AIR capabilities include automated investigation processes in response to well-known threats that exist today. Appropriate remediation actions await approval, enabling your security operations team to respond effectively to detected threats. With AIR, your security operations team can focus on higher-priority tasks without losing sight of important alerts that are triggered. Examples include: Soft delete email messages or clusters, Block URL (time-of-click), Turn off external mail forwarding, Turn off delegation, etc.

Required licenses
E5 or Microsoft Defender for Office 365 Plan 2 licenses. ","https://learn.microsoft.com/en-us/microsoft-365/security/office-365-security/email-analysis-investigations?view=o365-worldwide; https://learn.microsoft.com/en-us/microsoft-365/security/office-365-security/detect-and-remediate-illicit-consent-grants?view=o365-worldwide; https://learn.microsoft.com/en-us/microsoft-365/security/office-365-security/address-compromised-users-quickly?view=o365-worldwide; https://learn.microsoft.com/en-us/microsoft-365/security/office-365-security/air-about?view=o365-worldwide"
"DEF-AIR-E5","Automated Investigation and Response","m365-defender","Microsoft 365 Defender","T1566","Phishing","Initial Access","respond","significant","Microsoft Defender for Office 365 includes powerful automated investigation and response (AIR) capabilities that can save your security operations team time and effort. As alerts are triggered, it's up to your security operations team to review, prioritize, and respond to those alerts. Keeping up with the volume of incoming alerts can be overwhelming. Automating some of those tasks can help.
AIR enables your security operations team to operate more efficiently and effectively. AIR capabilities include automated investigation processes in response to well-known threats that exist today. Appropriate remediation actions await approval, enabling your security operations team to respond effectively to detected threats. With AIR, your security operations team can focus on higher-priority tasks without losing sight of important alerts that are triggered. Examples include: Soft delete email messages or clusters, Block URL (time-of-click), Turn off external mail forwarding, Turn off delegation, etc.

Required licenses
E5 or Microsoft Defender for Office 365 Plan 2 licenses. ","https://learn.microsoft.com/en-us/microsoft-365/security/office-365-security/email-analysis-investigations?view=o365-worldwide; https://learn.microsoft.com/en-us/microsoft-365/security/office-365-security/detect-and-remediate-illicit-consent-grants?view=o365-worldwide; https://learn.microsoft.com/en-us/microsoft-365/security/office-365-security/address-compromised-users-quickly?view=o365-worldwide; https://learn.microsoft.com/en-us/microsoft-365/security/office-365-security/air-about?view=o365-worldwide"
"DEF-AIR-E5","Automated Investigation and Response","m365-defender","Microsoft 365 Defender","T1566.001","Spearphishing Attachment","Initial Access","respond","significant","Microsoft Defender for Office 365 includes powerful automated investigation and response (AIR) capabilities that can save your security operations team time and effort. As alerts are triggered, it's up to your security operations team to review, prioritize, and respond to those alerts. Keeping up with the volume of incoming alerts can be overwhelming. Automating some of those tasks can help.
AIR enables your security operations team to operate more efficiently and effectively. AIR capabilities include automated investigation processes in response to well-known threats that exist today. Appropriate remediation actions await approval, enabling your security operations team to respond effectively to detected threats. With AIR, your security operations team can focus on higher-priority tasks without losing sight of important alerts that are triggered. Examples include: Soft delete email messages or clusters, Block URL (time-of-click), Turn off external mail forwarding, Turn off delegation, etc.

Required licenses
E5 or Microsoft Defender for Office 365 Plan 2 licenses. ","https://learn.microsoft.com/en-us/microsoft-365/security/office-365-security/email-analysis-investigations?view=o365-worldwide; https://learn.microsoft.com/en-us/microsoft-365/security/office-365-security/detect-and-remediate-illicit-consent-grants?view=o365-worldwide; https://learn.microsoft.com/en-us/microsoft-365/security/office-365-security/address-compromised-users-quickly?view=o365-worldwide; https://learn.microsoft.com/en-us/microsoft-365/security/office-365-security/air-about?view=o365-worldwide"
"DEF-AIR-E5","Automated Investigation and Response","m365-defender","Microsoft 365 Defender","T1566.002","Spearphishing Link","Initial Access","respond","significant","Microsoft Defender for Office 365 includes powerful automated investigation and response (AIR) capabilities that can save your security operations team time and effort. As alerts are triggered, it's up to your security operations team to review, prioritize, and respond to those alerts. Keeping up with the volume of incoming alerts can be overwhelming. Automating some of those tasks can help.
AIR enables your security operations team to operate more efficiently and effectively. AIR capabilities include automated investigation processes in response to well-known threats that exist today. Appropriate remediation actions await approval, enabling your security operations team to respond effectively to detected threats. With AIR, your security operations team can focus on higher-priority tasks without losing sight of important alerts that are triggered. Examples include: Soft delete email messages or clusters, Block URL (time-of-click), Turn off external mail forwarding, Turn off delegation, etc.

Required licenses
E5 or Microsoft Defender for Office 365 Plan 2 licenses. ","https://learn.microsoft.com/en-us/microsoft-365/security/office-365-security/email-analysis-investigations?view=o365-worldwide; https://learn.microsoft.com/en-us/microsoft-365/security/office-365-security/detect-and-remediate-illicit-consent-grants?view=o365-worldwide; https://learn.microsoft.com/en-us/microsoft-365/security/office-365-security/address-compromised-users-quickly?view=o365-worldwide; https://learn.microsoft.com/en-us/microsoft-365/security/office-365-security/air-about?view=o365-worldwide"
"DEF-AIR-E5","Automated Investigation and Response","m365-defender","Microsoft 365 Defender","T1567","Exfiltration Over Web Service","Exfiltration","respond","significant","Microsoft Defender for Office 365 includes powerful automated investigation and response (AIR) capabilities that can save your security operations team time and effort. As alerts are triggered, it's up to your security operations team to review, prioritize, and respond to those alerts. Keeping up with the volume of incoming alerts can be overwhelming. Automating some of those tasks can help.
AIR enables your security operations team to operate more efficiently and effectively. AIR capabilities include automated investigation processes in response to well-known threats that exist today. Appropriate remediation actions await approval, enabling your security operations team to respond effectively to detected threats. With AIR, your security operations team can focus on higher-priority tasks without losing sight of important alerts that are triggered. Examples include: Soft delete email messages or clusters, Block URL (time-of-click), Turn off external mail forwarding, Turn off delegation, etc.

Required licenses
E5 or Microsoft Defender for Office 365 Plan 2 licenses. ","https://learn.microsoft.com/en-us/microsoft-365/security/office-365-security/email-analysis-investigations?view=o365-worldwide; https://learn.microsoft.com/en-us/microsoft-365/security/office-365-security/detect-and-remediate-illicit-consent-grants?view=o365-worldwide; https://learn.microsoft.com/en-us/microsoft-365/security/office-365-security/address-compromised-users-quickly?view=o365-worldwide; https://learn.microsoft.com/en-us/microsoft-365/security/office-365-security/air-about?view=o365-worldwide"
"DEF-AIR-E5","Automated Investigation and Response","m365-defender","Microsoft 365 Defender","T1656","Impersonation","Defense Evasion","respond","significant","Microsoft Defender for Office 365 includes powerful automated investigation and response (AIR) capabilities that can save your security operations team time and effort. As alerts are triggered, it's up to your security operations team to review, prioritize, and respond to those alerts. Keeping up with the volume of incoming alerts can be overwhelming. Automating some of those tasks can help.
AIR enables your security operations team to operate more efficiently and effectively. AIR capabilities include automated investigation processes in response to well-known threats that exist today. Appropriate remediation actions await approval, enabling your security operations team to respond effectively to detected threats. With AIR, your security operations team can focus on higher-priority tasks without losing sight of important alerts that are triggered. Examples include: Soft delete email messages or clusters, Block URL (time-of-click), Turn off external mail forwarding, Turn off delegation, etc.

Required licenses
E5 or Microsoft Defender for Office 365 Plan 2 licenses. ","https://learn.microsoft.com/en-us/microsoft-365/security/office-365-security/email-analysis-investigations?view=o365-worldwide; https://learn.microsoft.com/en-us/microsoft-365/security/office-365-security/detect-and-remediate-illicit-consent-grants?view=o365-worldwide; https://learn.microsoft.com/en-us/microsoft-365/security/office-365-security/address-compromised-users-quickly?view=o365-worldwide; https://learn.microsoft.com/en-us/microsoft-365/security/office-365-security/air-about?view=o365-worldwide"
"DEF-IR-E5","Incident Response","m365-defender","Microsoft 365 Defender","T1059","Command and Scripting Interpreter","Execution","respond","minimal","An incident in Microsoft Defender XDR is a collection of correlated alerts and associated data that make up the story of an attack. Microsoft 365 services and apps create alerts when they detect a suspicious or malicious event or activity. Individual alerts provide valuable clues about a completed or ongoing attack. Attacks typically employ various techniques against different types of entities, such as devices, users, and mailboxes. The result of this is multiple alerts for multiple entities in your tenant. Piecing the individual alerts together to gain insight into an attack can be challenging and time-consuming, Microsoft Defender XDR automatically aggregates the alerts and their associated information into an incident. A typical Incident Response workflow in Microsoft Defender XDR begins with a triage action, next is the investigate action, and finally is the response action.

Microsoft 365 Defender Incident Response responds to Command and Scripting Interpreter attacks due to Incident Response monitoring for reconnaissance and discovery alerts which monitors for subsequent behavior related to discovery.

License Requirements:
Microsoft Defender XDR","https://learn.microsoft.com/en-us/defender-for-identity/reconnaissance-discovery-alerts; https://learn.microsoft.com/en-us/microsoft-365/security/defender/incidents-overview?view=o365-worldwide"
"DEF-IR-E5","Incident Response","m365-defender","Microsoft 365 Defender","T1059.009","Cloud API","Execution","respond","minimal","An incident in Microsoft Defender XDR is a collection of correlated alerts and associated data that make up the story of an attack. Microsoft 365 services and apps create alerts when they detect a suspicious or malicious event or activity. Individual alerts provide valuable clues about a completed or ongoing attack. Attacks typically employ various techniques against different types of entities, such as devices, users, and mailboxes. The result of this is multiple alerts for multiple entities in your tenant. Piecing the individual alerts together to gain insight into an attack can be challenging and time-consuming, Microsoft Defender XDR automatically aggregates the alerts and their associated information into an incident. A typical Incident Response workflow in Microsoft Defender XDR begins with a triage action, next is the investigate action, and finally is the response action.

Microsoft 365 Defender Incident Response responds to Cloud API attacks due to Incident Response monitoring for api activity security alerts which reviews cloud audit logs to determine if unauthorized or suspicious commands were executed.

License Requirements:
Microsoft Defender XDR","https://learn.microsoft.com/en-us/azure/defender-for-cloud/alerts-reference#alerts-for-azure-ddos-protection; https://learn.microsoft.com/en-us/microsoft-365/security/defender/incidents-overview?view=o365-worldwide"
"DEF-IR-E5","Incident Response","m365-defender","Microsoft 365 Defender","T1078","Valid Accounts","Defense Evasion, Persistence, Privilege Escalation, Initial Access","respond","minimal","An incident in Microsoft Defender XDR is a collection of correlated alerts and associated data that make up the story of an attack. Microsoft 365 services and apps create alerts when they detect a suspicious or malicious event or activity. Individual alerts provide valuable clues about a completed or ongoing attack. Attacks typically employ various techniques against different types of entities, such as devices, users, and mailboxes. The result of this is multiple alerts for multiple entities in your tenant. Piecing the individual alerts together to gain insight into an attack can be challenging and time-consuming, Microsoft Defender XDR automatically aggregates the alerts and their associated information into an incident. A typical Incident Response workflow in Microsoft Defender XDR begins with a triage action, next is the investigate action, and finally is the response action.

Microsoft 365 Defender Incident Response responds to valid account attacks due to Incident Response monitoring for newly constructed logon behavior that may obtain and abuse credentials of existing accounts.

License Requirements:
Microsoft Defender XDR","https://learn.microsoft.com/en-us/microsoft-365/security/defender/incidents-overview?view=o365-worldwide"
"DEF-IR-E5","Incident Response","m365-defender","Microsoft 365 Defender","T1087.004","Cloud Account","Discovery","respond","minimal","An incident in Microsoft Defender XDR is a collection of correlated alerts and associated data that make up the story of an attack. Microsoft 365 services and apps create alerts when they detect a suspicious or malicious event or activity. Individual alerts provide valuable clues about a completed or ongoing attack. Attacks typically employ various techniques against different types of entities, such as devices, users, and mailboxes. The result of this is multiple alerts for multiple entities in your tenant. Piecing the individual alerts together to gain insight into an attack can be challenging and time-consuming, Microsoft Defender XDR automatically aggregates the alerts and their associated information into an incident. A typical Incident Response workflow in Microsoft Defender XDR begins with a triage action, next is the investigate action, and finally is the response action.

Microsoft 365 Defender Incident Response responds to cloud account attacks due to Incident Response monitoring the activity of cloud accounts to detect abnormal or malicious behavior.

License Requirements:
Microsoft Defender XDR","https://learn.microsoft.com/en-us/microsoft-365/security/defender/incidents-overview?view=o365-worldwide"
"DEF-IR-E5","Incident Response","m365-defender","Microsoft 365 Defender","T1098","Account Manipulation","Persistence, Privilege Escalation","respond","minimal","An incident in Microsoft Defender XDR is a collection of correlated alerts and associated data that make up the story of an attack. Microsoft 365 services and apps create alerts when they detect a suspicious or malicious event or activity. Individual alerts provide valuable clues about a completed or ongoing attack. Attacks typically employ various techniques against different types of entities, such as devices, users, and mailboxes. The result of this is multiple alerts for multiple entities in your tenant. Piecing the individual alerts together to gain insight into an attack can be challenging and time-consuming, Microsoft Defender XDR automatically aggregates the alerts and their associated information into an incident. A typical Incident Response workflow in Microsoft Defender XDR begins with a triage action, next is the investigate action, and finally is the response action.

Microsoft 365 Defender Incident Response responds to Account Manipulation attacks due to Incident Response monitoring for persistence and privilege escalation alerts which monitors for newly constructed processes indicative of modifying account settings.

License Requirements:
Microsoft Defender XDR","https://learn.microsoft.com/en-us/defender-for-identity/persistence-privilege-escalation-alerts; https://learn.microsoft.com/en-us/microsoft-365/security/defender/incidents-overview?view=o365-worldwide"
"DEF-IR-E5","Incident Response","m365-defender","Microsoft 365 Defender","T1098.001","Additional Cloud Credentials","Persistence, Privilege Escalation","respond","minimal","An incident in Microsoft Defender XDR is a collection of correlated alerts and associated data that make up the story of an attack. Microsoft 365 services and apps create alerts when they detect a suspicious or malicious event or activity. Individual alerts provide valuable clues about a completed or ongoing attack. Attacks typically employ various techniques against different types of entities, such as devices, users, and mailboxes. The result of this is multiple alerts for multiple entities in your tenant. Piecing the individual alerts together to gain insight into an attack can be challenging and time-consuming, Microsoft Defender XDR automatically aggregates the alerts and their associated information into an incident. A typical Incident Response workflow in Microsoft Defender XDR begins with a triage action, next is the investigate action, and finally is the response action.

Microsoft 365 Defender Incident Response responds to Additional Cloud Credential attacks due to Incident Response monitoring for persistence and privilege escalation alerts which monitors for unexpected changes to cloud user accounts.

License Requirements:
Microsoft Defender XDR","https://learn.microsoft.com/en-us/defender-for-identity/persistence-privilege-escalation-alerts; https://learn.microsoft.com/en-us/microsoft-365/security/defender/incidents-overview?view=o365-worldwide"
"DEF-IR-E5","Incident Response","m365-defender","Microsoft 365 Defender","T1098.002","Additional Email Delegate Permissions","Persistence, Privilege Escalation","respond","minimal","An incident in Microsoft Defender XDR is a collection of correlated alerts and associated data that make up the story of an attack. Microsoft 365 services and apps create alerts when they detect a suspicious or malicious event or activity. Individual alerts provide valuable clues about a completed or ongoing attack. Attacks typically employ various techniques against different types of entities, such as devices, users, and mailboxes. The result of this is multiple alerts for multiple entities in your tenant. Piecing the individual alerts together to gain insight into an attack can be challenging and time-consuming, Microsoft Defender XDR automatically aggregates the alerts and their associated information into an incident. A typical Incident Response workflow in Microsoft Defender XDR begins with a triage action, next is the investigate action, and finally is the response action.

Microsoft 365 Defender Incident Response responds to Additional Email Delegate Permission attacks due to Incident Response monitoring for default alert policies which provides built-in alert policies that help identify Exchange admin permissions abuse and account permissions changes.

License Requirements:
Microsoft Defender XDR","https://learn.microsoft.com/en-us/purview/alert-policies; https://learn.microsoft.com/en-us/microsoft-365/security/defender/incidents-overview?view=o365-worldwide"
"DEF-IR-E5","Incident Response","m365-defender","Microsoft 365 Defender","T1098.003","Additional Cloud Roles","Persistence, Privilege Escalation","respond","minimal","An incident in Microsoft Defender XDR is a collection of correlated alerts and associated data that make up the story of an attack. Microsoft 365 services and apps create alerts when they detect a suspicious or malicious event or activity. Individual alerts provide valuable clues about a completed or ongoing attack. Attacks typically employ various techniques against different types of entities, such as devices, users, and mailboxes. The result of this is multiple alerts for multiple entities in your tenant. Piecing the individual alerts together to gain insight into an attack can be challenging and time-consuming, Microsoft Defender XDR automatically aggregates the alerts and their associated information into an incident. A typical Incident Response workflow in Microsoft Defender XDR begins with a triage action, next is the investigate action, and finally is the response action.

Microsoft 365 Defender Incident Response responds to Additional Cloud Role attacks due to Incident Response monitoring for permission alert policies which collect usage logs from cloud administrator accounts to identify unusual activity.

License Requirements:
Microsoft Defender XDR","https://learn.microsoft.com/en-us/purview/alert-policies; https://learn.microsoft.com/en-us/microsoft-365/security/defender/incidents-overview?view=o365-worldwide"
"DEF-IR-E5","Incident Response","m365-defender","Microsoft 365 Defender","T1110","Brute Force","Credential Access","respond","minimal","An incident in Microsoft Defender XDR is a collection of correlated alerts and associated data that make up the story of an attack. Microsoft 365 services and apps create alerts when they detect a suspicious or malicious event or activity. Individual alerts provide valuable clues about a completed or ongoing attack. Attacks typically employ various techniques against different types of entities, such as devices, users, and mailboxes. The result of this is multiple alerts for multiple entities in your tenant. Piecing the individual alerts together to gain insight into an attack can be challenging and time-consuming, Microsoft Defender XDR automatically aggregates the alerts and their associated information into an incident. A typical Incident Response workflow in Microsoft Defender XDR begins with a triage action, next is the investigate action, and finally is the response action.

Microsoft 365 Defender Incident Response responds to Brute Force attacks due to its password spray Incident Response playbook which monitors for many failed authentication attempts across various accounts that may result from password spraying attempts.

License Requirements:
Microsoft Defender XDR","https://learn.microsoft.com/en-us/security/operations/incident-response-playbooks; https://learn.microsoft.com/en-us/security/operations/incident-response-playbook-password-spray; https://learn.microsoft.com/en-us/microsoft-365/security/defender/incidents-overview?view=o365-worldwide"
"DEF-IR-E5","Incident Response","m365-defender","Microsoft 365 Defender","T1110.001","Password Guessing","Credential Access","respond","minimal","An incident in Microsoft Defender XDR is a collection of correlated alerts and associated data that make up the story of an attack. Microsoft 365 services and apps create alerts when they detect a suspicious or malicious event or activity. Individual alerts provide valuable clues about a completed or ongoing attack. Attacks typically employ various techniques against different types of entities, such as devices, users, and mailboxes. The result of this is multiple alerts for multiple entities in your tenant. Piecing the individual alerts together to gain insight into an attack can be challenging and time-consuming, Microsoft Defender XDR automatically aggregates the alerts and their associated information into an incident. A typical Incident Response workflow in Microsoft Defender XDR begins with a triage action, next is the investigate action, and finally is the response action.

Microsoft 365 Defender Incident Response responds to Password Guessing attacks due to its password spray Incident Response playbook which monitors for many failed authentication attempts across various accounts that may result from password guessing attempts.

License Requirements:
Microsoft Defender XDR","https://learn.microsoft.com/en-us/security/operations/incident-response-playbooks; https://learn.microsoft.com/en-us/security/operations/incident-response-playbook-password-spray; https://learn.microsoft.com/en-us/microsoft-365/security/defender/incidents-overview?view=o365-worldwide"
"DEF-IR-E5","Incident Response","m365-defender","Microsoft 365 Defender","T1110.002","Password Cracking","Credential Access","respond","minimal","An incident in Microsoft Defender XDR is a collection of correlated alerts and associated data that make up the story of an attack. Microsoft 365 services and apps create alerts when they detect a suspicious or malicious event or activity. Individual alerts provide valuable clues about a completed or ongoing attack. Attacks typically employ various techniques against different types of entities, such as devices, users, and mailboxes. The result of this is multiple alerts for multiple entities in your tenant. Piecing the individual alerts together to gain insight into an attack can be challenging and time-consuming, Microsoft Defender XDR automatically aggregates the alerts and their associated information into an incident. A typical Incident Response workflow in Microsoft Defender XDR begins with a triage action, next is the investigate action, and finally is the response action.

Microsoft 365 Defender Incident Response responds to Password Cracking attacks due to its password spray Incident Response playbook which monitors for many failed authentication attempts across various accounts that may result from password spraying attempts.

License Requirements:
Microsoft Defender XDR","https://learn.microsoft.com/en-us/security/operations/incident-response-playbooks; https://learn.microsoft.com/en-us/security/operations/incident-response-playbook-password-spray; https://learn.microsoft.com/en-us/microsoft-365/security/defender/incidents-overview?view=o365-worldwide"
"DEF-IR-E5","Incident Response","m365-defender","Microsoft 365 Defender","T1110.003","Password Spraying","Credential Access","respond","minimal","An incident in Microsoft Defender XDR is a collection of correlated alerts and associated data that make up the story of an attack. Microsoft 365 services and apps create alerts when they detect a suspicious or malicious event or activity. Individual alerts provide valuable clues about a completed or ongoing attack. Attacks typically employ various techniques against different types of entities, such as devices, users, and mailboxes. The result of this is multiple alerts for multiple entities in your tenant. Piecing the individual alerts together to gain insight into an attack can be challenging and time-consuming, Microsoft Defender XDR automatically aggregates the alerts and their associated information into an incident. A typical Incident Response workflow in Microsoft Defender XDR begins with a triage action, next is the investigate action, and finally is the response action.

Microsoft 365 Defender Incident Response responds to Password Spraying attacks due to its password spray Incident Response playbook which monitors for many failed authentication attempts across various accounts that may result from password spraying attempts.

License Requirements:
Microsoft Defender XDR","https://learn.microsoft.com/en-us/security/operations/incident-response-playbooks; https://learn.microsoft.com/en-us/security/operations/incident-response-playbook-password-spray; https://learn.microsoft.com/en-us/microsoft-365/security/defender/incidents-overview?view=o365-worldwide"
"DEF-IR-E5","Incident Response","m365-defender","Microsoft 365 Defender","T1110.004","Credential Stuffing","Credential Access","respond","minimal","An incident in Microsoft Defender XDR is a collection of correlated alerts and associated data that make up the story of an attack. Microsoft 365 services and apps create alerts when they detect a suspicious or malicious event or activity. Individual alerts provide valuable clues about a completed or ongoing attack. Attacks typically employ various techniques against different types of entities, such as devices, users, and mailboxes. The result of this is multiple alerts for multiple entities in your tenant. Piecing the individual alerts together to gain insight into an attack can be challenging and time-consuming, Microsoft Defender XDR automatically aggregates the alerts and their associated information into an incident. A typical Incident Response workflow in Microsoft Defender XDR begins with a triage action, next is the investigate action, and finally is the response action.

Microsoft 365 Defender Incident Response responds to Credential Stuffing attacks due to its password spray Incident Response playbook which monitors for many failed authentication attempts across various accounts that may result from credential stuffing attempts.

License Requirements:
Microsoft Defender XDR","https://learn.microsoft.com/en-us/security/operations/incident-response-playbooks; https://learn.microsoft.com/en-us/security/operations/incident-response-playbook-password-spray; https://learn.microsoft.com/en-us/microsoft-365/security/defender/incidents-overview?view=o365-worldwide"
"DEF-IR-E5","Incident Response","m365-defender","Microsoft 365 Defender","T1136","Create Account","Persistence","respond","minimal","An incident in Microsoft Defender XDR is a collection of correlated alerts and associated data that make up the story of an attack. Microsoft 365 services and apps create alerts when they detect a suspicious or malicious event or activity. Individual alerts provide valuable clues about a completed or ongoing attack. Attacks typically employ various techniques against different types of entities, such as devices, users, and mailboxes. The result of this is multiple alerts for multiple entities in your tenant. Piecing the individual alerts together to gain insight into an attack can be challenging and time-consuming, Microsoft Defender XDR automatically aggregates the alerts and their associated information into an incident. A typical Incident Response workflow in Microsoft Defender XDR begins with a triage action, next is the investigate action, and finally is the response action.

Microsoft 365 Defender Incident Response responds to Create Account attacks due to Incident Response monitoring for newly executed processes associated with account creations.

License Requirements:
Microsoft Defender XDR","https://learn.microsoft.com/en-us/azure/defender-for-cloud/alerts-reference#alerts-for-azure-ddos-protection; https://learn.microsoft.com/en-us/microsoft-365/security/defender/incidents-overview?view=o365-worldwide"
"DEF-IR-E5","Incident Response","m365-defender","Microsoft 365 Defender","T1136.003","Cloud Account","Persistence","respond","minimal","An incident in Microsoft Defender XDR is a collection of correlated alerts and associated data that make up the story of an attack. Microsoft 365 services and apps create alerts when they detect a suspicious or malicious event or activity. Individual alerts provide valuable clues about a completed or ongoing attack. Attacks typically employ various techniques against different types of entities, such as devices, users, and mailboxes. The result of this is multiple alerts for multiple entities in your tenant. Piecing the individual alerts together to gain insight into an attack can be challenging and time-consuming, Microsoft Defender XDR automatically aggregates the alerts and their associated information into an incident. A typical Incident Response workflow in Microsoft Defender XDR begins with a triage action, next is the investigate action, and finally is the response action.

Microsoft 365 Defender Incident Response responds to Cloud Account attacks due to Incident Response monitoring for newly constructed user accounts through the collection of usage logs from cloud user and administrator accounts to identify unusual activity in the creation of new accounts.

License Requirements:
Microsoft Defender XDR","https://learn.microsoft.com/en-us/azure/defender-for-cloud/alerts-reference#alerts-for-azure-ddos-protection; https://learn.microsoft.com/en-us/microsoft-365/security/defender/incidents-overview?view=o365-worldwide"
"DEF-IR-E5","Incident Response","m365-defender","Microsoft 365 Defender","T1213","Data from Information Repositories","Collection","respond","minimal","An incident in Microsoft Defender XDR is a collection of correlated alerts and associated data that make up the story of an attack. Microsoft 365 services and apps create alerts when they detect a suspicious or malicious event or activity. Individual alerts provide valuable clues about a completed or ongoing attack. Attacks typically employ various techniques against different types of entities, such as devices, users, and mailboxes. The result of this is multiple alerts for multiple entities in your tenant. Piecing the individual alerts together to gain insight into an attack can be challenging and time-consuming, Microsoft Defender XDR automatically aggregates the alerts and their associated information into an incident. A typical Incident Response workflow in Microsoft Defender XDR begins with a triage action, next is the investigate action, and finally is the response action.

Microsoft 365 Defender Incident Response responds to Data from Information Repository attacks due to Incident Response being able to monitor for newly constructed logon behavior within Microsoft SharePoint.

License Requirements:
Microsoft Defender XDR","https://learn.microsoft.com/en-us/microsoft-365/security/defender/incidents-overview?view=o365-worldwide"
"DEF-IR-E5","Incident Response","m365-defender","Microsoft 365 Defender","T1213.002","Sharepoint","Collection","respond","minimal","An incident in Microsoft Defender XDR is a collection of correlated alerts and associated data that make up the story of an attack. Microsoft 365 services and apps create alerts when they detect a suspicious or malicious event or activity. Individual alerts provide valuable clues about a completed or ongoing attack. Attacks typically employ various techniques against different types of entities, such as devices, users, and mailboxes. The result of this is multiple alerts for multiple entities in your tenant. Piecing the individual alerts together to gain insight into an attack can be challenging and time-consuming, Microsoft Defender XDR automatically aggregates the alerts and their associated information into an incident. A typical Incident Response workflow in Microsoft Defender XDR begins with a triage action, next is the investigate action, and finally is the response action.

Microsoft 365 Defender Incident Response responds to Sharepoint attacks due to Incident Response being able to monitor for newly constructed logon behavior within Microsoft SharePoint.

License Requirements:
Microsoft Defender XDR","https://learn.microsoft.com/en-us/microsoft-365/security/defender/incidents-overview?view=o365-worldwide"
"DEF-IR-E5","Incident Response","m365-defender","Microsoft 365 Defender","T1530","Data from Cloud Storage","Collection","respond","minimal","An incident in Microsoft Defender XDR is a collection of correlated alerts and associated data that make up the story of an attack. Microsoft 365 services and apps create alerts when they detect a suspicious or malicious event or activity. Individual alerts provide valuable clues about a completed or ongoing attack. Attacks typically employ various techniques against different types of entities, such as devices, users, and mailboxes. The result of this is multiple alerts for multiple entities in your tenant. Piecing the individual alerts together to gain insight into an attack can be challenging and time-consuming, Microsoft Defender XDR automatically aggregates the alerts and their associated information into an incident. A typical Incident Response workflow in Microsoft Defender XDR begins with a triage action, next is the investigate action, and finally is the response action.

Microsoft 365 Defender Incident Response responds to Data from Cloud Storage attacks due to Incident Response monitoring for security alerts that represent unusual queries to the cloud provider's storage service.

License Requirements:
Microsoft Defender XDR","https://learn.microsoft.com/en-us/microsoft-365/security/defender/incidents-overview?view=o365-worldwide"
"DEF-IR-E5","Incident Response","m365-defender","Microsoft 365 Defender","T1531","Account Access Removal","Impact","respond","minimal","An incident in Microsoft Defender XDR is a collection of correlated alerts and associated data that make up the story of an attack. Microsoft 365 services and apps create alerts when they detect a suspicious or malicious event or activity. Individual alerts provide valuable clues about a completed or ongoing attack. Attacks typically employ various techniques against different types of entities, such as devices, users, and mailboxes. The result of this is multiple alerts for multiple entities in your tenant. Piecing the individual alerts together to gain insight into an attack can be challenging and time-consuming, Microsoft Defender XDR automatically aggregates the alerts and their associated information into an incident. A typical Incident Response workflow in Microsoft Defender XDR begins with a triage action, next is the investigate action, and finally is the response action.

Microsoft 365 Defender Incident Response responds to Account Access Removal attacks due to Incident Response monitoring for password change security alerts which monitors for changes made to user accounts for unexpected modification of properties.

License Requirements:
Microsoft Defender XDR","https://learn.microsoft.com/en-us/defender-for-identity/credential-access-alerts; https://learn.microsoft.com/en-us/azure/defender-for-cloud/alerts-reference#alerts-for-azure-ddos-protection; https://learn.microsoft.com/en-us/microsoft-365/security/defender/incidents-overview?view=o365-worldwide"
"DEF-IR-E5","Incident Response","m365-defender","Microsoft 365 Defender","T1538","Cloud Service Dashboard","Discovery","respond","minimal","An incident in Microsoft Defender XDR is a collection of correlated alerts and associated data that make up the story of an attack. Microsoft 365 services and apps create alerts when they detect a suspicious or malicious event or activity. Individual alerts provide valuable clues about a completed or ongoing attack. Attacks typically employ various techniques against different types of entities, such as devices, users, and mailboxes. The result of this is multiple alerts for multiple entities in your tenant. Piecing the individual alerts together to gain insight into an attack can be challenging and time-consuming, Microsoft Defender XDR automatically aggregates the alerts and their associated information into an incident. A typical Incident Response workflow in Microsoft Defender XDR begins with a triage action, next is the investigate action, and finally is the response action.

Microsoft 365 Defender Incident Response responds to Cloud Service Dashboard attacks due to Incident Response monitoring for newly constructed logon behavior across cloud service management consoles and the aggregated alerts allowing admins to correlate security systems with login information, such as user accounts, IP addresses, and login names.

License Requirements:
Microsoft Defender XDR","https://learn.microsoft.com/en-us/microsoft-365/security/defender/incidents-overview?view=o365-worldwide"
"DEF-IR-E5","Incident Response","m365-defender","Microsoft 365 Defender","T1550","Use Alternate Authentication Material","Defense Evasion, Lateral Movement","respond","minimal","An incident in Microsoft Defender XDR is a collection of correlated alerts and associated data that make up the story of an attack. Microsoft 365 services and apps create alerts when they detect a suspicious or malicious event or activity. Individual alerts provide valuable clues about a completed or ongoing attack. Attacks typically employ various techniques against different types of entities, such as devices, users, and mailboxes. The result of this is multiple alerts for multiple entities in your tenant. Piecing the individual alerts together to gain insight into an attack can be challenging and time-consuming, Microsoft Defender XDR automatically aggregates the alerts and their associated information into an incident. A typical Incident Response workflow in Microsoft Defender XDR begins with a triage action, next is the investigate action, and finally is the response action.

Microsoft 365 Defender Incident Response responds to use alternate authentication material attacks due to Incident Response monitoring for third-party application logging, messaging, and/or other artifacts that may use alternate authentication material, and suspicious account behavior across systems that share accounts.

License Requirements:
Microsoft Defender XDR","https://learn.microsoft.com/en-us/microsoft-365/security/defender/incidents-overview?view=o365-worldwide"
"DEF-IR-E5","Incident Response","m365-defender","Microsoft 365 Defender","T1550.001","Application Access Token","Defense Evasion, Lateral Movement","respond","minimal","An incident in Microsoft Defender XDR is a collection of correlated alerts and associated data that make up the story of an attack. Microsoft 365 services and apps create alerts when they detect a suspicious or malicious event or activity. Individual alerts provide valuable clues about a completed or ongoing attack. Attacks typically employ various techniques against different types of entities, such as devices, users, and mailboxes. The result of this is multiple alerts for multiple entities in your tenant. Piecing the individual alerts together to gain insight into an attack can be challenging and time-consuming, Microsoft Defender XDR automatically aggregates the alerts and their associated information into an incident. A typical Incident Response workflow in Microsoft Defender XDR begins with a triage action, next is the investigate action, and finally is the response action.

Microsoft 365 Defender Incident Response responds to application access token attacks due to Incident Response monitoring for the use of application access tokens to interact with resources or services that do not fit the organization baseline.

License Requirements:
Microsoft Defender XDR","https://learn.microsoft.com/en-us/microsoft-365/security/defender/incidents-overview?view=o365-worldwide"
"DEF-IR-E5","Incident Response","m365-defender","Microsoft 365 Defender","T1550.004","Web Session Cookie","Defense Evasion, Lateral Movement","respond","minimal","An incident in Microsoft Defender XDR is a collection of correlated alerts and associated data that make up the story of an attack. Microsoft 365 services and apps create alerts when they detect a suspicious or malicious event or activity. Individual alerts provide valuable clues about a completed or ongoing attack. Attacks typically employ various techniques against different types of entities, such as devices, users, and mailboxes. The result of this is multiple alerts for multiple entities in your tenant. Piecing the individual alerts together to gain insight into an attack can be challenging and time-consuming, Microsoft Defender XDR automatically aggregates the alerts and their associated information into an incident. A typical Incident Response workflow in Microsoft Defender XDR begins with a triage action, next is the investigate action, and finally is the response action.

Microsoft 365 Defender Incident Response responds to web session cookie attacks due to Incident Response monitoring for third-party application logging, messaging, other service artifacts that provide context of user authentication to web applications, and/or anomalous access of websites/cloud-based applications.

License Requirements:
Microsoft Defender XDR","https://learn.microsoft.com/en-us/microsoft-365/security/defender/incidents-overview?view=o365-worldwide"
"DEF-IR-E5","Incident Response","m365-defender","Microsoft 365 Defender","T1552","Unsecured Credentials","Credential Access","respond","minimal","An incident in Microsoft Defender XDR is a collection of correlated alerts and associated data that make up the story of an attack. Microsoft 365 services and apps create alerts when they detect a suspicious or malicious event or activity. Individual alerts provide valuable clues about a completed or ongoing attack. Attacks typically employ various techniques against different types of entities, such as devices, users, and mailboxes. The result of this is multiple alerts for multiple entities in your tenant. Piecing the individual alerts together to gain insight into an attack can be challenging and time-consuming, Microsoft Defender XDR automatically aggregates the alerts and their associated information into an incident. A typical Incident Response workflow in Microsoft Defender XDR begins with a triage action, next is the investigate action, and finally is the response action.

Microsoft 365 Defender Incident Response responds to unsecure credential attacks due to Incident Response monitoring for newly executed processes, suspicious file access activity, and application logs for activity that may highlight malicious attempts to access application data.

License Requirements:
Microsoft Defender XDR","https://learn.microsoft.com/en-us/microsoft-365/security/defender/incidents-overview?view=o365-worldwide"
"DEF-IR-E5","Incident Response","m365-defender","Microsoft 365 Defender","T1552.008","Chat Messages","Credential Access","respond","minimal","An incident in Microsoft Defender XDR is a collection of correlated alerts and associated data that make up the story of an attack. Microsoft 365 services and apps create alerts when they detect a suspicious or malicious event or activity. Individual alerts provide valuable clues about a completed or ongoing attack. Attacks typically employ various techniques against different types of entities, such as devices, users, and mailboxes. The result of this is multiple alerts for multiple entities in your tenant. Piecing the individual alerts together to gain insight into an attack can be challenging and time-consuming, Microsoft Defender XDR automatically aggregates the alerts and their associated information into an incident. A typical Incident Response workflow in Microsoft Defender XDR begins with a triage action, next is the investigate action, and finally is the response action.

Microsoft 365 Defender Incident Response responds to chat messages attacks due to Incident Response monitoring application logs for activity that may highlight malicious attempts to access application data.

License Requirements:
Microsoft Defender XDR","https://learn.microsoft.com/en-us/microsoft-365/security/defender/incidents-overview?view=o365-worldwide"
"DEF-IR-E5","Incident Response","m365-defender","Microsoft 365 Defender","T1556","Modify Authentication Process","Credential Access, Defense Evasion, Persistence","respond","minimal","An incident in Microsoft Defender XDR is a collection of correlated alerts and associated data that make up the story of an attack. Microsoft 365 services and apps create alerts when they detect a suspicious or malicious event or activity. Individual alerts provide valuable clues about a completed or ongoing attack. Attacks typically employ various techniques against different types of entities, such as devices, users, and mailboxes. The result of this is multiple alerts for multiple entities in your tenant. Piecing the individual alerts together to gain insight into an attack can be challenging and time-consuming, Microsoft Defender XDR automatically aggregates the alerts and their associated information into an incident. A typical Incident Response workflow in Microsoft Defender XDR begins with a triage action, next is the investigate action, and finally is the response action.

Microsoft 365 Defender Incident Response responds to Modify Authentication Process attacks due to Incident Response monitoring for newly created files, suspicious modification of files, and newly constructed logon behavior across systems that share accounts.

License Requirements:
Microsoft Defender XDR","https://learn.microsoft.com/en-us/microsoft-365/security/defender/incidents-overview?view=o365-worldwide"
"DEF-IR-E5","Incident Response","m365-defender","Microsoft 365 Defender","T1556.006","Multi-Factor Authentication","Credential Access, Defense Evasion, Persistence","respond","minimal","An incident in Microsoft Defender XDR is a collection of correlated alerts and associated data that make up the story of an attack. Microsoft 365 services and apps create alerts when they detect a suspicious or malicious event or activity. Individual alerts provide valuable clues about a completed or ongoing attack. Attacks typically employ various techniques against different types of entities, such as devices, users, and mailboxes. The result of this is multiple alerts for multiple entities in your tenant. Piecing the individual alerts together to gain insight into an attack can be challenging and time-consuming, Microsoft Defender XDR automatically aggregates the alerts and their associated information into an incident. A typical Incident Response workflow in Microsoft Defender XDR begins with a triage action, next is the investigate action, and finally is the response action.

Microsoft 365 Defender Incident Response responds to Multi-Factor Authentication attacks due to Incident Response monitoring for logon sessions for user accounts that did not require MFA for authentication.

License Requirements:
Microsoft Defender XDR","https://learn.microsoft.com/en-us/microsoft-365/security/defender/incidents-overview?view=o365-worldwide"
"DEF-IR-E5","Incident Response","m365-defender","Microsoft 365 Defender","T1562","Impair Defenses","Defense Evasion","respond","minimal","An incident in Microsoft Defender XDR is a collection of correlated alerts and associated data that make up the story of an attack. Microsoft 365 services and apps create alerts when they detect a suspicious or malicious event or activity. Individual alerts provide valuable clues about a completed or ongoing attack. Attacks typically employ various techniques against different types of entities, such as devices, users, and mailboxes. The result of this is multiple alerts for multiple entities in your tenant. Piecing the individual alerts together to gain insight into an attack can be challenging and time-consuming, Microsoft Defender XDR automatically aggregates the alerts and their associated information into an incident. A typical Incident Response workflow in Microsoft Defender XDR begins with a triage action, next is the investigate action, and finally is the response action.

Microsoft 365 Defender Incident Response responds to Impair Defense attacks due to Incident Response monitoring for changes to account settings, newly executed processes, and abnormal execution of API functions.

License Requirements:
Microsoft Defender XDR","https://learn.microsoft.com/en-us/microsoft-365/security/defender/incidents-overview?view=o365-worldwide"
"DEF-IR-E5","Incident Response","m365-defender","Microsoft 365 Defender","T1562.008","Disable or Modify Cloud Logs","Defense Evasion","respond","minimal","An incident in Microsoft Defender XDR is a collection of correlated alerts and associated data that make up the story of an attack. Microsoft 365 services and apps create alerts when they detect a suspicious or malicious event or activity. Individual alerts provide valuable clues about a completed or ongoing attack. Attacks typically employ various techniques against different types of entities, such as devices, users, and mailboxes. The result of this is multiple alerts for multiple entities in your tenant. Piecing the individual alerts together to gain insight into an attack can be challenging and time-consuming, Microsoft Defender XDR automatically aggregates the alerts and their associated information into an incident. A typical Incident Response workflow in Microsoft Defender XDR begins with a triage action, next is the investigate action, and finally is the response action.

Microsoft 365 Defender Incident Response responds to Disable or Modify Cloud Log attacks due to Incident Response monitoring for changes to account settings and logs for API calls to disable logging.

License Requirements:
Microsoft Defender XDR","https://learn.microsoft.com/en-us/microsoft-365/security/defender/incidents-overview?view=o365-worldwide"
"DEF-IR-E5","Incident Response","m365-defender","Microsoft 365 Defender","T1564","Hide Artifacts","Defense Evasion","respond","minimal","An incident in Microsoft Defender XDR is a collection of correlated alerts and associated data that make up the story of an attack. Microsoft 365 services and apps create alerts when they detect a suspicious or malicious event or activity. Individual alerts provide valuable clues about a completed or ongoing attack. Attacks typically employ various techniques against different types of entities, such as devices, users, and mailboxes. The result of this is multiple alerts for multiple entities in your tenant. Piecing the individual alerts together to gain insight into an attack can be challenging and time-consuming, Microsoft Defender XDR automatically aggregates the alerts and their associated information into an incident. A typical Incident Response workflow in Microsoft Defender XDR begins with a triage action, next is the investigate action, and finally is the response action.

Microsoft 365 Defender Incident Response responds to Hide Artifact attacks due to Incident Response monitoring for newly constructed user accounts, contextual data about accounts, contextual data about files, and newly constructed files.

License Requirements:
Microsoft Defender XDR","https://learn.microsoft.com/en-us/microsoft-365/security/defender/incidents-overview?view=o365-worldwide"
"DEF-IR-E5","Incident Response","m365-defender","Microsoft 365 Defender","T1564.008","Email Hiding Rules","Defense Evasion","respond","minimal","An incident in Microsoft Defender XDR is a collection of correlated alerts and associated data that make up the story of an attack. Microsoft 365 services and apps create alerts when they detect a suspicious or malicious event or activity. Individual alerts provide valuable clues about a completed or ongoing attack. Attacks typically employ various techniques against different types of entities, such as devices, users, and mailboxes. The result of this is multiple alerts for multiple entities in your tenant. Piecing the individual alerts together to gain insight into an attack can be challenging and time-consuming, Microsoft Defender XDR automatically aggregates the alerts and their associated information into an incident. A typical Incident Response workflow in Microsoft Defender XDR begins with a triage action, next is the investigate action, and finally is the response action.

Microsoft 365 Defender Incident Response responds to Email Hiding Rules attacks due to Incident Response being able to monitor for creation or modification of suspicious inbox rules.

License Requirements:
Microsoft Defender XDR","https://learn.microsoft.com/en-us/microsoft-365/security/defender/incidents-overview?view=o365-worldwide"
"DEF-IR-E5","Incident Response","m365-defender","Microsoft 365 Defender","T1566","Phishing","Initial Access","respond","minimal","An incident in Microsoft Defender XDR is a collection of correlated alerts and associated data that make up the story of an attack. Microsoft 365 services and apps create alerts when they detect a suspicious or malicious event or activity. Individual alerts provide valuable clues about a completed or ongoing attack. Attacks typically employ various techniques against different types of entities, such as devices, users, and mailboxes. The result of this is multiple alerts for multiple entities in your tenant. Piecing the individual alerts together to gain insight into an attack can be challenging and time-consuming, Microsoft Defender XDR automatically aggregates the alerts and their associated information into an incident. A typical Incident Response workflow in Microsoft Defender XDR begins with a triage action, next is the investigate action, and finally is the response action.

Microsoft 365 Defender Incident Response responds to Phishing attacks due to its phishing Incident Response playbook which monitors for messaging, and/or other artifacts that may send phishing messages to gain access to victim systems.

License Requirements:
Microsoft Defender XDR","https://learn.microsoft.com/en-us/security/operations/incident-response-playbook-phishing; https://learn.microsoft.com/en-us/security/operations/incident-response-playbooks; https://learn.microsoft.com/en-us/microsoft-365/security/defender/incidents-overview?view=o365-worldwide"
"DEF-IR-E5","Incident Response","m365-defender","Microsoft 365 Defender","T1598.003","Spearphishing Link","Reconnaissance","respond","minimal","An incident in Microsoft Defender XDR is a collection of correlated alerts and associated data that make up the story of an attack. Microsoft 365 services and apps create alerts when they detect a suspicious or malicious event or activity. Individual alerts provide valuable clues about a completed or ongoing attack.  Attacks typically employ various techniques against different types of entities, such as devices, users, and mailboxes. The result of this is multiple alerts for multiple entities in your tenant. Piecing the individual alerts together to gain insight into an attack can be challenging and time-consuming, Microsoft Defender XDR automatically aggregates the alerts and their associated information into an incident. A typical Incident Response workflow in Microsoft Defender XDR begins with a triage action, next is the investigate action, and finally is the response action.

Microsoft 365 Defender Incident Response responds to spearphishing link attacks due to its phishing Incident Response playbook which monitors for messaging, and/or other artifacts that may send spearphishing emails with a malicious link in an attempt to gain access to victim systems.

License Requirements:
Microsoft Defender XDR","https://learn.microsoft.com/en-us/security/operations/incident-response-playbook-phishing; https://learn.microsoft.com/en-us/security/operations/incident-response-playbooks; https://learn.microsoft.com/en-us/microsoft-365/security/defender/incidents-overview?view=o365-worldwide"
"DEF-IR-E5","Incident Response","m365-defender","Microsoft 365 Defender","T1598.004","Spearphishing Voice","Reconnaissance","respond","minimal","An incident in Microsoft Defender XDR is a collection of correlated alerts and associated data that make up the story of an attack. Microsoft 365 services and apps create alerts when they detect a suspicious or malicious event or activity. Individual alerts provide valuable clues about a completed or ongoing attack. Attacks typically employ various techniques against different types of entities, such as devices, users, and mailboxes. The result of this is multiple alerts for multiple entities in your tenant. Piecing the individual alerts together to gain insight into an attack can be challenging and time-consuming, Microsoft Defender XDR automatically aggregates the alerts and their associated information into an incident. A typical Incident Response workflow in Microsoft Defender XDR begins with a triage action, next is the investigate action, and finally is the response action.

Microsoft 365 Defender Incident Response responds to spearphishing voice attacks due to its phishing Incident Response playbook which monitors call logs from corporate devices to identify patterns of potential voice phishing.

License Requirements:
Microsoft Defender XDR","https://learn.microsoft.com/en-us/security/operations/incident-response-playbook-phishing; https://learn.microsoft.com/en-us/security/operations/incident-response-playbooks; https://learn.microsoft.com/en-us/microsoft-365/security/defender/incidents-overview?view=o365-worldwide"
"DEF-IR-E5","Incident Response","m365-defender","Microsoft 365 Defender","T1606","Forge Web Credentials","Credential Access","respond","minimal","An incident in Microsoft Defender XDR is a collection of correlated alerts and associated data that make up the story of an attack. Microsoft 365 services and apps create alerts when they detect a suspicious or malicious event or activity. Individual alerts provide valuable clues about a completed or ongoing attack. Attacks typically employ various techniques against different types of entities, such as devices, users, and mailboxes. The result of this is multiple alerts for multiple entities in your tenant. Piecing the individual alerts together to gain insight into an attack can be challenging and time-consuming, Microsoft Defender XDR automatically aggregates the alerts and their associated information into an incident. A typical Incident Response workflow in Microsoft Defender XDR begins with a triage action, next is the investigate action, and finally is the response action.

Microsoft 365 Defender Incident Response responds to Forge Web Credentials attacks due to Incident Response monitoring for credential access alert policies which monitors for anomalous authentication activity.

License Requirements:
Microsoft Defender XDR","https://learn.microsoft.com/en-us/microsoft-365/security/defender/incidents-overview?view=o365-worldwide"
"DEF-IR-E5","Incident Response","m365-defender","Microsoft 365 Defender","T1606.002","SAML Tokens","Credential Access","respond","minimal","An incident in Microsoft Defender XDR is a collection of correlated alerts and associated data that make up the story of an attack. Microsoft 365 services and apps create alerts when they detect a suspicious or malicious event or activity. Individual alerts provide valuable clues about a completed or ongoing attack. Attacks typically employ various techniques against different types of entities, such as devices, users, and mailboxes. The result of this is multiple alerts for multiple entities in your tenant. Piecing the individual alerts together to gain insight into an attack can be challenging and time-consuming, Microsoft Defender XDR automatically aggregates the alerts and their associated information into an incident. A typical Incident Response workflow in Microsoft Defender XDR begins with a triage action, next is the investigate action, and finally is the response action.

Microsoft 365 Defender Incident Response responds to SAML Token attacks due to Incident Response monitoring for credential access alert policies which monitors for anomalous authentication activity.

License Requirements:
Microsoft Defender XDR","https://learn.microsoft.com/en-us/microsoft-365/security/defender/incidents-overview?view=o365-worldwide"
"DEF-IR-E5","Incident Response","m365-defender","Microsoft 365 Defender","T1621","Multi-Factor Authentication Request Generation","Credential Access","respond","minimal","An incident in Microsoft Defender XDR is a collection of correlated alerts and associated data that make up the story of an attack. Microsoft 365 services and apps create alerts when they detect a suspicious or malicious event or activity. Individual alerts provide valuable clues about a completed or ongoing attack. Attacks typically employ various techniques against different types of entities, such as devices, users, and mailboxes. The result of this is multiple alerts for multiple entities in your tenant. Piecing the individual alerts together to gain insight into an attack can be challenging and time-consuming, Microsoft Defender XDR automatically aggregates the alerts and their associated information into an incident. A typical Incident Response workflow in Microsoft Defender XDR begins with a triage action, next is the investigate action, and finally is the response action.

Microsoft 365 Defender Incident Response responds to Multi-Factor Authentication Request Generation attacks due to Incident Response monitoring MFA application logs for suspicious events.

License Requirements:
Microsoft Defender XDR","https://learn.microsoft.com/en-us/microsoft-365/security/defender/incidents-overview?view=o365-worldwide"
"PUR-PAM-E5","Privileged Access Management","purview","Microsoft Purview","T1059","Command and Scripting Interpreter","Execution","detect","partial","Microsoft Purview Privileged Access Management allows granular access control over privileged admin tasks in Office 365. It can help protect your organization from breaches that use existing privileged admin accounts with standing access to sensitive data or access to critical configuration settings. Privileged access management requires users to request just-in-time access to complete elevated and privileged tasks through a highly scoped and time-bounded approval workflow. This configuration gives users just-enough-access to perform the task at hand, without risking exposure of sensitive data or critical configuration settings.  Microsoft 365 configuration settings. When used with Microsoft Entra Privileged Identity Management, these two features provide access control with just-in-time access at different scopes. (e.g., Encryption, RBAC, Conditional Access, JIT, Just Enough Access (with Approval). 

License requirements: M365 E5 customers.","https://learn.microsoft.com/en-us/purview/privileged-access-management"
"PUR-PAM-E5","Privileged Access Management","purview","Microsoft Purview","T1059.009","Cloud API","Execution","detect","partial","Microsoft Purview Privileged Access Management allows granular access control over privileged admin tasks in Office 365. It can help protect your organization from breaches that use existing privileged admin accounts with standing access to sensitive data or access to critical configuration settings. Privileged access management requires users to request just-in-time access to complete elevated and privileged tasks through a highly scoped and time-bounded approval workflow. This configuration gives users just-enough-access to perform the task at hand, without risking exposure of sensitive data or critical configuration settings.  Microsoft 365 configuration settings. When used with Microsoft Entra Privileged Identity Management, these two features provide access control with just-in-time access at different scopes. (e.g., Encryption, RBAC, Conditional Access, JIT, Just Enough Access (with Approval). 

License requirements: M365 E5 customers.","https://learn.microsoft.com/en-us/purview/privileged-access-management"
"PUR-PAM-E5","Privileged Access Management","purview","Microsoft Purview","T1078","Valid Accounts","Defense Evasion, Persistence, Privilege Escalation, Initial Access","detect","partial","Microsoft Purview Privileged Access Management allows granular access control over privileged admin tasks in Office 365. It can help protect your organization from breaches that use existing privileged admin accounts with standing access to sensitive data or access to critical configuration settings. Privileged access management requires users to request just-in-time access to complete elevated and privileged tasks through a highly scoped and time-bounded approval workflow. This configuration gives users just-enough-access to perform the task at hand, without risking exposure of sensitive data or critical configuration settings.  Microsoft 365 configuration settings. When used with Microsoft Entra Privileged Identity Management, these two features provide access control with just-in-time access at different scopes. (e.g., Encryption, RBAC, Conditional Access, JIT, Just Enough Access (with Approval). 

License requirements: M365 E5 customers.","https://learn.microsoft.com/en-us/purview/privileged-access-management"
"PUR-PAM-E5","Privileged Access Management","purview","Microsoft Purview","T1078.001","Default Accounts","Defense Evasion, Persistence, Privilege Escalation, Initial Access","detect","partial","Microsoft Purview Privileged Access Management allows granular access control over privileged admin tasks in Office 365. It can help protect your organization from breaches that use existing privileged admin accounts with standing access to sensitive data or access to critical configuration settings. Privileged access management requires users to request just-in-time access to complete elevated and privileged tasks through a highly scoped and time-bounded approval workflow. This configuration gives users just-enough-access to perform the task at hand, without risking exposure of sensitive data or critical configuration settings.  Microsoft 365 configuration settings. When used with Microsoft Entra Privileged Identity Management, these two features provide access control with just-in-time access at different scopes. (e.g., Encryption, RBAC, Conditional Access, JIT, Just Enough Access (with Approval). 

License requirements: M365 E5 customers.","https://learn.microsoft.com/en-us/purview/privileged-access-management"
"PUR-PAM-E5","Privileged Access Management","purview","Microsoft Purview","T1098","Account Manipulation","Persistence, Privilege Escalation","detect","partial","Microsoft Purview Privileged Access Management allows granular access control over privileged admin tasks in Office 365. It can help protect your organization from breaches that use existing privileged admin accounts with standing access to sensitive data or access to critical configuration settings. Privileged access management requires users to request just-in-time access to complete elevated and privileged tasks through a highly scoped and time-bounded approval workflow. This configuration gives users just-enough-access to perform the task at hand, without risking exposure of sensitive data or critical configuration settings.  Microsoft 365 configuration settings. When used with Microsoft Entra Privileged Identity Management, these two features provide access control with just-in-time access at different scopes. (e.g., Encryption, RBAC, Conditional Access, JIT, Just Enough Access (with Approval). 

License requirements: M365 E5 customers.","https://learn.microsoft.com/en-us/purview/privileged-access-management"
"PUR-PAM-E5","Privileged Access Management","purview","Microsoft Purview","T1098.001","Additional Cloud Credentials","Persistence, Privilege Escalation","detect","partial","Microsoft Purview Privileged Access Management allows granular access control over privileged admin tasks in Office 365. It can help protect your organization from breaches that use existing privileged admin accounts with standing access to sensitive data or access to critical configuration settings. Privileged access management requires users to request just-in-time access to complete elevated and privileged tasks through a highly scoped and time-bounded approval workflow. This configuration gives users just-enough-access to perform the task at hand, without risking exposure of sensitive data or critical configuration settings.  Microsoft 365 configuration settings. When used with Microsoft Entra Privileged Identity Management, these two features provide access control with just-in-time access at different scopes. (e.g., Encryption, RBAC, Conditional Access, JIT, Just Enough Access (with Approval). 

License requirements: M365 E5 customers.","https://learn.microsoft.com/en-us/purview/privileged-access-management"
"PUR-PAM-E5","Privileged Access Management","purview","Microsoft Purview","T1098.003","Additional Cloud Roles","Persistence, Privilege Escalation","detect","partial","Microsoft Purview Privileged Access Management allows granular access control over privileged admin tasks in Office 365. It can help protect your organization from breaches that use existing privileged admin accounts with standing access to sensitive data or access to critical configuration settings. Privileged access management requires users to request just-in-time access to complete elevated and privileged tasks through a highly scoped and time-bounded approval workflow. This configuration gives users just-enough-access to perform the task at hand, without risking exposure of sensitive data or critical configuration settings.  Microsoft 365 configuration settings. When used with Microsoft Entra Privileged Identity Management, these two features provide access control with just-in-time access at different scopes. (e.g., Encryption, RBAC, Conditional Access, JIT, Just Enough Access (with Approval). 

License requirements: M365 E5 customers.","https://learn.microsoft.com/en-us/purview/privileged-access-management"
"PUR-PAM-E5","Privileged Access Management","purview","Microsoft Purview","T1133","External Remote Services","Persistence, Initial Access","detect","partial","Microsoft Purview Privileged Access Management allows granular access control over privileged admin tasks in Office 365. It can help protect your organization from breaches that use existing privileged admin accounts with standing access to sensitive data or access to critical configuration settings. Privileged access management requires users to request just-in-time access to complete elevated and privileged tasks through a highly scoped and time-bounded approval workflow. This configuration gives users just-enough-access to perform the task at hand, without risking exposure of sensitive data or critical configuration settings.  Microsoft 365 configuration settings. When used with Microsoft Entra Privileged Identity Management, these two features provide access control with just-in-time access at different scopes. (e.g., Encryption, RBAC, Conditional Access, JIT, Just Enough Access (with Approval). 

License requirements: M365 E5 customers.","https://learn.microsoft.com/en-us/purview/privileged-access-management"
"PUR-PAM-E5","Privileged Access Management","purview","Microsoft Purview","T1213","Data from Information Repositories","Collection","detect","partial","Microsoft Purview Privileged Access Management allows granular access control over privileged admin tasks in Office 365. It can help protect your organization from breaches that use existing privileged admin accounts with standing access to sensitive data or access to critical configuration settings. Privileged access management requires users to request just-in-time access to complete elevated and privileged tasks through a highly scoped and time-bounded approval workflow. This configuration gives users just-enough-access to perform the task at hand, without risking exposure of sensitive data or critical configuration settings.  Microsoft 365 configuration settings. When used with Microsoft Entra Privileged Identity Management, these two features provide access control with just-in-time access at different scopes. (e.g., Encryption, RBAC, Conditional Access, JIT, Just Enough Access (with Approval). 

License requirements: M365 E5 customers.","https://learn.microsoft.com/en-us/purview/privileged-access-management"
"PUR-PAM-E5","Privileged Access Management","purview","Microsoft Purview","T1213.002","Sharepoint","Collection","detect","partial","Microsoft Purview Privileged Access Management allows granular access control over privileged admin tasks in Office 365. It can help protect your organization from breaches that use existing privileged admin accounts with standing access to sensitive data or access to critical configuration settings. Privileged access management requires users to request just-in-time access to complete elevated and privileged tasks through a highly scoped and time-bounded approval workflow. This configuration gives users just-enough-access to perform the task at hand, without risking exposure of sensitive data or critical configuration settings.  Microsoft 365 configuration settings. When used with Microsoft Entra Privileged Identity Management, these two features provide access control with just-in-time access at different scopes. (e.g., Encryption, RBAC, Conditional Access, JIT, Just Enough Access (with Approval). 

License requirements: M365 E5 customers.","https://learn.microsoft.com/en-us/purview/privileged-access-management"
"PUR-PAM-E5","Privileged Access Management","purview","Microsoft Purview","T1530","Data from Cloud Storage","Collection","detect","partial","Microsoft Purview Privileged Access Management allows granular access control over privileged admin tasks in Office 365. It can help protect your organization from breaches that use existing privileged admin accounts with standing access to sensitive data or access to critical configuration settings. Privileged access management requires users to request just-in-time access to complete elevated and privileged tasks through a highly scoped and time-bounded approval workflow. This configuration gives users just-enough-access to perform the task at hand, without risking exposure of sensitive data or critical configuration settings.  Microsoft 365 configuration settings. When used with Microsoft Entra Privileged Identity Management, these two features provide access control with just-in-time access at different scopes. (e.g., Encryption, RBAC, Conditional Access, JIT, Just Enough Access (with Approval). 

License requirements: M365 E5 customers.","https://learn.microsoft.com/en-us/purview/privileged-access-management"
"PUR-PAM-E5","Privileged Access Management","purview","Microsoft Purview","T1586.003","Cloud Accounts","Resource Development","detect","partial","Microsoft Purview Privileged Access Management allows granular access control over privileged admin tasks in Office 365. It can help protect your organization from breaches that use existing privileged admin accounts with standing access to sensitive data or access to critical configuration settings. Privileged access management requires users to request just-in-time access to complete elevated and privileged tasks through a highly scoped and time-bounded approval workflow. This configuration gives users just-enough-access to perform the task at hand, without risking exposure of sensitive data or critical configuration settings.  Microsoft 365 configuration settings. When used with Microsoft Entra Privileged Identity Management, these two features provide access control with just-in-time access at different scopes. (e.g., Encryption, RBAC, Conditional Access, JIT, Just Enough Access (with Approval). 

License requirements: M365 E5 customers.","https://learn.microsoft.com/en-us/purview/privileged-access-management"
"PUR-PAM-E5","Privileged Access Management","purview","Microsoft Purview","T1651","Cloud Administration Command","Execution","detect","partial","Microsoft Purview Privileged Access Management allows granular access control over privileged admin tasks in Office 365. It can help protect your organization from breaches that use existing privileged admin accounts with standing access to sensitive data or access to critical configuration settings. Privileged access management requires users to request just-in-time access to complete elevated and privileged tasks through a highly scoped and time-bounded approval workflow. This configuration gives users just-enough-access to perform the task at hand, without risking exposure of sensitive data or critical configuration settings.  Microsoft 365 configuration settings. When used with Microsoft Entra Privileged Identity Management, these two features provide access control with just-in-time access at different scopes. (e.g., Encryption, RBAC, Conditional Access, JIT, Just Enough Access (with Approval). 

License requirements: M365 E5 customers.","https://learn.microsoft.com/en-us/purview/privileged-access-management"
"EID-RBAC-E3","Role Based Access Control","entra-id","Microsoft Entra ID","T1059.009","Cloud API","Execution","protect","significant","Using Role-Based Access Control to create a zero-trust environment can ensure that only accounts explicitly granted access to API tools can use them. This prevents unauthorized use and potential exploitation/misuse.","https://learn.microsoft.com/en-us/entra/identity/role-based-access-control/best-practices;  https://learn.microsoft.com/en-us/entra/identity/role-based-access-control/custom-overview"
"EID-RBAC-E3","Role Based Access Control","entra-id","Microsoft Entra ID","T1059","Command and Scripting Interpreter","Execution","protect","minimal","The RBAC control can be used to partially protect against the abuse of Cloud APIs but does not provide protection against this technique's other sub-techniques or other example procedures. Due to its Minimal coverage score, it receives a score of minimal. 

License Requirements: 
ME-ID Built-in Roles (Free) ","https://learn.microsoft.com/en-us/entra/identity/role-based-access-control/best-practices; https://learn.microsoft.com/en-us/entra/identity/role-based-access-control/custom-overview"
"EID-RBAC-E3","Role Based Access Control","entra-id","Microsoft Entra ID","T1059.009","Cloud API","Execution","protect","partial","The RBAC control can be used to implement the principle of least privilege to limit API functionality administrative accounts can take. This scores Partial for its ability to minimize the actions these accounts can perform. 


License Requirements: 
ME-ID Built-in Roles (Free) ","https://learn.microsoft.com/en-us/entra/identity/role-based-access-control/best-practices; https://learn.microsoft.com/en-us/entra/identity/role-based-access-control/custom-overview"
"EID-RBAC-E3","Role Based Access Control","entra-id","Microsoft Entra ID","T1078","Valid Accounts","Defense Evasion, Persistence, Privilege Escalation, Initial Access","protect","minimal","The RBAC control can be used to implement the principle of least privilege for account management, reducing the potential actions that can be taken with Valid Default and Cloud Accounts. Although RBAC can limit the actions the adversary can take if a Valid Account has been compromised, it does not protect against different variations of the technique's procedure. Due to overall Minimal coverage, it receives an overall score of Minimal. 


License Requirements: 
ME-ID Built-in Roles (Free) 

License Requirements: 
ME-ID Built-in Roles (Free) ","https://learn.microsoft.com/en-us/entra/identity/role-based-access-control/best-practices; https://learn.microsoft.com/en-us/entra/identity/role-based-access-control/custom-overview"
"EID-RBAC-E3","Role Based Access Control","entra-id","Microsoft Entra ID","T1078.001","Default Accounts","Defense Evasion, Persistence, Privilege Escalation, Initial Access","protect","partial","The RBAC control can be used to implement the principle of least privilege for account management, reducing the available actions an adversary can perform with a default account. This scores Partial for its ability to minimize the overall accounts with management privileges.  


License Requirements: 
ME-ID Built-in Roles (Free) ","https://learn.microsoft.com/en-us/entra/identity/role-based-access-control/best-practices; https://learn.microsoft.com/en-us/entra/identity/role-based-access-control/custom-overview"
"EID-RBAC-E3","Role Based Access Control","entra-id","Microsoft Entra ID","T1078.004","Cloud Accounts","Defense Evasion, Persistence, Privilege Escalation, Initial Access","protect","partial","The RBAC control can be used to implement the principle of least privilege for account management, reducing the available actions an adversary can perform with a cloud account. This scores Partial for its ability to minimize the overall accounts with management privileges.  


License Requirements: 
ME-ID Built-in Roles (Free) ","https://learn.microsoft.com/en-us/entra/identity/role-based-access-control/best-practices; https://learn.microsoft.com/en-us/entra/identity/role-based-access-control/custom-overview"
"EID-RBAC-E3","Role Based Access Control","entra-id","Microsoft Entra ID","T1087","Account Discovery","Discovery","protect","minimal","The RBAC control can be used to partially protect against Cloud Account Discovery, but does not provide protection against this technique's other sub-techniques or example procedures. Due to its Minimal coverage score, it receives an overall score of minimal. 

License Requirements: 
ME-ID Built-in Roles (Free) ","https://learn.microsoft.com/en-us/entra/identity/role-based-access-control/best-practices; https://learn.microsoft.com/en-us/entra/identity/role-based-access-control/custom-overview"
"EID-RBAC-E3","Role Based Access Control","entra-id","Microsoft Entra ID","T1087.004","Cloud Account","Discovery","protect","partial","The RBAC control can be used to implement the principle of least privilege for account management, limiting the accounts that can be used to perform account discovery. This scores Partial for its ability to minimize the overall accounts with these role privileges.  

License Requirements: 
ME-ID Built-in Roles (Free) ","https://learn.microsoft.com/en-us/entra/identity/role-based-access-control/best-practices; https://learn.microsoft.com/en-us/entra/identity/role-based-access-control/custom-overview"
"EID-RBAC-E3","Role Based Access Control","entra-id","Microsoft Entra ID","T1098","Account Manipulation","Persistence, Privilege Escalation","protect","partial","The RBAC control can generally be used to  implement the principle of least privilege to protect against the number of accounts with management capabilities. This has Partial coverage of Account Manipulation sub-techniques, resulting in an overall score of Partial. 

License Requirements: 
ME-ID Built-in Roles (Free) ","https://learn.microsoft.com/en-us/entra/identity/role-based-access-control/best-practices; https://learn.microsoft.com/en-us/entra/identity/role-based-access-control/custom-overview"
"EID-RBAC-E3","Role Based Access Control","entra-id","Microsoft Entra ID","T1098.001","Additional Cloud Credentials","Persistence, Privilege Escalation","protect","partial","The RBAC control can be used to implement the principle of least privilege for account management in order to limit the number of accounts with the ability to add additional cloud credentials.  This receives a score of Partial for its ability to minimize known accounts with the ability to add credentials.

License Requirements: 
ME-ID Built-in Roles (Free) ","https://learn.microsoft.com/en-us/entra/identity/role-based-access-control/best-practices; https://learn.microsoft.com/en-us/entra/identity/role-based-access-control/custom-overview"
"EID-RBAC-E3","Role Based Access Control","entra-id","Microsoft Entra ID","T1098.003","Additional Cloud Roles","Persistence, Privilege Escalation","protect","partial","The RBAC control can be used to implement the principle of least privilege for account management in order to limit the number of accounts with the ability to add additional cloud roles. This receives a score of Partial for its ability to minimize known accounts with the ability to add roles. 

License Requirements: 
ME-ID Built-in Roles (Free) ","https://learn.microsoft.com/en-us/entra/identity/role-based-access-control/best-practices; https://learn.microsoft.com/en-us/entra/identity/role-based-access-control/custom-overview"
"EID-RBAC-E3","Role Based Access Control","entra-id","Microsoft Entra ID","T1127.002","ClickOnce","Defense Evasion","protect","partial","Incorporating Role-Based Access Control can help to ensure that only those who need to use ClickOnce applications may do so, protecting against the threat of misuse.",""
"EID-RBAC-E3","Role Based Access Control","entra-id","Microsoft Entra ID","T1136","Create Account","Persistence","protect","minimal","The RBAC control can generally be used to implement the principle of least privilege to protect against account creation. For the given product space, this control helps protect against only against Cloud Account creation, and none of this technique???s other sub-techniques or procedures. Due to overall Minimal coverage, it receives an overall score of Minimal. 


License Requirements: 
ME-ID Built-in Roles (Free) ","https://learn.microsoft.com/en-us/entra/identity/role-based-access-control/best-practices; https://learn.microsoft.com/en-us/entra/identity/role-based-access-control/custom-overview"
"EID-RBAC-E3","Role Based Access Control","entra-id","Microsoft Entra ID","T1136.003","Cloud Account","Persistence","protect","partial","The RBAC control can be used to implement the principle of least privilege for account management in order to limit the number of accounts that can create new accounts. This receives a score of Partial for its ability to minimize known accounts with the ability to create new accounts. 


License Requirements: 
ME-ID Built-in Roles (Free) ","https://learn.microsoft.com/en-us/entra/identity/role-based-access-control/best-practices; https://learn.microsoft.com/en-us/entra/identity/role-based-access-control/custom-overview"
"EID-RBAC-E3","Role Based Access Control","entra-id","Microsoft Entra ID","T1199","Trusted Relationship","Initial Access","protect","partial","The RBAC control can be used to implement the principle of least privilege to properly manage accounts and permissions of parties in trusted relationships. This scores Partial for its ability to minimize the the potential abuse by the party and if it is comprised by an adversary. 

License Requirements: 
ME-ID Built-in Roles (Free) ","https://learn.microsoft.com/en-us/entra/identity/role-based-access-control/permissions-reference; https://learn.microsoft.com/en-us/entra/identity/role-based-access-control/best-practices; https://learn.microsoft.com/en-us/entra/identity/role-based-access-control/custom-overview"
"EID-RBAC-E3","Role Based Access Control","entra-id","Microsoft Entra ID","T1213","Data from Information Repositories","Collection","protect","partial","The RBAC control can generally be used to protect against and limit adversary access to valuable information repositories. Although it does not have full coverage of this technique's sub-techniques, it also helps protect against Procedure examples, resulting in an overall score of Partial. 

License Requirements: 
ME-ID Built-in Roles (Free) ","https://learn.microsoft.com/en-us/entra/identity/role-based-access-control/best-practices; https://learn.microsoft.com/en-us/entra/identity/role-based-access-control/custom-overview"
"EID-RBAC-E3","Role Based Access Control","entra-id","Microsoft Entra ID","T1213.002","Sharepoint","Collection","protect","partial","The RBAC control can be used to implement the principle of least privilege for access to SharePoint repositories to only those required for an account. This scores Partial for its ability to minimize the attack surface of accounts with access to potentially valuable information.   

License Requirements: 
ME-ID Built-in Roles (Free) ","https://learn.microsoft.com/en-us/entra/identity/role-based-access-control/best-practices; https://learn.microsoft.com/en-us/entra/identity/role-based-access-control/custom-overview"
"EID-RBAC-E3","Role Based Access Control","entra-id","Microsoft Entra ID","T1213.003","Code Repositories","Collection","protect","partial","The RBAC control can be used to implement the principle of least privilege for access to SharePoint repositories to only those required for an account. This scores Partial for its ability to minimize the attack surface of accounts with access to potentially valuable information.   

License Requirements: 
ME-ID Built-in Roles (Free) ","https://learn.microsoft.com/en-us/entra/identity/role-based-access-control/best-practices; https://learn.microsoft.com/en-us/entra/identity/role-based-access-control/custom-overview"
"EID-RBAC-E3","Role Based Access Control","entra-id","Microsoft Entra ID","T1213.004","Customer Relationship Management Software","Collection","protect","partial","The RBAC control can be used to implement the principle of least privilege for access to SharePoint repositories to only those required for an account. This scores Partial for its ability to minimize the attack surface of accounts with access to potentially valuable information.   

License Requirements: 
ME-ID Built-in Roles (Free) ","https://learn.microsoft.com/en-us/entra/identity/role-based-access-control/best-practices; https://learn.microsoft.com/en-us/entra/identity/role-based-access-control/custom-overview"
"EID-RBAC-E3","Role Based Access Control","entra-id","Microsoft Entra ID","T1216.002","SyncAppvPublishingServer","Defense Evasion","protect","partial","The RBAC control can be used to implement the principle of least privilege for access to SharePoint repositories to only those required for an account. This scores Partial for its ability to minimize the attack surface of accounts with access to potentially valuable information.   

License Requirements: 
ME-ID Built-in Roles (Free) ","https://learn.microsoft.com/en-us/entra/identity/role-based-access-control/best-practices; https://learn.microsoft.com/en-us/entra/identity/role-based-access-control/custom-overview"
"EID-RBAC-E3","Role Based Access Control","entra-id","Microsoft Entra ID","T1484","Domain or Tenant Policy Modification","Defense Evasion, Privilege Escalation","protect","partial","The RBAC control can be used to implement the principle of least privilege to limit administrative accounts. This scores Partial for its ability to minimize the overall accounts that can modify domain policies. 

License Requirements: 
ME-ID Built-in Roles (Free) ","https://learn.microsoft.com/en-us/entra/identity/role-based-access-control/concept-understand-roles; https://learn.microsoft.com/en-us/entra/identity/role-based-access-control/best-practices; https://learn.microsoft.com/en-us/entra/identity/role-based-access-control/custom-overview"
"EID-RBAC-E3","Role Based Access Control","entra-id","Microsoft Entra ID","T1484.002","Trust Modification","Defense Evasion, Privilege Escalation","protect","partial","The RBAC control can be used to implement the principle of least privilege to limit accounts with the access to domain trusts. This scores Partial for its ability to minimize the overall accounts with these privileges.  


License Requirements: 
ME-ID Built-in Roles (Free) ","https://learn.microsoft.com/en-us/entra/identity/role-based-access-control/concept-understand-roles; https://learn.microsoft.com/en-us/defender-cloud-apps/manage-admins; https://learn.microsoft.com/en-us/entra/identity/role-based-access-control/best-practices; https://learn.microsoft.com/en-us/entra/identity/role-based-access-control/custom-overview"
"EID-RBAC-E3","Role Based Access Control","entra-id","Microsoft Entra ID","T1528","Steal Application Access Token","Credential Access","protect","partial","The RBAC control can be used to implement the principle of least privilege, limiting accounts with access to application tokens. This receives a score of Partial for its ability to minimize the attack surface of accounts this ability. 

License Requirements: 
ME-ID Built-in Roles (Free) ","https://learn.microsoft.com/en-us/entra/identity/role-based-access-control/best-practices; https://learn.microsoft.com/en-us/entra/identity/role-based-access-control/custom-overview"
"EID-RBAC-E3","Role Based Access Control","entra-id","Microsoft Entra ID","T1530","Data from Cloud Storage","Collection","protect","partial","The RBAC control can be used to implement the principle of least privilege for cloud data storage access to only those required. This scores Partial for its ability to minimize the attack surface of accounts with storage solution access.   

License Requirements: 
ME-ID Built-in Roles (Free) ","https://learn.microsoft.com/en-us/entra/identity/role-based-access-control/best-practices; https://learn.microsoft.com/en-us/entra/identity/role-based-access-control/custom-overview"
"EID-RBAC-E3","Role Based Access Control","entra-id","Microsoft Entra ID","T1538","Cloud Service Dashboard","Discovery","protect","partial","The RBAC control can be used to implement the principle of least privilege, limiting dashboard visibility to necessary accounts. This receives a score of Partial for its ability to minimize the discovery value a dashboard may have in the event of a compromised account. 

License Requirements: 
ME-ID Built-in Roles (Free) ","https://learn.microsoft.com/en-us/entra/identity/role-based-access-control/best-practices; https://learn.microsoft.com/en-us/entra/identity/role-based-access-control/custom-overview"
"EID-RBAC-E3","Role Based Access Control","entra-id","Microsoft Entra ID","T1548.005","Temporary Elevated Cloud Access","Privilege Escalation, Defense Evasion","protect","minimal","The RBAC control can be used to implement the principle of least privilege to limit the ability of cloud accounts to assume, create, or impersonate only required privileges. This scores Minimal for its ability to protect against the actions temporary elevated accounts can take. 

License Requirements: 
ME-ID Built-in Roles (Free) ","https://learn.microsoft.com/en-us/entra/identity/role-based-access-control/best-practices; https://learn.microsoft.com/en-us/entra/identity/role-based-access-control/custom-overview"
"EID-RBAC-E3","Role Based Access Control","entra-id","Microsoft Entra ID","T1556","Modify Authentication Process","Credential Access, Defense Evasion, Persistence","protect","minimal","The RBAC control can be used to limit cloud accounts with authentication modification relevant privileges, but does not provide protection against this technique's other sub-techniques or example procedures. Due to its Minimal coverage score, it receives a score of minimal. 

License Requirements: 
ME-ID Built-in Roles (Free) ","https://learn.microsoft.com/en-us/entra/identity/role-based-access-control/best-practices; https://learn.microsoft.com/en-us/entra/identity/role-based-access-control/custom-overview"
"EID-RBAC-E3","Role Based Access Control","entra-id","Microsoft Entra ID","T1556.006","Multi-Factor Authentication","Credential Access, Defense Evasion, Persistence","protect","partial","The RBAC control can be used to implement the principle of least privilege to limit account management control of MFA. This scores Partial for its ability to minimize overall accounts with the ability to change or disable MFA. 


License Requirements: 
ME-ID Built-in Roles (Free) ","https://learn.microsoft.com/en-us/entra/identity/role-based-access-control/best-practices; https://learn.microsoft.com/en-us/entra/identity/role-based-access-control/custom-overview"
"EID-RBAC-E3","Role Based Access Control","entra-id","Microsoft Entra ID","T1556.007","Hybrid Identity","Credential Access, Defense Evasion, Persistence","protect","partial","The RBAC control can be used to implement the principle of least privilege to limit Global Administrator accounts, and ensure these accounts are cloud-only. This scores Partial for its ability to minimize hybrid accounts with administrative privileges.  

License Requirements: 
ME-ID Built-in Roles (Free) ","https://learn.microsoft.com/en-us/entra/identity/role-based-access-control/best-practices; https://learn.microsoft.com/en-us/entra/identity/role-based-access-control/custom-overview"
"EID-RBAC-E3","Role Based Access Control","entra-id","Microsoft Entra ID","T1562","Impair Defenses","Defense Evasion","protect","minimal","The RBAC control can be used to partially protect against the ability to Disable or Modify Cloud Logs, but has minimal coverage against this technique's other sub-techniques and example procedures. Due to its Minimal coverage score, it receives an overall score of minimal. 


License Requirements: 
ME-ID Built-in Roles (Free) ","https://learn.microsoft.com/en-us/entra/identity/role-based-access-control/best-practices; https://learn.microsoft.com/en-us/entra/identity/role-based-access-control/custom-overview"
"EID-RBAC-E3","Role Based Access Control","entra-id","Microsoft Entra ID","T1562.008","Disable or Modify Cloud Logs","Defense Evasion","protect","partial","The RBAC control can be used to implement the principle of least privilege to limit users with permission to modify logging policies to those required. This scores Partial for its ability to minimize the overall accounts with the ability to modify cloud logging capabilities. 

License Requirements: 
ME-ID Built-in Roles (Free) ","https://learn.microsoft.com/en-us/entra/identity/role-based-access-control/best-practices; https://learn.microsoft.com/en-us/entra/identity/role-based-access-control/custom-overview"
"EID-RBAC-E3","Role Based Access Control","entra-id","Microsoft Entra ID","T1648","Serverless Execution","Execution","protect","partial","The RBAC control can be used to implement the principle of least privilege to limit accounts with permissions for serverless services to those required. This scores Partial for its ability to minimize the overall accounts with this ability. 


License Requirements: 
ME-ID Built-in Roles (Free) ","https://learn.microsoft.com/en-us/entra/identity/role-based-access-control/best-practices; https://learn.microsoft.com/en-us/entra/identity/role-based-access-control/custom-overview"
"EID-RBAC-E3","Role Based Access Control","entra-id","Microsoft Entra ID","T1651","Cloud Administration Command","Execution","protect","partial","The RBAC control can be used to implement the principle of least privilege for account management, limiting the number of Global and Intune administrators to those required. This scores Partial for its ability to minimize the overall accounts with associated privileges.   


License Requirements: 
ME-ID Built-in Roles (Free) ","https://learn.microsoft.com/en-us/entra/identity/role-based-access-control/best-practices; https://learn.microsoft.com/en-us/entra/identity/role-based-access-control/custom-overview"
"EID-RBAC-E3","Role Based Access Control","entra-id","Microsoft Entra ID","T1480.002","Mutual Exclusion","Defense Evasion","protect","partial","Implementing Role-Based Access Control will help prevent access to sensitive resources, ensuring only those with the proper authorization can use them.",""
"EID-RBAC-E3","Role Based Access Control","entra-id","Microsoft Entra ID","T1546.016","Installer Packages","Privilege Escalation, Persistence","protect","partial","The RBAC control can be used to implement the principle of least privilege to limit the ability of accounts to utilize installer packages, reserving the ability to install software to those with higher privileges.","https://learn.microsoft.com/en-us/entra/identity/role-based-access-control/best-practices; https://learn.microsoft.com/en-us/entra/identity/role-based-access-control/custom-overview"
"DEF-ATH-E5","Advanced Threat Hunting","m365-defender","Microsoft 365 Defender","T1059.010","AutoHotKey & AutoIT","Execution","detect","partial","Defender's Advanced Threat Hunting can potentially detect if AutoHotKey and AutoIT are being misused or behaving in a way that is unexpected, alerting administrators to an issue and allowing for remediation/preventing extensive damage.","https://learn.microsoft.com/en-us/microsoft-365/security/defender/advanced-hunting-devicenetworkevents-table?view=o365-worldwide;  https://learn.microsoft.com/en-us/microsoft-365/security/defender/advanced-hunting-schema-tables?view=o365-worldwide;  https://learn.microsoft.com/en-us/microsoft-365/security/defender/advanced-hunting-query-emails-devices?view=o365-worldwide;  https://learn.microsoft.com/en-us/microsoft-365/security/defender/advanced-hunting-overview?view=o365-worldwide"
"DEF-ATH-E5","Advanced Threat Hunting","m365-defender","Microsoft 365 Defender","T1059.011","Lua","Execution","protect","partial","Defender's Advanced Threat Hunting can protect against various types of malware, including those that exploit Lua scripts, by analyzing the behavioral characteristics of the program.","https://learn.microsoft.com/en-us/microsoft-365/security/defender/advanced-hunting-devicenetworkevents-table?view=o365-worldwide;  https://learn.microsoft.com/en-us/microsoft-365/security/defender/advanced-hunting-schema-tables?view=o365-worldwide;  https://learn.microsoft.com/en-us/microsoft-365/security/defender/advanced-hunting-query-emails-devices?view=o365-worldwide;  https://learn.microsoft.com/en-us/microsoft-365/security/defender/advanced-hunting-overview?view=o365-worldwide"
"DEF-ATH-E5","Advanced Threat Hunting","m365-defender","Microsoft 365 Defender","T1027.014","Polymorphic Code","Defense Evasion","detect","partial","Defender's advanced threat hunting capabilities can potentially detect suspicious or changing behaviors in programs, which can be indicative of polymorphic code.",""
"DEF-ATH-E5","Advanced Threat Hunting","m365-defender","Microsoft 365 Defender","T1027.014","Polymorphic Code","Defense Evasion","protect","partial","Defender's Advanced Threat Hunting can use Machine Learning models to identify malicious behavior, even if the code is polymorphic and attempts to disguise itself.","https://learn.microsoft.com/en-us/microsoft-365/security/defender/advanced-hunting-devicenetworkevents-table?view=o365-worldwide;  https://learn.microsoft.com/en-us/microsoft-365/security/defender/advanced-hunting-schema-tables?view=o365-worldwide;  https://learn.microsoft.com/en-us/microsoft-365/security/defender/advanced-hunting-query-emails-devices?view=o365-worldwide;  https://learn.microsoft.com/en-us/microsoft-365/security/defender/advanced-hunting-overview?view=o365-worldwide"
"DEF-ATH-E5","Advanced Threat Hunting","m365-defender","Microsoft 365 Defender","T1036.009","Break Process Trees","Defense Evasion","protect","partial","Behavior-based machine learning techniques may be able to detect the presence of malware, even if the parent-child process tree is broken, by analyzing the program's behavior.","https://learn.microsoft.com/en-us/microsoft-365/security/defender/advanced-hunting-devicenetworkevents-table?view=o365-worldwide;  https://learn.microsoft.com/en-us/microsoft-365/security/defender/advanced-hunting-schema-tables?view=o365-worldwide;  https://learn.microsoft.com/en-us/microsoft-365/security/defender/advanced-hunting-query-emails-devices?view=o365-worldwide;  https://learn.microsoft.com/en-us/microsoft-365/security/defender/advanced-hunting-overview?view=o365-worldwide"
"DEF-ATH-E5","Advanced Threat Hunting","m365-defender","Microsoft 365 Defender","T1048","Exfiltration Over Alternative Protocol","Exfiltration","detect","significant","Advanced hunting is a query-based threat hunting tool that lets you explore up to 30 days of raw data. Advanced hunting in Microsoft Defender XDR allows you to proactively hunt for threats across: Devices managed by Microsoft Defender for Endpoint, Emails processed by Microsoft 365, Cloud app activities, authentication events, and domain controller activities. With this level of visibility, you can quickly hunt for threats that traverse sections of your network, including sophisticated intrusions that arrive on email or the web, elevate local privileges, acquire privileged domain credentials, and move laterally to across your devices. Advanced hunting supports two modes, guided and advanced. Users use advanced mode if they are comfortable using Kusto Query Language (KQL) to create queries from scratch.

Advanced Threat Hunting Detects Exfiltration Over Alternative Protocol attacks due to the DeviceNetworkEvents table in the advanced hunting schema which contains information about network connections and related events which monitors for newly constructed network connections.

License Requirements: 
Microsoft Defender XDR, Microsoft Defender for Cloud Apps,  Microsoft Defender for Office 365 plan 2","https://learn.microsoft.com/en-us/microsoft-365/security/defender/advanced-hunting-devicenetworkevents-table?view=o365-worldwide; https://learn.microsoft.com/en-us/microsoft-365/security/defender/advanced-hunting-schema-tables?view=o365-worldwide; https://learn.microsoft.com/en-us/microsoft-365/security/defender/advanced-hunting-query-emails-devices?view=o365-worldwide; https://learn.microsoft.com/en-us/microsoft-365/security/defender/advanced-hunting-overview?view=o365-worldwide"
"DEF-ATH-E5","Advanced Threat Hunting","m365-defender","Microsoft 365 Defender","T1078","Valid Accounts","Defense Evasion, Persistence, Privilege Escalation, Initial Access","detect","significant","Advanced hunting is a query-based threat hunting tool that lets you explore up to 30 days of raw data. Advanced hunting in Microsoft Defender XDR allows you to proactively hunt for threats across: Devices managed by Microsoft Defender for Endpoint, Emails processed by Microsoft 365, Cloud app activities, authentication events, and domain controller activities. With this level of visibility, you can quickly hunt for threats that traverse sections of your network, including sophisticated intrusions that arrive on email or the web, elevate local privileges, acquire privileged domain credentials, and move laterally to across your devices. Advanced hunting supports two modes, guided and advanced. Users use advanced mode if they are comfortable using Kusto Query Language (KQL) to create queries from scratch.

Advanced Threat Hunting Detects Valid Account attacks due to the IdentityLogonEvents table in the advanced hunting schema which contains information about all authentication activities related to Microsoft online services captured by Microsoft Defender for Cloud Apps which monitors for newly constructed logon behavior.

License Requirements: 
Microsoft Defender XDR, Microsoft Defender for Cloud Apps,  Microsoft Defender for Office 365 plan 2","https://learn.microsoft.com/en-us/microsoft-365/security/defender/advanced-hunting-identitylogonevents-table?view=o365-worldwide; https://learn.microsoft.com/en-us/microsoft-365/security/defender/advanced-hunting-schema-tables?view=o365-worldwide; https://learn.microsoft.com/en-us/microsoft-365/security/defender/advanced-hunting-query-emails-devices?view=o365-worldwide; https://learn.microsoft.com/en-us/microsoft-365/security/defender/advanced-hunting-overview?view=o365-worldwide"
"DEF-ATH-E5","Advanced Threat Hunting","m365-defender","Microsoft 365 Defender","T1078.004","Cloud Accounts","Defense Evasion, Persistence, Privilege Escalation, Initial Access","detect","significant","Advanced hunting is a query-based threat hunting tool that lets you explore up to 30 days of raw data. Advanced hunting in Microsoft Defender XDR allows you to proactively hunt for threats across: Devices managed by Microsoft Defender for Endpoint, Emails processed by Microsoft 365, Cloud app activities, authentication events, and domain controller activities. With this level of visibility, you can quickly hunt for threats that traverse sections of your network, including sophisticated intrusions that arrive on email or the web, elevate local privileges, acquire privileged domain credentials, and move laterally to across your devices. Advanced hunting supports two modes, guided and advanced. Users use advanced mode if they are comfortable using Kusto Query Language (KQL) to create queries from scratch.

Advanced Threat Hunting Detects Cloud Account attacks due to the IdentityLogonEvents table in the advanced hunting schema which contains information about all authentication activities related to Microsoft online services captured by Microsoft Defender for Cloud Apps.

License Requirements: 
Microsoft Defender XDR, Microsoft Defender for Cloud Apps,  Microsoft Defender for Office 365 plan 2","https://learn.microsoft.com/en-us/microsoft-365/security/defender/advanced-hunting-identitylogonevents-table?view=o365-worldwide; https://learn.microsoft.com/en-us/microsoft-365/security/defender/advanced-hunting-schema-tables?view=o365-worldwide; https://learn.microsoft.com/en-us/microsoft-365/security/defender/advanced-hunting-query-emails-devices?view=o365-worldwide; https://learn.microsoft.com/en-us/microsoft-365/security/defender/advanced-hunting-overview?view=o365-worldwide"
"DEF-ATH-E5","Advanced Threat Hunting","m365-defender","Microsoft 365 Defender","T1087","Account Discovery","Discovery","detect","significant","Advanced hunting is a query-based threat hunting tool that lets you explore up to 30 days of raw data. Advanced hunting in Microsoft Defender XDR allows you to proactively hunt for threats across: Devices managed by Microsoft Defender for Endpoint, Emails processed by Microsoft 365, Cloud app activities, authentication events, and domain controller activities. With this level of visibility, you can quickly hunt for threats that traverse sections of your network, including sophisticated intrusions that arrive on email or the web, elevate local privileges, acquire privileged domain credentials, and move laterally to across your devices. Advanced hunting supports two modes, guided and advanced. Users use advanced mode if they are comfortable using Kusto Query Language (KQL) to create queries from scratch.

Advanced Threat Hunting Detects Account Discovery attacks due to the DeviceProcessEvents table in the advanced hunting schema that contains information about process creation and related events which monitors for processes that can be used to enumerate user accounts and groups. 

License Requirements: 
Microsoft Defender XDR, Microsoft Defender for Cloud Apps,  Microsoft Defender for Office 365 plan 2","https://learn.microsoft.com/en-us/microsoft-365/security/defender/advanced-hunting-deviceprocessevents-table?view=o365-worldwide; https://learn.microsoft.com/en-us/microsoft-365/security/defender/advanced-hunting-schema-tables?view=o365-worldwide; https://learn.microsoft.com/en-us/microsoft-365/security/defender/advanced-hunting-query-emails-devices?view=o365-worldwide; https://learn.microsoft.com/en-us/microsoft-365/security/defender/advanced-hunting-overview?view=o365-worldwide"
"DEF-ATH-E5","Advanced Threat Hunting","m365-defender","Microsoft 365 Defender","T1087.004","Cloud Account","Discovery","detect","significant","Advanced hunting is a query-based threat hunting tool that lets you explore up to 30 days of raw data. Advanced hunting in Microsoft Defender XDR allows you to proactively hunt for threats across: Devices managed by Microsoft Defender for Endpoint, Emails processed by Microsoft 365, Cloud app activities, authentication events, and domain controller activities. With this level of visibility, you can quickly hunt for threats that traverse sections of your network, including sophisticated intrusions that arrive on email or the web, elevate local privileges, acquire privileged domain credentials, and move laterally to across your devices. Advanced hunting supports two modes, guided and advanced. Users use advanced mode if they are comfortable using Kusto Query Language (KQL) to create queries from scratch.

Advanced Threat Hunting Detects Cloud Account attacks due to the DeviceProcessEvents table in the advanced hunting schema that contains information about process creation and related events which monitors logs for actions that could be taken to gather information about cloud accounts.

License Requirements: 
Microsoft Defender XDR, Microsoft Defender for Cloud Apps,  Microsoft Defender for Office 365 plan 2","https://learn.microsoft.com/en-us/microsoft-365/security/defender/advanced-hunting-deviceprocessevents-table?view=o365-worldwide; https://learn.microsoft.com/en-us/microsoft-365/security/defender/advanced-hunting-schema-tables?view=o365-worldwide; https://learn.microsoft.com/en-us/microsoft-365/security/defender/advanced-hunting-query-emails-devices?view=o365-worldwide; https://learn.microsoft.com/en-us/microsoft-365/security/defender/advanced-hunting-overview?view=o365-worldwide"
"DEF-ATH-E5","Advanced Threat Hunting","m365-defender","Microsoft 365 Defender","T1110","Brute Force","Credential Access","detect","significant","Advanced hunting is a query-based threat hunting tool that lets you explore up to 30 days of raw data. Advanced hunting in Microsoft Defender XDR allows you to proactively hunt for threats across: Devices managed by Microsoft Defender for Endpoint, Emails processed by Microsoft 365, Cloud app activities, authentication events, and domain controller activities. With this level of visibility, you can quickly hunt for threats that traverse sections of your network, including sophisticated intrusions that arrive on email or the web, elevate local privileges, acquire privileged domain credentials, and move laterally to across your devices. Advanced hunting supports two modes, guided and advanced. Users use advanced mode if they are comfortable using Kusto Query Language (KQL) to create queries from scratch.

Advanced Threat Hunting Detects Brute Force attacks due to the IdentityLogonEvents table in the advanced hunting schema which contains information about all authentication activities related to Microsoft online services captured by Microsoft Defender for Cloud Apps which monitors authentication logs for system and application login failures of Valid Accounts.

License Requirements: 
Microsoft Defender XDR, Microsoft Defender for Cloud Apps,  Microsoft Defender for Office 365 plan 2","https://learn.microsoft.com/en-us/microsoft-365/security/defender/advanced-hunting-identitylogonevents-table?view=o365-worldwide; https://learn.microsoft.com/en-us/microsoft-365/security/defender/advanced-hunting-schema-tables?view=o365-worldwide; https://learn.microsoft.com/en-us/microsoft-365/security/defender/advanced-hunting-query-emails-devices?view=o365-worldwide; https://learn.microsoft.com/en-us/microsoft-365/security/defender/advanced-hunting-overview?view=o365-worldwide"
"DEF-ATH-E5","Advanced Threat Hunting","m365-defender","Microsoft 365 Defender","T1110.001","Password Guessing","Credential Access","detect","significant","Advanced hunting is a query-based threat hunting tool that lets you explore up to 30 days of raw data. Advanced hunting in Microsoft Defender XDR allows you to proactively hunt for threats across: Devices managed by Microsoft Defender for Endpoint, Emails processed by Microsoft 365, Cloud app activities, authentication events, and domain controller activities. With this level of visibility, you can quickly hunt for threats that traverse sections of your network, including sophisticated intrusions that arrive on email or the web, elevate local privileges, acquire privileged domain credentials, and move laterally to across your devices. Advanced hunting supports two modes, guided and advanced. Users use advanced mode if they are comfortable using Kusto Query Language (KQL) to create queries from scratch.

Advanced hunting is a query-based threat hunting tool that lets you explore up to 30 days of raw data. Advanced hunting in Microsoft Defender XDR allows you to proactively hunt for threats across: Devices managed by Microsoft Defender for Endpoint, Emails processed by Microsoft 365, Cloud app activities, authentication events, and domain controller activities. With this level of visibility, you can quickly hunt for threats that traverse sections of your network, including sophisticated intrusions that arrive on email or the web, elevate local privileges, acquire privileged domain credentials, and move laterally to across your devices. Advanced hunting supports two modes, guided and advanced. Users use advanced mode if they are comfortable using Kusto Query Language (KQL) to create queries from scratch.

Advanced Threat Hunting Detects Password Guessing attacks due to the IdentityLogonEvents table in the advanced hunting schema which contains information about all authentication activities related to Microsoft online services captured by Microsoft Defender for Cloud Apps which monitors authentication logs for system and application login failures of Valid Accounts.

License Requirements: 
Microsoft Defender XDR, Microsoft Defender for Cloud Apps,  Microsoft Defender for Office 365 plan 2","https://learn.microsoft.com/en-us/microsoft-365/security/defender/advanced-hunting-identitylogonevents-table?view=o365-worldwide; https://learn.microsoft.com/en-us/microsoft-365/security/defender/advanced-hunting-identitylogonevents-table?view=o365-worldwide; https://learn.microsoft.com/en-us/microsoft-365/security/defender/advanced-hunting-schema-tables?view=o365-worldwide; https://learn.microsoft.com/en-us/microsoft-365/security/defender/advanced-hunting-query-emails-devices?view=o365-worldwide; https://learn.microsoft.com/en-us/microsoft-365/security/defender/advanced-hunting-overview?view=o365-worldwide"
"DEF-ATH-E5","Advanced Threat Hunting","m365-defender","Microsoft 365 Defender","T1110.002","Password Cracking","Credential Access","detect","significant","Advanced hunting is a query-based threat hunting tool that lets you explore up to 30 days of raw data. Advanced hunting in Microsoft Defender XDR allows you to proactively hunt for threats across: Devices managed by Microsoft Defender for Endpoint, Emails processed by Microsoft 365, Cloud app activities, authentication events, and domain controller activities. With this level of visibility, you can quickly hunt for threats that traverse sections of your network, including sophisticated intrusions that arrive on email or the web, elevate local privileges, acquire privileged domain credentials, and move laterally to across your devices. Advanced hunting supports two modes, guided and advanced. Users use advanced mode if they are comfortable using Kusto Query Language (KQL) to create queries from scratch.

Advanced Threat Hunting Detects Password Cracking attacks due to the IdentityLogonEvents table in the advanced hunting schema which contains information about all authentication activities related to Microsoft online services captured by Microsoft Defender for Cloud Apps which monitors authentication logs for system and application login failures of Valid Accounts.

License Requirements: 
Microsoft Defender XDR, Microsoft Defender for Cloud Apps,  Microsoft Defender for Office 365 plan 2","https://learn.microsoft.com/en-us/microsoft-365/security/defender/advanced-hunting-identitylogonevents-table?view=o365-worldwide; https://learn.microsoft.com/en-us/microsoft-365/security/defender/advanced-hunting-schema-tables?view=o365-worldwide; https://learn.microsoft.com/en-us/microsoft-365/security/defender/advanced-hunting-query-emails-devices?view=o365-worldwide; https://learn.microsoft.com/en-us/microsoft-365/security/defender/advanced-hunting-overview?view=o365-worldwide"
"DEF-ATH-E5","Advanced Threat Hunting","m365-defender","Microsoft 365 Defender","T1110.003","Password Spraying","Credential Access","detect","significant","Advanced hunting is a query-based threat hunting tool that lets you explore up to 30 days of raw data. Advanced hunting in Microsoft Defender XDR allows you to proactively hunt for threats across: Devices managed by Microsoft Defender for Endpoint, Emails processed by Microsoft 365, Cloud app activities, authentication events, and domain controller activities. With this level of visibility, you can quickly hunt for threats that traverse sections of your network, including sophisticated intrusions that arrive on email or the web, elevate local privileges, acquire privileged domain credentials, and move laterally to across your devices. Advanced hunting supports two modes, guided and advanced. Users use advanced mode if they are comfortable using Kusto Query Language (KQL) to create queries from scratch.

Advanced Threat Hunting Detects Password Spraying attacks due to the IdentityLogonEvents table in the advanced hunting schema which contains information about all authentication activities related to Microsoft online services captured by Microsoft Defender for Cloud Apps which monitors authentication logs for system and application login failures of Valid Accounts.

License Requirements: 
Microsoft Defender XDR, Microsoft Defender for Cloud Apps,  Microsoft Defender for Office 365 plan 2","https://learn.microsoft.com/en-us/microsoft-365/security/defender/advanced-hunting-identitylogonevents-table?view=o365-worldwide; https://learn.microsoft.com/en-us/microsoft-365/security/defender/advanced-hunting-schema-tables?view=o365-worldwide; https://learn.microsoft.com/en-us/microsoft-365/security/defender/advanced-hunting-query-emails-devices?view=o365-worldwide; https://learn.microsoft.com/en-us/microsoft-365/security/defender/advanced-hunting-overview?view=o365-worldwide"
"DEF-ATH-E5","Advanced Threat Hunting","m365-defender","Microsoft 365 Defender","T1110.004","Credential Stuffing","Credential Access","detect","significant","Advanced hunting is a query-based threat hunting tool that lets you explore up to 30 days of raw data. Advanced hunting in Microsoft Defender XDR allows you to proactively hunt for threats across: Devices managed by Microsoft Defender for Endpoint, Emails processed by Microsoft 365, Cloud app activities, authentication events, and domain controller activities. With this level of visibility, you can quickly hunt for threats that traverse sections of your network, including sophisticated intrusions that arrive on email or the web, elevate local privileges, acquire privileged domain credentials, and move laterally to across your devices. Advanced hunting supports two modes, guided and advanced. Users use advanced mode if they are comfortable using Kusto Query Language (KQL) to create queries from scratch.

Advanced Threat Hunting Detects Credential Stuffing attacks due to the IdentityLogonEvents table in the advanced hunting schema which contains information about all authentication activities related to Microsoft online services captured by Microsoft Defender for Cloud Apps which monitors authentication logs for system and application login failures of Valid Accounts.

License Requirements: 
Microsoft Defender XDR, Microsoft Defender for Cloud Apps,  Microsoft Defender for Office 365 plan 2","https://learn.microsoft.com/en-us/microsoft-365/security/defender/advanced-hunting-identitylogonevents-table?view=o365-worldwide; https://learn.microsoft.com/en-us/microsoft-365/security/defender/advanced-hunting-schema-tables?view=o365-worldwide; https://learn.microsoft.com/en-us/microsoft-365/security/defender/advanced-hunting-query-emails-devices?view=o365-worldwide; https://learn.microsoft.com/en-us/microsoft-365/security/defender/advanced-hunting-overview?view=o365-worldwide"
"DEF-ATH-E5","Advanced Threat Hunting","m365-defender","Microsoft 365 Defender","T1114","Email Collection","Collection","detect","significant","Advanced hunting is a query-based threat hunting tool that lets you explore up to 30 days of raw data. Advanced hunting in Microsoft Defender XDR allows you to proactively hunt for threats across: Devices managed by Microsoft Defender for Endpoint, Emails processed by Microsoft 365, Cloud app activities, authentication events, and domain controller activities. With this level of visibility, you can quickly hunt for threats that traverse sections of your network, including sophisticated intrusions that arrive on email or the web, elevate local privileges, acquire privileged domain credentials, and move laterally to across your devices. Advanced hunting supports two modes, guided and advanced. Users use advanced mode if they are comfortable using Kusto Query Language (KQL) to create queries from scratch.

Advanced Threat Hunting Detects Email Collection attacks due to the IdentityLogonEvents table in the advanced hunting schema which contains information about all authentication activities related to Microsoft online services captured by Microsoft Defender for Cloud Apps which monitors for unusual login activity from unknown or abnormal locations, especially for privileged accounts.

License Requirements: 
Microsoft Defender XDR, Microsoft Defender for Cloud Apps,  Microsoft Defender for Office 365 plan 2","https://learn.microsoft.com/en-us/microsoft-365/security/defender/advanced-hunting-identitylogonevents-table?view=o365-worldwide; https://learn.microsoft.com/en-us/microsoft-365/security/defender/advanced-hunting-schema-tables?view=o365-worldwide; https://learn.microsoft.com/en-us/microsoft-365/security/defender/advanced-hunting-query-emails-devices?view=o365-worldwide; https://learn.microsoft.com/en-us/microsoft-365/security/defender/advanced-hunting-overview?view=o365-worldwide"
"DEF-ATH-E5","Advanced Threat Hunting","m365-defender","Microsoft 365 Defender","T1114.002","Remote Email Collection","Collection","detect","significant","Advanced hunting is a query-based threat hunting tool that lets you explore up to 30 days of raw data. Advanced hunting in Microsoft Defender XDR allows you to proactively hunt for threats across: Devices managed by Microsoft Defender for Endpoint, Emails processed by Microsoft 365, Cloud app activities, authentication events, and domain controller activities. With this level of visibility, you can quickly hunt for threats that traverse sections of your network, including sophisticated intrusions that arrive on email or the web, elevate local privileges, acquire privileged domain credentials, and move laterally to across your devices. Advanced hunting supports two modes, guided and advanced. Users use advanced mode if they are comfortable using Kusto Query Language (KQL) to create queries from scratch.

Advanced Threat Hunting Detects Remote Email Collection attacks due to the IdentityLogonEvents table in the advanced hunting schema which contains information about all authentication activities related to Microsoft online services captured by Microsoft Defender for Cloud Apps which monitors for unusual login activity from unknown or abnormal locations, especially for privileged accounts.

License Requirements: 
Microsoft Defender XDR, Microsoft Defender for Cloud Apps,  Microsoft Defender for Office 365 plan 2","https://learn.microsoft.com/en-us/microsoft-365/security/defender/advanced-hunting-identitylogonevents-table?view=o365-worldwide; https://learn.microsoft.com/en-us/microsoft-365/security/defender/advanced-hunting-schema-tables?view=o365-worldwide; https://learn.microsoft.com/en-us/microsoft-365/security/defender/advanced-hunting-query-emails-devices?view=o365-worldwide; https://learn.microsoft.com/en-us/microsoft-365/security/defender/advanced-hunting-overview?view=o365-worldwide"
"DEF-ATH-E5","Advanced Threat Hunting","m365-defender","Microsoft 365 Defender","T1189","Drive-by Compromise","Initial Access","detect","partial","Advanced hunting is a query-based threat hunting tool that lets you explore up to 30 days of raw data. Advanced hunting in Microsoft Defender XDR allows you to proactively hunt for threats across: Devices managed by Microsoft Defender for Endpoint, Emails processed by Microsoft 365, Cloud app activities, authentication events, and domain controller activities. With this level of visibility, you can quickly hunt for threats that traverse sections of your network, including sophisticated intrusions that arrive on email or the web, elevate local privileges, acquire privileged domain credentials, and move laterally to across your devices. Advanced hunting supports two modes, guided and advanced. Users use advanced mode if they are comfortable using Kusto Query Language (KQL) to create queries from scratch.

Advanced Threat Hunting Detects Drive-by-Compromise attacks due to the UrlClickEvents table in the advanced hunting schema which contains information about Safe Links clicks from email messages, Microsoft Teams, and Office 365 apps which can inspect URLs for potentially known-bad domains or parameters.

License Requirements: 
Microsoft Defender XDR, Microsoft Defender for Cloud Apps,  Microsoft Defender for Office 365 plan 2","https://learn.microsoft.com/en-us/microsoft-365/security/defender/advanced-hunting-urlclickevents-table?view=o365-worldwide; https://learn.microsoft.com/en-us/microsoft-365/security/defender/advanced-hunting-schema-tables?view=o365-worldwide; https://learn.microsoft.com/en-us/microsoft-365/security/defender/advanced-hunting-query-emails-devices?view=o365-worldwide; https://learn.microsoft.com/en-us/microsoft-365/security/defender/advanced-hunting-overview?view=o365-worldwide"
"DEF-ATH-E5","Advanced Threat Hunting","m365-defender","Microsoft 365 Defender","T1199","Trusted Relationship","Initial Access","detect","significant","Advanced hunting is a query-based threat hunting tool that lets you explore up to 30 days of raw data. Advanced hunting in Microsoft Defender XDR allows you to proactively hunt for threats across: Devices managed by Microsoft Defender for Endpoint, Emails processed by Microsoft 365, Cloud app activities, authentication events, and domain controller activities. With this level of visibility, you can quickly hunt for threats that traverse sections of your network, including sophisticated intrusions that arrive on email or the web, elevate local privileges, acquire privileged domain credentials, and move laterally to across your devices. Advanced hunting supports two modes, guided and advanced. Users use advanced mode if they are comfortable using Kusto Query Language (KQL) to create queries from scratch.

Advanced Threat Hunting Detects Trusted Relationship attacks due to the IdentityLogonEvents table in the advanced hunting schema which contains information about all authentication activities related to Microsoft online services captured by Microsoft Defender for Cloud Apps which monitors for newly constructed logon behavior.

License Requirements: 
Microsoft Defender XDR, Microsoft Defender for Cloud Apps,  Microsoft Defender for Office 365 plan 2","https://learn.microsoft.com/en-us/microsoft-365/security/defender/advanced-hunting-identitylogonevents-table?view=o365-worldwide; https://learn.microsoft.com/en-us/microsoft-365/security/defender/advanced-hunting-schema-tables?view=o365-worldwide; https://learn.microsoft.com/en-us/microsoft-365/security/defender/advanced-hunting-query-emails-devices?view=o365-worldwide; https://learn.microsoft.com/en-us/microsoft-365/security/defender/advanced-hunting-overview?view=o365-worldwide"
"DEF-ATH-E5","Advanced Threat Hunting","m365-defender","Microsoft 365 Defender","T1534","Internal Spearphishing","Lateral Movement","detect","significant","Advanced hunting is a query-based threat hunting tool that lets you explore up to 30 days of raw data. Advanced hunting in Microsoft Defender XDR allows you to proactively hunt for threats across: Devices managed by Microsoft Defender for Endpoint, Emails processed by Microsoft 365, Cloud app activities, authentication events, and domain controller activities. With this level of visibility, you can quickly hunt for threats that traverse sections of your network, including sophisticated intrusions that arrive on email or the web, elevate local privileges, acquire privileged domain credentials, and move laterally to across your devices. Advanced hunting supports two modes, guided and advanced. Users use advanced mode if they are comfortable using Kusto Query Language (KQL) to create queries from scratch.

Advanced Threat Hunting Detects Internal Spearphishing attacks due to the DeviceNetworkEvents table in the advanced hunting schema which contains information about network connections and related events which monitors network data for uncommon data flows

License Requirements: 
Microsoft Defender XDR, Microsoft Defender for Cloud Apps,  Microsoft Defender for Office 365 plan 2","https://learn.microsoft.com/en-us/microsoft-365/security/defender/advanced-hunting-devicenetworkevents-table?view=o365-worldwide; https://learn.microsoft.com/en-us/microsoft-365/security/defender/advanced-hunting-schema-tables?view=o365-worldwide; https://learn.microsoft.com/en-us/microsoft-365/security/defender/advanced-hunting-query-emails-devices?view=o365-worldwide; https://learn.microsoft.com/en-us/microsoft-365/security/defender/advanced-hunting-overview?view=o365-worldwide"
"DEF-ATH-E5","Advanced Threat Hunting","m365-defender","Microsoft 365 Defender","T1538","Cloud Service Dashboard","Discovery","detect","significant","Advanced hunting is a query-based threat hunting tool that lets you explore up to 30 days of raw data. Advanced hunting in Microsoft Defender XDR allows you to proactively hunt for threats across: Devices managed by Microsoft Defender for Endpoint, Emails processed by Microsoft 365, Cloud app activities, authentication events, and domain controller activities. With this level of visibility, you can quickly hunt for threats that traverse sections of your network, including sophisticated intrusions that arrive on email or the web, elevate local privileges, acquire privileged domain credentials, and move laterally to across your devices. Advanced hunting supports two modes, guided and advanced. Users use advanced mode if they are comfortable using Kusto Query Language (KQL) to create queries from scratch.

Advanced Threat Hunting Detects Cloud Service Dashboard attacks due to the IdentityInfo and IdentityLogonEvents tables in the advanced hunting schema which contains information about all authentication activities related to Microsoft online services captured by Microsoft Defender for Cloud Apps and information about user accounts obtained from various services, including Microsoft Entra ID.

License Requirements: 
Microsoft Defender XDR, Microsoft Defender for Cloud Apps,  Microsoft Defender for Office 365 plan 2","https://learn.microsoft.com/en-us/microsoft-365/security/defender/advanced-hunting-identityinfo-table?view=o365-worldwide; https://learn.microsoft.com/en-us/microsoft-365/security/defender/advanced-hunting-identitylogonevents-table?view=o365-worldwide; https://learn.microsoft.com/en-us/microsoft-365/security/defender/advanced-hunting-schema-tables?view=o365-worldwide; https://learn.microsoft.com/en-us/microsoft-365/security/defender/advanced-hunting-query-emails-devices?view=o365-worldwide; https://learn.microsoft.com/en-us/microsoft-365/security/defender/advanced-hunting-overview?view=o365-worldwide"
"DEF-ATH-E5","Advanced Threat Hunting","m365-defender","Microsoft 365 Defender","T1546","Event Triggered Execution","Privilege Escalation, Persistence","detect","significant","Advanced hunting is a query-based threat hunting tool that lets you explore up to 30 days of raw data. Advanced hunting in Microsoft Defender XDR allows you to proactively hunt for threats across: Devices managed by Microsoft Defender for Endpoint, Emails processed by Microsoft 365, Cloud app activities, authentication events, and domain controller activities. With this level of visibility, you can quickly hunt for threats that traverse sections of your network, including sophisticated intrusions that arrive on email or the web, elevate local privileges, acquire privileged domain credentials, and move laterally to across your devices. Advanced hunting supports two modes, guided and advanced. Users use advanced mode if they are comfortable using Kusto Query Language (KQL) to create queries from scratch.

Advanced Threat Hunting Detects Event-Triggered Execution attacks due to the DeviceFileEvents table in the advanced hunting schema which contains information about file creation, modification, and other file events.

License Requirements: 
Microsoft Defender XDR, Microsoft Defender for Cloud Apps,  Microsoft Defender for Office 365 plan 2","https://learn.microsoft.com/en-us/microsoft-365/security/defender/advanced-hunting-devicefileevents-table?view=o365-worldwide; https://learn.microsoft.com/en-us/microsoft-365/security/defender/advanced-hunting-schema-tables?view=o365-worldwide; https://learn.microsoft.com/en-us/microsoft-365/security/defender/advanced-hunting-query-emails-devices?view=o365-worldwide; https://learn.microsoft.com/en-us/microsoft-365/security/defender/advanced-hunting-overview?view=o365-worldwide"
"DEF-ATH-E5","Advanced Threat Hunting","m365-defender","Microsoft 365 Defender","T1552","Unsecured Credentials","Credential Access","detect","significant","Advanced hunting is a query-based threat hunting tool that lets you explore up to 30 days of raw data. Advanced hunting in Microsoft Defender XDR allows you to proactively hunt for threats across: Devices managed by Microsoft Defender for Endpoint, Emails processed by Microsoft 365, Cloud app activities, authentication events, and domain controller activities. With this level of visibility, you can quickly hunt for threats that traverse sections of your network, including sophisticated intrusions that arrive on email or the web, elevate local privileges, acquire privileged domain credentials, and move laterally to across your devices. Advanced hunting supports two modes, guided and advanced. Users use advanced mode if they are comfortable using Kusto Query Language (KQL) to create queries from scratch.

Advanced Threat Hunting Detects Unsecured Credentials attacks due to the IdentityLogonEvents table in the advanced hunting schema which contains information about all authentication activities related to Microsoft online services captured by Microsoft Defender for Cloud Apps.

License Requirements: 
Microsoft Defender XDR, Microsoft Defender for Cloud Apps,  Microsoft Defender for Office 365 plan 2","https://learn.microsoft.com/en-us/microsoft-365/security/defender/advanced-hunting-identitylogonevents-table?view=o365-worldwide; https://learn.microsoft.com/en-us/microsoft-365/security/defender/advanced-hunting-schema-tables?view=o365-worldwide; https://learn.microsoft.com/en-us/microsoft-365/security/defender/advanced-hunting-query-emails-devices?view=o365-worldwide; https://learn.microsoft.com/en-us/microsoft-365/security/defender/advanced-hunting-overview?view=o365-worldwide"
"DEF-ATH-E5","Advanced Threat Hunting","m365-defender","Microsoft 365 Defender","T1556","Modify Authentication Process","Credential Access, Defense Evasion, Persistence","detect","significant","Advanced hunting is a query-based threat hunting tool that lets you explore up to 30 days of raw data. Advanced hunting in Microsoft Defender XDR allows you to proactively hunt for threats across: Devices managed by Microsoft Defender for Endpoint, Emails processed by Microsoft 365, Cloud app activities, authentication events, and domain controller activities. With this level of visibility, you can quickly hunt for threats that traverse sections of your network, including sophisticated intrusions that arrive on email or the web, elevate local privileges, acquire privileged domain credentials, and move laterally to across your devices. Advanced hunting supports two modes, guided and advanced. Users use advanced mode if they are comfortable using Kusto Query Language (KQL) to create queries from scratch.

Advanced Threat Hunting Detects Modify-Authentication Process attacks due to the IdentityLogonEvents table in the advanced hunting schema which contains information about all authentication activities related to Microsoft online services captured by Microsoft Defender for Cloud Apps.

License Requirements: 
Microsoft Defender XDR, Microsoft Defender for Cloud Apps,  Microsoft Defender for Office 365 plan 2","https://learn.microsoft.com/en-us/microsoft-365/security/defender/advanced-hunting-identitylogonevents-table?view=o365-worldwide; https://learn.microsoft.com/en-us/microsoft-365/security/defender/advanced-hunting-schema-tables?view=o365-worldwide; https://learn.microsoft.com/en-us/microsoft-365/security/defender/advanced-hunting-query-emails-devices?view=o365-worldwide; https://learn.microsoft.com/en-us/microsoft-365/security/defender/advanced-hunting-overview?view=o365-worldwide"
"DEF-ATH-E5","Advanced Threat Hunting","m365-defender","Microsoft 365 Defender","T1556.006","Multi-Factor Authentication","Credential Access, Defense Evasion, Persistence","detect","significant","Advanced hunting is a query-based threat hunting tool that lets you explore up to 30 days of raw data. Advanced hunting in Microsoft Defender XDR allows you to proactively hunt for threats across: Devices managed by Microsoft Defender for Endpoint, Emails processed by Microsoft 365, Cloud app activities, authentication events, and domain controller activities. With this level of visibility, you can quickly hunt for threats that traverse sections of your network, including sophisticated intrusions that arrive on email or the web, elevate local privileges, acquire privileged domain credentials, and move laterally to across your devices. Advanced hunting supports two modes, guided and advanced. Users use advanced mode if they are comfortable using Kusto Query Language (KQL) to create queries from scratch.

Advanced Threat Hunting Detects Multi-Factor Authentication attacks due to the IdentityLogonEvents table in the advanced hunting schema which contains information about all authentication activities related to Microsoft online services captured by Microsoft Defender for Cloud Apps.

License Requirements: 
Microsoft Defender XDR, Microsoft Defender for Cloud Apps,  Microsoft Defender for Office 365 plan 2","https://learn.microsoft.com/en-us/microsoft-365/security/defender/advanced-hunting-identitylogonevents-table?view=o365-worldwide; https://learn.microsoft.com/en-us/microsoft-365/security/defender/advanced-hunting-schema-tables?view=o365-worldwide; https://learn.microsoft.com/en-us/microsoft-365/security/defender/advanced-hunting-query-emails-devices?view=o365-worldwide; https://learn.microsoft.com/en-us/microsoft-365/security/defender/advanced-hunting-overview?view=o365-worldwide"
"DEF-ATH-E5","Advanced Threat Hunting","m365-defender","Microsoft 365 Defender","T1562","Impair Defenses","Defense Evasion","detect","significant","Advanced hunting is a query-based threat hunting tool that lets you explore up to 30 days of raw data. Advanced hunting in Microsoft Defender XDR allows you to proactively hunt for threats across: Devices managed by Microsoft Defender for Endpoint, Emails processed by Microsoft 365, Cloud app activities, authentication events, and domain controller activities. With this level of visibility, you can quickly hunt for threats that traverse sections of your network, including sophisticated intrusions that arrive on email or the web, elevate local privileges, acquire privileged domain credentials, and move laterally to across your devices. Advanced hunting supports two modes, guided and advanced. Users use advanced mode if they are comfortable using Kusto Query Language (KQL) to create queries from scratch.

Advanced Threat Hunting Detects Impair Defense attacks due to the DeviceNetworkEvents table in the advanced hunting schema which contains information about network connections and related events which monitors for the abnormal execution of API functions. 

License Requirements: 
Microsoft Defender XDR, Microsoft Defender for Cloud Apps,  Microsoft Defender for Office 365 plan 2","https://learn.microsoft.com/en-us/microsoft-365/security/defender/advanced-hunting-devicenetworkevents-table?view=o365-worldwide; https://learn.microsoft.com/en-us/microsoft-365/security/defender/advanced-hunting-schema-tables?view=o365-worldwide; https://learn.microsoft.com/en-us/microsoft-365/security/defender/advanced-hunting-query-emails-devices?view=o365-worldwide; https://learn.microsoft.com/en-us/microsoft-365/security/defender/advanced-hunting-overview?view=o365-worldwide"
"DEF-ATH-E5","Advanced Threat Hunting","m365-defender","Microsoft 365 Defender","T1562.008","Disable or Modify Cloud Logs","Defense Evasion","detect","significant","Advanced hunting is a query-based threat hunting tool that lets you explore up to 30 days of raw data. Advanced hunting in Microsoft Defender XDR allows you to proactively hunt for threats across: Devices managed by Microsoft Defender for Endpoint, Emails processed by Microsoft 365, Cloud app activities, authentication events, and domain controller activities. With this level of visibility, you can quickly hunt for threats that traverse sections of your network, including sophisticated intrusions that arrive on email or the web, elevate local privileges, acquire privileged domain credentials, and move laterally to across your devices. Advanced hunting supports two modes, guided and advanced. Users use advanced mode if they are comfortable using Kusto Query Language (KQL) to create queries from scratch.

Advanced Threat Hunting Detects Disabling or Modifying Cloud Log attacks due to the DeviceNetworkEvents table in the advanced hunting schema which contains information about network connections and related events which monitors logs for API calls to disable logging. 

License Requirements: 
Microsoft Defender XDR, Microsoft Defender for Cloud Apps,  Microsoft Defender for Office 365 plan 2","https://learn.microsoft.com/en-us/microsoft-365/security/defender/advanced-hunting-devicenetworkevents-table?view=o365-worldwide; https://learn.microsoft.com/en-us/microsoft-365/security/defender/advanced-hunting-schema-tables?view=o365-worldwide; https://learn.microsoft.com/en-us/microsoft-365/security/defender/advanced-hunting-query-emails-devices?view=o365-worldwide; https://learn.microsoft.com/en-us/microsoft-365/security/defender/advanced-hunting-overview?view=o365-worldwide"
"DEF-ATH-E5","Advanced Threat Hunting","m365-defender","Microsoft 365 Defender","T1566","Phishing","Initial Access","detect","significant","Advanced hunting is a query-based threat hunting tool that lets you explore up to 30 days of raw data. Advanced hunting in Microsoft Defender XDR allows you to proactively hunt for threats across: Devices managed by Microsoft Defender for Endpoint, Emails processed by Microsoft 365, Cloud app activities, authentication events, and domain controller activities. With this level of visibility, you can quickly hunt for threats that traverse sections of your network, including sophisticated intrusions that arrive on email or the web, elevate local privileges, acquire privileged domain credentials, and move laterally to across your devices. Advanced hunting supports two modes, guided and advanced. Users use advanced mode if they are comfortable using Kusto Query Language (KQL) to create queries from scratch.

Advanced Threat Hunting Detects Phishing attacks due to the DeviceNetworkEvents table in the advanced hunting schema which contains information about network connections and related events which monitors for the abnormal execution of API functions which monitors network data for uncommon data flows. 

License Requirements: 
Microsoft Defender XDR, Microsoft Defender for Cloud Apps,  Microsoft Defender for Office 365 plan 2","https://learn.microsoft.com/en-us/microsoft-365/security/defender/advanced-hunting-devicenetworkevents-table?view=o365-worldwide; https://learn.microsoft.com/en-us/microsoft-365/security/defender/advanced-hunting-schema-tables?view=o365-worldwide; https://learn.microsoft.com/en-us/microsoft-365/security/defender/advanced-hunting-query-emails-devices?view=o365-worldwide; https://learn.microsoft.com/en-us/microsoft-365/security/defender/advanced-hunting-overview?view=o365-worldwide"
"DEF-ATH-E5","Advanced Threat Hunting","m365-defender","Microsoft 365 Defender","T1566.002","Spearphishing Link","Initial Access","detect","significant","Advanced hunting is a query-based threat hunting tool that lets you explore up to 30 days of raw data. Advanced hunting in Microsoft Defender XDR allows you to proactively hunt for threats across: Devices managed by Microsoft Defender for Endpoint, Emails processed by Microsoft 365, Cloud app activities, authentication events, and domain controller activities. With this level of visibility, you can quickly hunt for threats that traverse sections of your network, including sophisticated intrusions that arrive on email or the web, elevate local privileges, acquire privileged domain credentials, and move laterally to across your devices. Advanced hunting supports two modes, guided and advanced. Users use advanced mode if they are comfortable using Kusto Query Language (KQL) to create queries from scratch.

Advanced Threat Hunting Detects Spearphishing Link attacks due to the UrlClickEvents table in the advanced hunting schema which contains information about Safe Links clicks from email messages, Microsoft Teams, and Office 365 apps which can inspect URLs for potentially known-bad domains or parameters.

License Requirements: 
Microsoft Defender XDR, Microsoft Defender for Cloud Apps,  Microsoft Defender for Office 365 plan 2","https://learn.microsoft.com/en-us/microsoft-365/security/defender/advanced-hunting-urlclickevents-table?view=o365-worldwide; https://learn.microsoft.com/en-us/microsoft-365/security/defender/advanced-hunting-schema-tables?view=o365-worldwide; https://learn.microsoft.com/en-us/microsoft-365/security/defender/advanced-hunting-query-emails-devices?view=o365-worldwide; https://learn.microsoft.com/en-us/microsoft-365/security/defender/advanced-hunting-overview?view=o365-worldwide"
"DEF-ATH-E5","Advanced Threat Hunting","m365-defender","Microsoft 365 Defender","T1567","Exfiltration Over Web Service","Exfiltration","detect","significant","Advanced hunting is a query-based threat hunting tool that lets you explore up to 30 days of raw data. Advanced hunting in Microsoft Defender XDR allows you to proactively hunt for threats across: Devices managed by Microsoft Defender for Endpoint, Emails processed by Microsoft 365, Cloud app activities, authentication events, and domain controller activities. With this level of visibility, you can quickly hunt for threats that traverse sections of your network, including sophisticated intrusions that arrive on email or the web, elevate local privileges, acquire privileged domain credentials, and move laterally to across your devices. Advanced hunting supports two modes, guided and advanced. Users use advanced mode if they are comfortable using Kusto Query Language (KQL) to create queries from scratch.

Advanced Threat Hunting Detects Exfiltration Over Web Service attacks due to the DeviceNetworkEvents table in the advanced hunting schema which contains information about network connections and related events which monitors for newly constructed network connections.

License Requirements: 
Microsoft Defender XDR, Microsoft Defender for Cloud Apps,  Microsoft Defender for Office 365 plan 2","https://learn.microsoft.com/en-us/microsoft-365/security/defender/advanced-hunting-devicenetworkevents-table?view=o365-worldwide; https://learn.microsoft.com/en-us/microsoft-365/security/defender/advanced-hunting-schema-tables?view=o365-worldwide; https://learn.microsoft.com/en-us/microsoft-365/security/defender/advanced-hunting-query-emails-devices?view=o365-worldwide; https://learn.microsoft.com/en-us/microsoft-365/security/defender/advanced-hunting-overview?view=o365-worldwide"
"DEF-ATH-E5","Advanced Threat Hunting","m365-defender","Microsoft 365 Defender","T1567.004","Exfiltration Over Webhook","Exfiltration","detect","significant","Advanced hunting is a query-based threat hunting tool that lets you explore up to 30 days of raw data. Advanced hunting in Microsoft Defender XDR allows you to proactively hunt for threats across: Devices managed by Microsoft Defender for Endpoint, Emails processed by Microsoft 365, Cloud app activities, authentication events, and domain controller activities. With this level of visibility, you can quickly hunt for threats that traverse sections of your network, including sophisticated intrusions that arrive on email or the web, elevate local privileges, acquire privileged domain credentials, and move laterally to across your devices. Advanced hunting supports two modes, guided and advanced. Users use advanced mode if they are comfortable using Kusto Query Language (KQL) to create queries from scratch.

Advanced Threat Hunting Detects Exfiltration Over Webhook attacks due to the DeviceNetworkEvents table in the advanced hunting schema which contains information about network connections and related events which monitor network data for uncommon data flows.

License Requirements: 
Microsoft Defender XDR, Microsoft Defender for Cloud Apps,  Microsoft Defender for Office 365 plan 2","https://learn.microsoft.com/en-us/microsoft-365/security/defender/advanced-hunting-devicenetworkevents-table?view=o365-worldwide; https://learn.microsoft.com/en-us/microsoft-365/security/defender/advanced-hunting-schema-tables?view=o365-worldwide; https://learn.microsoft.com/en-us/microsoft-365/security/defender/advanced-hunting-query-emails-devices?view=o365-worldwide; https://learn.microsoft.com/en-us/microsoft-365/security/defender/advanced-hunting-overview?view=o365-worldwide"
"DEF-ATH-E5","Advanced Threat Hunting","m365-defender","Microsoft 365 Defender","T1606","Forge Web Credentials","Credential Access","detect","significant","Advanced hunting is a query-based threat hunting tool that lets you explore up to 30 days of raw data. Advanced hunting in Microsoft Defender XDR allows you to proactively hunt for threats across: Devices managed by Microsoft Defender for Endpoint, Emails processed by Microsoft 365, Cloud app activities, authentication events, and domain controller activities. With this level of visibility, you can quickly hunt for threats that traverse sections of your network, including sophisticated intrusions that arrive on email or the web, elevate local privileges, acquire privileged domain credentials, and move laterally to across your devices. Advanced hunting supports two modes, guided and advanced. Users use advanced mode if they are comfortable using Kusto Query Language (KQL) to create queries from scratch.

Advanced Threat Hunting Detects Forge Web Credential attacks due to the IdentityLogonEvents table in the advanced hunting schema which contains information about all authentication activities related to Microsoft online services captured by Microsoft Defender for Cloud Apps which monitors for anomalous authentication activity.

License Requirements: 
Microsoft Defender XDR, Microsoft Defender for Cloud Apps,  Microsoft Defender for Office 365 plan 2","https://learn.microsoft.com/en-us/microsoft-365/security/defender/advanced-hunting-identitylogonevents-table?view=o365-worldwide; https://learn.microsoft.com/en-us/microsoft-365/security/defender/advanced-hunting-schema-tables?view=o365-worldwide; https://learn.microsoft.com/en-us/microsoft-365/security/defender/advanced-hunting-query-emails-devices?view=o365-worldwide; https://learn.microsoft.com/en-us/microsoft-365/security/defender/advanced-hunting-overview?view=o365-worldwide"
"DEF-ATH-E5","Advanced Threat Hunting","m365-defender","Microsoft 365 Defender","T1621","Multi-Factor Authentication Request Generation","Credential Access","detect","significant","Advanced hunting is a query-based threat hunting tool that lets you explore up to 30 days of raw data. Advanced hunting in Microsoft Defender XDR allows you to proactively hunt for threats across: Devices managed by Microsoft Defender for Endpoint, Emails processed by Microsoft 365, Cloud app activities, authentication events, and domain controller activities. With this level of visibility, you can quickly hunt for threats that traverse sections of your network, including sophisticated intrusions that arrive on email or the web, elevate local privileges, acquire privileged domain credentials, and move laterally to across your devices. Advanced hunting supports two modes, guided and advanced. Users use advanced mode if they are comfortable using Kusto Query Language (KQL) to create queries from scratch.

Advanced Threat Hunting Detects Multi-Factor Authentication Request Generation attacks due to the IdentityLogonEvents table in the advanced hunting schema which contains information about all authentication activities related to Microsoft online services captured by Microsoft Defender for Cloud Apps.

License Requirements: 
Microsoft Defender XDR, Microsoft Defender for Cloud Apps,  Microsoft Defender for Office 365 plan 2","https://learn.microsoft.com/en-us/microsoft-365/security/defender/advanced-hunting-identitylogonevents-table?view=o365-worldwide; https://learn.microsoft.com/en-us/microsoft-365/security/defender/advanced-hunting-schema-tables?view=o365-worldwide; https://learn.microsoft.com/en-us/microsoft-365/security/defender/advanced-hunting-query-emails-devices?view=o365-worldwide; https://learn.microsoft.com/en-us/microsoft-365/security/defender/advanced-hunting-overview?view=o365-worldwide"
"DEF-LM-E5","Lateral Movements","m365-defender","Microsoft 365 Defender","T1068","Exploitation for Privilege Escalation","Privilege Escalation","detect","partial","Defender for Identity LMPs are visual guides that help you quickly understand and identify exactly how attackers can move laterally inside your network. The purpose of lateral movements within the cyber-attack kill chain are for attackers to gain and compromise your sensitive accounts using non-sensitive accounts. Compromising your sensitive accounts gets them another step closer to their ultimate goal, domain dominance. To stop these attacks from being successful, Defender for Identity LMPs give you easy to interpret, direct visual guidance on your most vulnerable, sensitive accounts."," \thttps://learn.microsoft.com/en-us/defender-for-identity/understand-lateral-movement-paths "
"DEF-LM-E5","Lateral Movements","m365-defender","Microsoft 365 Defender","T1078","Valid Accounts","Defense Evasion, Persistence, Privilege Escalation, Initial Access","detect","partial","Defender for Identity LMPs are visual guides that help you quickly understand and identify exactly how attackers can move laterally inside your network. The purpose of lateral movements within the cyber-attack kill chain are for attackers to gain and compromise your sensitive accounts using non-sensitive accounts. Compromising your sensitive accounts gets them another step closer to their ultimate goal, domain dominance. To stop these attacks from being successful, Defender for Identity LMPs give you easy to interpret, direct visual guidance on your most vulnerable, sensitive accounts."," \thttps://learn.microsoft.com/en-us/defender-for-identity/understand-lateral-movement-paths "
"DEF-LM-E5","Lateral Movements","m365-defender","Microsoft 365 Defender","T1078.004","Cloud Accounts","Defense Evasion, Persistence, Privilege Escalation, Initial Access","detect","partial","Defender for Identity LMPs are visual guides that help you quickly understand and identify exactly how attackers can move laterally inside your network. The purpose of lateral movements within the cyber-attack kill chain are for attackers to gain and compromise your sensitive accounts using non-sensitive accounts. Compromising your sensitive accounts gets them another step closer to their ultimate goal, domain dominance. To stop these attacks from being successful, Defender for Identity LMPs give you easy to interpret, direct visual guidance on your most vulnerable, sensitive accounts."," \thttps://learn.microsoft.com/en-us/defender-for-identity/understand-lateral-movement-paths "
"DEF-LM-E5","Lateral Movements","m365-defender","Microsoft 365 Defender","T1098","Account Manipulation","Persistence, Privilege Escalation","detect","partial","Defender for Identity LMPs are visual guides that help you quickly understand and identify exactly how attackers can move laterally inside your network. The purpose of lateral movements within the cyber-attack kill chain are for attackers to gain and compromise your sensitive accounts using non-sensitive accounts. Compromising your sensitive accounts gets them another step closer to their ultimate goal, domain dominance. To stop these attacks from being successful, Defender for Identity LMPs give you easy to interpret, direct visual guidance on your most vulnerable, sensitive accounts."," \thttps://learn.microsoft.com/en-us/defender-for-identity/understand-lateral-movement-paths "
"DEF-LM-E5","Lateral Movements","m365-defender","Microsoft 365 Defender","T1098.003","Additional Cloud Roles","Persistence, Privilege Escalation","detect","partial","Defender for Identity LMPs are visual guides that help you quickly understand and identify exactly how attackers can move laterally inside your network. The purpose of lateral movements within the cyber-attack kill chain are for attackers to gain and compromise your sensitive accounts using non-sensitive accounts. Compromising your sensitive accounts gets them another step closer to their ultimate goal, domain dominance. To stop these attacks from being successful, Defender for Identity LMPs give you easy to interpret, direct visual guidance on your most vulnerable, sensitive accounts."," \thttps://learn.microsoft.com/en-us/defender-for-identity/understand-lateral-movement-paths "
"DEF-LM-E5","Lateral Movements","m365-defender","Microsoft 365 Defender","T1110","Brute Force","Credential Access","detect","partial","Defender for Identity LMPs are visual guides that help you quickly understand and identify exactly how attackers can move laterally inside your network. The purpose of lateral movements within the cyber-attack kill chain are for attackers to gain and compromise your sensitive accounts using non-sensitive accounts. Compromising your sensitive accounts gets them another step closer to their ultimate goal, domain dominance. To stop these attacks from being successful, Defender for Identity LMPs give you easy to interpret, direct visual guidance on your most vulnerable, sensitive accounts."," \thttps://learn.microsoft.com/en-us/defender-for-identity/understand-lateral-movement-paths "
"DEF-LM-E5","Lateral Movements","m365-defender","Microsoft 365 Defender","T1110.001","Password Guessing","Credential Access","detect","partial","Defender for Identity LMPs are visual guides that help you quickly understand and identify exactly how attackers can move laterally inside your network. The purpose of lateral movements within the cyber-attack kill chain are for attackers to gain and compromise your sensitive accounts using non-sensitive accounts. Compromising your sensitive accounts gets them another step closer to their ultimate goal, domain dominance. To stop these attacks from being successful, Defender for Identity LMPs give you easy to interpret, direct visual guidance on your most vulnerable, sensitive accounts."," \thttps://learn.microsoft.com/en-us/defender-for-identity/understand-lateral-movement-paths "
"DEF-LM-E5","Lateral Movements","m365-defender","Microsoft 365 Defender","T1110.002","Password Cracking","Credential Access","detect","partial","Defender for Identity LMPs are visual guides that help you quickly understand and identify exactly how attackers can move laterally inside your network. The purpose of lateral movements within the cyber-attack kill chain are for attackers to gain and compromise your sensitive accounts using non-sensitive accounts. Compromising your sensitive accounts gets them another step closer to their ultimate goal, domain dominance. To stop these attacks from being successful, Defender for Identity LMPs give you easy to interpret, direct visual guidance on your most vulnerable, sensitive accounts."," \thttps://learn.microsoft.com/en-us/defender-for-identity/understand-lateral-movement-paths "
"DEF-LM-E5","Lateral Movements","m365-defender","Microsoft 365 Defender","T1110.003","Password Spraying","Credential Access","detect","partial","Defender for Identity LMPs are visual guides that help you quickly understand and identify exactly how attackers can move laterally inside your network. The purpose of lateral movements within the cyber-attack kill chain are for attackers to gain and compromise your sensitive accounts using non-sensitive accounts. Compromising your sensitive accounts gets them another step closer to their ultimate goal, domain dominance. To stop these attacks from being successful, Defender for Identity LMPs give you easy to interpret, direct visual guidance on your most vulnerable, sensitive accounts."," \thttps://learn.microsoft.com/en-us/defender-for-identity/understand-lateral-movement-paths "
"DEF-LM-E5","Lateral Movements","m365-defender","Microsoft 365 Defender","T1110.004","Credential Stuffing","Credential Access","detect","partial","Defender for Identity LMPs are visual guides that help you quickly understand and identify exactly how attackers can move laterally inside your network. The purpose of lateral movements within the cyber-attack kill chain are for attackers to gain and compromise your sensitive accounts using non-sensitive accounts. Compromising your sensitive accounts gets them another step closer to their ultimate goal, domain dominance. To stop these attacks from being successful, Defender for Identity LMPs give you easy to interpret, direct visual guidance on your most vulnerable, sensitive accounts."," \thttps://learn.microsoft.com/en-us/defender-for-identity/understand-lateral-movement-paths "
"DEF-LM-E5","Lateral Movements","m365-defender","Microsoft 365 Defender","T1210","Exploitation of Remote Services","Lateral Movement","detect","partial","Defender for Identity LMPs are visual guides that help you quickly understand and identify exactly how attackers can move laterally inside your network. The purpose of lateral movements within the cyber-attack kill chain are for attackers to gain and compromise your sensitive accounts using non-sensitive accounts. Compromising your sensitive accounts gets them another step closer to their ultimate goal, domain dominance. To stop these attacks from being successful, Defender for Identity LMPs give you easy to interpret, direct visual guidance on your most vulnerable, sensitive accounts."," \thttps://learn.microsoft.com/en-us/defender-for-identity/understand-lateral-movement-paths "
"DEF-LM-E5","Lateral Movements","m365-defender","Microsoft 365 Defender","T1213.002","Sharepoint","Collection","detect","partial","Defender for Identity LMPs are visual guides that help you quickly understand and identify exactly how attackers can move laterally inside your network. The purpose of lateral movements within the cyber-attack kill chain are for attackers to gain and compromise your sensitive accounts using non-sensitive accounts. Compromising your sensitive accounts gets them another step closer to their ultimate goal, domain dominance. To stop these attacks from being successful, Defender for Identity LMPs give you easy to interpret, direct visual guidance on your most vulnerable, sensitive accounts."," \thttps://learn.microsoft.com/en-us/defender-for-identity/understand-lateral-movement-paths "
"DEF-LM-E5","Lateral Movements","m365-defender","Microsoft 365 Defender","T1530","Data from Cloud Storage","Collection","detect","partial","Defender for Identity LMPs are visual guides that help you quickly understand and identify exactly how attackers can move laterally inside your network. The purpose of lateral movements within the cyber-attack kill chain are for attackers to gain and compromise your sensitive accounts using non-sensitive accounts. Compromising your sensitive accounts gets them another step closer to their ultimate goal, domain dominance. To stop these attacks from being successful, Defender for Identity LMPs give you easy to interpret, direct visual guidance on your most vulnerable, sensitive accounts."," \thttps://learn.microsoft.com/en-us/defender-for-identity/understand-lateral-movement-paths "
"DEF-LM-E5","Lateral Movements","m365-defender","Microsoft 365 Defender","T1550","Use Alternate Authentication Material","Defense Evasion, Lateral Movement","detect","partial","Defender for Identity LMPs are visual guides that help you quickly understand and identify exactly how attackers can move laterally inside your network. The purpose of lateral movements within the cyber-attack kill chain are for attackers to gain and compromise your sensitive accounts using non-sensitive accounts. Compromising your sensitive accounts gets them another step closer to their ultimate goal, domain dominance. To stop these attacks from being successful, Defender for Identity LMPs give you easy to interpret, direct visual guidance on your most vulnerable, sensitive accounts."," \thttps://learn.microsoft.com/en-us/defender-for-identity/understand-lateral-movement-paths "
"DEF-LM-E5","Lateral Movements","m365-defender","Microsoft 365 Defender","T1550.002","Pass the Hash","Defense Evasion, Lateral Movement","detect","partial","Defender for Identity LMPs are visual guides that help you quickly understand and identify exactly how attackers can move laterally inside your network. The purpose of lateral movements within the cyber-attack kill chain are for attackers to gain and compromise your sensitive accounts using non-sensitive accounts. Compromising your sensitive accounts gets them another step closer to their ultimate goal, domain dominance. To stop these attacks from being successful, Defender for Identity LMPs give you easy to interpret, direct visual guidance on your most vulnerable, sensitive accounts."," \thttps://learn.microsoft.com/en-us/defender-for-identity/understand-lateral-movement-paths "
"DEF-LM-E5","Lateral Movements","m365-defender","Microsoft 365 Defender","T1550.003","Pass the Ticket","Defense Evasion, Lateral Movement","detect","partial","Defender for Identity LMPs are visual guides that help you quickly understand and identify exactly how attackers can move laterally inside your network. The purpose of lateral movements within the cyber-attack kill chain are for attackers to gain and compromise your sensitive accounts using non-sensitive accounts. Compromising your sensitive accounts gets them another step closer to their ultimate goal, domain dominance. To stop these attacks from being successful, Defender for Identity LMPs give you easy to interpret, direct visual guidance on your most vulnerable, sensitive accounts."," \thttps://learn.microsoft.com/en-us/defender-for-identity/understand-lateral-movement-paths "
"DEF-APGV-E5","App Governance","m365-defender","Microsoft 365 Defender","T1078","Valid Accounts","Defense Evasion, Persistence, Privilege Escalation, Initial Access","detect","significant","App governance in Defender for Cloud Apps is a set of security and policy management capabilities designed for OAuth-enabled apps registered on Microsoft Entra ID, Google, and Salesforce. App governance delivers visibility, remediation, and governance into how these apps and their users access, use, and share sensitive data in Microsoft 365 and other cloud platforms through actionable insights and automated policy alerts and actions. App governance also enables you to see which user-installed OAuth applications have access to data on Microsoft 365, Google Workspace, and Salesforce. It tells you what permissions the apps have and which users have granted access to their accounts. App governance insights enable you to make informed decisions around blocking or restricting apps that present significant risk to your organization

App Governance Detects Valid Account attacks due to App Governance monitoring aggregated sign-in activity for each app and tracking all risky sign-in's.

License Requirements: 
Microsoft Defender for Cloud Apps","https://learn.microsoft.com/en-us/defender-cloud-apps/app-governance-anomaly-detection-alerts#initial-access-alerts; https://learn.microsoft.com/en-us/defender-cloud-apps/app-governance-manage-app-governance"
"DEF-APGV-E5","App Governance","m365-defender","Microsoft 365 Defender","T1078.004","Cloud Accounts","Defense Evasion, Persistence, Privilege Escalation, Initial Access","detect","significant","App governance in Defender for Cloud Apps is a set of security and policy management capabilities designed for OAuth-enabled apps registered on Microsoft Entra ID, Google, and Salesforce. App governance delivers visibility, remediation, and governance into how these apps and their users access, use, and share sensitive data in Microsoft 365 and other cloud platforms through actionable insights and automated policy alerts and actions. App governance also enables you to see which user-installed OAuth applications have access to data on Microsoft 365, Google Workspace, and Salesforce. It tells you what permissions the apps have and which users have granted access to their accounts. App governance insights enable you to make informed decisions around blocking or restricting apps that present significant risk to your organization

App Governance Detects Cloud Account attacks due to App Governance monitoring aggregated sign-in activity for each app and tracking all risky sign-in's.

License Requirements: 
Microsoft Defender for Cloud Apps","https://learn.microsoft.com/en-us/defender-cloud-apps/app-governance-anomaly-detection-alerts#initial-access-alerts; https://learn.microsoft.com/en-us/defender-cloud-apps/app-governance-manage-app-governance"
"DEF-APGV-E5","App Governance","m365-defender","Microsoft 365 Defender","T1087","Account Discovery","Discovery","detect","significant","App governance in Defender for Cloud Apps is a set of security and policy management capabilities designed for OAuth-enabled apps registered on Microsoft Entra ID, Google, and Salesforce. App governance delivers visibility, remediation, and governance into how these apps and their users access, use, and share sensitive data in Microsoft 365 and other cloud platforms through actionable insights and automated policy alerts and actions. App governance also enables you to see which user-installed OAuth applications have access to data on Microsoft 365, Google Workspace, and Salesforce. It tells you what permissions the apps have and which users have granted access to their accounts. App governance insights enable you to make informed decisions around blocking or restricting apps that present significant risk to your organization

App Governance Detects Account Discovery attacks due to App Governance tracking various app attributes and behaviors such as certification, data use, API access errors, and unused permissions that can indicate misuse and risk

License Requirements: 
Microsoft Defender for Cloud Apps","https://learn.microsoft.com/en-us/defender-cloud-apps/app-governance-faq; https://learn.microsoft.com/en-us/defender-cloud-apps/app-governance-manage-app-governance"
"DEF-APGV-E5","App Governance","m365-defender","Microsoft 365 Defender","T1087.004","Cloud Account","Discovery","detect","significant","App governance in Defender for Cloud Apps is a set of security and policy management capabilities designed for OAuth-enabled apps registered on Microsoft Entra ID, Google, and Salesforce. App governance delivers visibility, remediation, and governance into how these apps and their users access, use, and share sensitive data in Microsoft 365 and other cloud platforms through actionable insights and automated policy alerts and actions. App governance also enables you to see which user-installed OAuth applications have access to data on Microsoft 365, Google Workspace, and Salesforce. It tells you what permissions the apps have and which users have granted access to their accounts. App governance insights enable you to make informed decisions around blocking or restricting apps that present significant risk to your organization

App Governance Detects Cloud Account attacks due to App Governance tracking various app attributes and behaviors such as certification, data use, API access errors, and unused permissions that can indicate misuse and risk.

License Requirements: 
Microsoft Defender for Cloud Apps","https://learn.microsoft.com/en-us/defender-cloud-apps/app-governance-faq; https://learn.microsoft.com/en-us/defender-cloud-apps/app-governance-manage-app-governance"
"DEF-APGV-E5","App Governance","m365-defender","Microsoft 365 Defender","T1110","Brute Force","Credential Access","detect","significant","App governance in Defender for Cloud Apps is a set of security and policy management capabilities designed for OAuth-enabled apps registered on Microsoft Entra ID, Google, and Salesforce. App governance delivers visibility, remediation, and governance into how these apps and their users access, use, and share sensitive data in Microsoft 365 and other cloud platforms through actionable insights and automated policy alerts and actions. App governance also enables you to see which user-installed OAuth applications have access to data on Microsoft 365, Google Workspace, and Salesforce. It tells you what permissions the apps have and which users have granted access to their accounts. App governance insights enable you to make informed decisions around blocking or restricting apps that present significant risk to your organization

App Governance Detects Brute Force attacks due to App Governance monitoring aggregated sign-in activity for each app and tracking all risky sign-in's.

License Requirements: 
Microsoft Defender for Cloud Apps","https://learn.microsoft.com/en-us/defender-cloud-apps/app-governance-anomaly-detection-alerts#initial-access-alerts; https://learn.microsoft.com/en-us/defender-cloud-apps/app-governance-manage-app-governance"
"DEF-APGV-E5","App Governance","m365-defender","Microsoft 365 Defender","T1110.001","Password Guessing","Credential Access","detect","significant","App governance in Defender for Cloud Apps is a set of security and policy management capabilities designed for OAuth-enabled apps registered on Microsoft Entra ID, Google, and Salesforce. App governance delivers visibility, remediation, and governance into how these apps and their users access, use, and share sensitive data in Microsoft 365 and other cloud platforms through actionable insights and automated policy alerts and actions. App governance also enables you to see which user-installed OAuth applications have access to data on Microsoft 365, Google Workspace, and Salesforce. It tells you what permissions the apps have and which users have granted access to their accounts. App governance insights enable you to make informed decisions around blocking or restricting apps that present significant risk to your organization

App Governance Detects Password Guessing attacks due to App Governance monitoring aggregated sign-in activity for each app and tracking all risky sign-in's.

License Requirements: 
Microsoft Defender for Cloud Apps","https://learn.microsoft.com/en-us/defender-cloud-apps/app-governance-anomaly-detection-alerts#initial-access-alerts; https://learn.microsoft.com/en-us/defender-cloud-apps/app-governance-manage-app-governance"
"DEF-APGV-E5","App Governance","m365-defender","Microsoft 365 Defender","T1110.002","Password Cracking","Credential Access","detect","significant","App governance in Defender for Cloud Apps is a set of security and policy management capabilities designed for OAuth-enabled apps registered on Microsoft Entra ID, Google, and Salesforce. App governance delivers visibility, remediation, and governance into how these apps and their users access, use, and share sensitive data in Microsoft 365 and other cloud platforms through actionable insights and automated policy alerts and actions. App governance also enables you to see which user-installed OAuth applications have access to data on Microsoft 365, Google Workspace, and Salesforce. It tells you what permissions the apps have and which users have granted access to their accounts. App governance insights enable you to make informed decisions around blocking or restricting apps that present significant risk to your organization

App Governance Detects Password Cracking attacks due to App Governance monitoring aggregated sign-in activity for each app and tracking all risky sign-in's.

License Requirements: 
Microsoft Defender for Cloud Apps","https://learn.microsoft.com/en-us/defender-cloud-apps/app-governance-anomaly-detection-alerts#initial-access-alerts; https://learn.microsoft.com/en-us/defender-cloud-apps/app-governance-manage-app-governance"
"DEF-APGV-E5","App Governance","m365-defender","Microsoft 365 Defender","T1110.003","Password Spraying","Credential Access","detect","significant","App governance in Defender for Cloud Apps is a set of security and policy management capabilities designed for OAuth-enabled apps registered on Microsoft Entra ID, Google, and Salesforce. App governance delivers visibility, remediation, and governance into how these apps and their users access, use, and share sensitive data in Microsoft 365 and other cloud platforms through actionable insights and automated policy alerts and actions. App governance also enables you to see which user-installed OAuth applications have access to data on Microsoft 365, Google Workspace, and Salesforce. It tells you what permissions the apps have and which users have granted access to their accounts. App governance insights enable you to make informed decisions around blocking or restricting apps that present significant risk to your organization

App Governance Detects Password Spraying attacks due to App Governance monitoring aggregated sign-in activity for each app and tracking all risky sign-in's.

License Requirements: 
Microsoft Defender for Cloud Apps","https://learn.microsoft.com/en-us/defender-cloud-apps/app-governance-anomaly-detection-alerts#initial-access-alerts; https://learn.microsoft.com/en-us/defender-cloud-apps/app-governance-manage-app-governance"
"DEF-APGV-E5","App Governance","m365-defender","Microsoft 365 Defender","T1110.004","Credential Stuffing","Credential Access","detect","significant","App governance in Defender for Cloud Apps is a set of security and policy management capabilities designed for OAuth-enabled apps registered on Microsoft Entra ID, Google, and Salesforce. App governance delivers visibility, remediation, and governance into how these apps and their users access, use, and share sensitive data in Microsoft 365 and other cloud platforms through actionable insights and automated policy alerts and actions. App governance also enables you to see which user-installed OAuth applications have access to data on Microsoft 365, Google Workspace, and Salesforce. It tells you what permissions the apps have and which users have granted access to their accounts. App governance insights enable you to make informed decisions around blocking or restricting apps that present significant risk to your organization

App Governance Detects Credential Stuffing attacks due to App Governance monitoring aggregated sign-in activity for each app and tracking all risky sign-in's.

License Requirements: 
Microsoft Defender for Cloud Apps","https://learn.microsoft.com/en-us/defender-cloud-apps/app-governance-anomaly-detection-alerts#initial-access-alerts; https://learn.microsoft.com/en-us/defender-cloud-apps/app-governance-manage-app-governance"
"DEF-APGV-E5","App Governance","m365-defender","Microsoft 365 Defender","T1199","Trusted Relationship","Initial Access","detect","significant","App governance in Defender for Cloud Apps is a set of security and policy management capabilities designed for OAuth-enabled apps registered on Microsoft Entra ID, Google, and Salesforce. App governance delivers visibility, remediation, and governance into how these apps and their users access, use, and share sensitive data in Microsoft 365 and other cloud platforms through actionable insights and automated policy alerts and actions. App governance also enables you to see which user-installed OAuth applications have access to data on Microsoft 365, Google Workspace, and Salesforce. It tells you what permissions the apps have and which users have granted access to their accounts. App governance insights enable you to make informed decisions around blocking or restricting apps that present significant risk to your organization

App Governance Detects Trusted Relationship attacks due to App Governance monitoring aggregated sign-in activity for each app and tracking all risky sign-in's.

License Requirements: 
Microsoft Defender for Cloud Apps","https://learn.microsoft.com/en-us/defender-cloud-apps/app-governance-anomaly-detection-alerts#initial-access-alerts; https://learn.microsoft.com/en-us/defender-cloud-apps/app-governance-manage-app-governance"
"DEF-APGV-E5","App Governance","m365-defender","Microsoft 365 Defender","T1528","Steal Application Access Token","Credential Access","detect","significant","App governance in Defender for Cloud Apps is a set of security and policy management capabilities designed for OAuth-enabled apps registered on Microsoft Entra ID, Google, and Salesforce. App governance delivers visibility, remediation, and governance into how these apps and their users access, use, and share sensitive data in Microsoft 365 and other cloud platforms through actionable insights and automated policy alerts and actions. App governance also enables you to see which user-installed OAuth applications have access to data on Microsoft 365, Google Workspace, and Salesforce. It tells you what permissions the apps have and which users have granted access to their accounts. App governance insights enable you to make informed decisions around blocking or restricting apps that present significant risk to your organization

App Governance Detects Steal Application Access Token attacks due to App Governance tracking various app attributes and behaviors such as certification, data use, API access errors, and unused permissions that can indicate misuse and risk.

License Requirements: 
Microsoft Defender for Cloud Apps","https://learn.microsoft.com/en-us/defender-cloud-apps/app-governance-manage-app-governance"
"DEF-APGV-E5","App Governance","m365-defender","Microsoft 365 Defender","T1538","Cloud Service Dashboard","Discovery","detect","significant","App governance in Defender for Cloud Apps is a set of security and policy management capabilities designed for OAuth-enabled apps registered on Microsoft Entra ID, Google, and Salesforce. App governance delivers visibility, remediation, and governance into how these apps and their users access, use, and share sensitive data in Microsoft 365 and other cloud platforms through actionable insights and automated policy alerts and actions. App governance also enables you to see which user-installed OAuth applications have access to data on Microsoft 365, Google Workspace, and Salesforce. It tells you what permissions the apps have and which users have granted access to their accounts. App governance insights enable you to make informed decisions around blocking or restricting apps that present significant risk to your organization

App Governance Detects Cloud Service Dashboard attacks due to App Governance monitoring aggregated sign-in activity for each app and tracking all risky sign-in's.

License Requirements: 
Microsoft Defender for Cloud Apps","https://learn.microsoft.com/en-us/defender-cloud-apps/app-governance-anomaly-detection-alerts#initial-access-alerts; https://learn.microsoft.com/en-us/defender-cloud-apps/app-governance-manage-app-governance"
"DEF-APGV-E5","App Governance","m365-defender","Microsoft 365 Defender","T1548","Abuse Elevation Control Mechanism","Privilege Escalation, Defense Evasion","protect","significant","App governance in Defender for Cloud Apps is a set of security and policy management capabilities designed for OAuth-enabled apps registered on Microsoft Entra ID, Google, and Salesforce. App governance delivers visibility, remediation, and governance into how these apps and their users access, use, and share sensitive data in Microsoft 365 and other cloud platforms through actionable insights and automated policy alerts and actions. App governance also enables you to see which user-installed OAuth applications have access to data on Microsoft 365, Google Workspace, and Salesforce. It tells you what permissions the apps have and which users have granted access to their accounts. App governance insights enable you to make informed decisions around blocking or restricting apps that present significant risk to your organization

App Governance Protects against Abuse Elevation Control Mechanism attacks due to the governance feature where admins can create proactive or reactive policies to protect your users from using noncompliant or malicious apps and limiting the access of risky apps to your data.

License Requirements: 
Microsoft Defender for Cloud Apps","https://learn.microsoft.com/en-us/defender-cloud-apps/app-governance-manage-app-governance"
"DEF-APGV-E5","App Governance","m365-defender","Microsoft 365 Defender","T1556","Modify Authentication Process","Credential Access, Defense Evasion, Persistence","detect","significant","App governance in Defender for Cloud Apps is a set of security and policy management capabilities designed for OAuth-enabled apps registered on Microsoft Entra ID, Google, and Salesforce. App governance delivers visibility, remediation, and governance into how these apps and their users access, use, and share sensitive data in Microsoft 365 and other cloud platforms through actionable insights and automated policy alerts and actions. App governance also enables you to see which user-installed OAuth applications have access to data on Microsoft 365, Google Workspace, and Salesforce. It tells you what permissions the apps have and which users have granted access to their accounts. App governance insights enable you to make informed decisions around blocking or restricting apps that present significant risk to your organization

App Governance Detects Modify Authentication attacks due to App Governance monitoring aggregated sign-in activity for each app and tracking all risky sign-in's.

License Requirements: 
Microsoft Defender for Cloud Apps","https://learn.microsoft.com/en-us/defender-cloud-apps/app-governance-anomaly-detection-alerts#initial-access-alerts; https://learn.microsoft.com/en-us/defender-cloud-apps/app-governance-manage-app-governance"
"DEF-APGV-E5","App Governance","m365-defender","Microsoft 365 Defender","T1556.006","Multi-Factor Authentication","Credential Access, Defense Evasion, Persistence","detect","significant","App governance in Defender for Cloud Apps is a set of security and policy management capabilities designed for OAuth-enabled apps registered on Microsoft Entra ID, Google, and Salesforce. App governance delivers visibility, remediation, and governance into how these apps and their users access, use, and share sensitive data in Microsoft 365 and other cloud platforms through actionable insights and automated policy alerts and actions. App governance also enables you to see which user-installed OAuth applications have access to data on Microsoft 365, Google Workspace, and Salesforce. It tells you what permissions the apps have and which users have granted access to their accounts. App governance insights enable you to make informed decisions around blocking or restricting apps that present significant risk to your organization

App Governance Detects Multi-Factor Authentication attacks due to App Governance monitoring aggregated sign-in activity for each app and tracking all risky sign-in's.

License Requirements: 
Microsoft Defender for Cloud Apps","https://learn.microsoft.com/en-us/defender-cloud-apps/app-governance-anomaly-detection-alerts#initial-access-alerts; https://learn.microsoft.com/en-us/defender-cloud-apps/app-governance-manage-app-governance"
"DEF-APGV-E5","App Governance","m365-defender","Microsoft 365 Defender","T1562","Impair Defenses","Defense Evasion","protect","significant","App governance in Defender for Cloud Apps is a set of security and policy management capabilities designed for OAuth-enabled apps registered on Microsoft Entra ID, Google, and Salesforce. App governance delivers visibility, remediation, and governance into how these apps and their users access, use, and share sensitive data in Microsoft 365 and other cloud platforms through actionable insights and automated policy alerts and actions. App governance also enables you to see which user-installed OAuth applications have access to data on Microsoft 365, Google Workspace, and Salesforce. It tells you what permissions the apps have and which users have granted access to their accounts. App governance insights enable you to make informed decisions around blocking or restricting apps that present significant risk to your organization

App Governance Protects against Impair Defense attacks due to the governance feature where admins can create proactive or reactive policies to protect your users from using noncompliant or malicious apps and limiting the access of risky apps to your data to ensure that only approved security applications are used and running.

License Requirements: 
Microsoft Defender for Cloud Apps","https://learn.microsoft.com/en-us/defender-cloud-apps/app-governance-manage-app-governance"
"DEF-APGV-E5","App Governance","m365-defender","Microsoft 365 Defender","T1562","Impair Defenses","Defense Evasion","detect","significant","App governance in Defender for Cloud Apps is a set of security and policy management capabilities designed for OAuth-enabled apps registered on Microsoft Entra ID, Google, and Salesforce. App governance delivers visibility, remediation, and governance into how these apps and their users access, use, and share sensitive data in Microsoft 365 and other cloud platforms through actionable insights and automated policy alerts and actions. App governance also enables you to see which user-installed OAuth applications have access to data on Microsoft 365, Google Workspace, and Salesforce. It tells you what permissions the apps have and which users have granted access to their accounts. App governance insights enable you to make informed decisions around blocking or restricting apps that present significant risk to your organization

App Governance detects Impair Defense attacks due to App Governance tracking various app attributes and behaviors such as certification, data use, API access errors, and unused permissions that can indicate misuse and risk.

License Requirements: 
Microsoft Defender for Cloud Apps","https://learn.microsoft.com/en-us/defender-cloud-apps/app-governance-manage-app-governance"
"DEF-APGV-E5","App Governance","m365-defender","Microsoft 365 Defender","T1562.008","Disable or Modify Cloud Logs","Defense Evasion","detect","significant","App governance in Defender for Cloud Apps is a set of security and policy management capabilities designed for OAuth-enabled apps registered on Microsoft Entra ID, Google, and Salesforce. App governance delivers visibility, remediation, and governance into how these apps and their users access, use, and share sensitive data in Microsoft 365 and other cloud platforms through actionable insights and automated policy alerts and actions. App governance also enables you to see which user-installed OAuth applications have access to data on Microsoft 365, Google Workspace, and Salesforce. It tells you what permissions the apps have and which users have granted access to their accounts. App governance insights enable you to make informed decisions around blocking or restricting apps that present significant risk to your organization

App Governance Detects Disable or Modify Cloud Log attacks due to App Governance tracking various app attributes and behaviors such as certification, data use, API access errors, and unused permissions that can indicate misuse and risk.

License Requirements: 
Microsoft Defender for Cloud Apps","https://learn.microsoft.com/en-us/defender-cloud-apps/app-governance-manage-app-governance"
"DEF-APGV-E5","App Governance","m365-defender","Microsoft 365 Defender","T1562.008","Disable or Modify Cloud Logs","Defense Evasion","protect","significant","App governance in Defender for Cloud Apps is a set of security and policy management capabilities designed for OAuth-enabled apps registered on Microsoft Entra ID, Google, and Salesforce. App governance delivers visibility, remediation, and governance into how these apps and their users access, use, and share sensitive data in Microsoft 365 and other cloud platforms through actionable insights and automated policy alerts and actions. App governance also enables you to see which user-installed OAuth applications have access to data on Microsoft 365, Google Workspace, and Salesforce. It tells you what permissions the apps have and which users have granted access to their accounts. App governance insights enable you to make informed decisions around blocking or restricting apps that present significant risk to your organization

App Governance protects against Disable or Modify Cloud Log attacks due to the governance feature where admins can create proactive or reactive policies to protect your users from using noncompliant or malicious apps and limiting the access of risky apps to your data to ensure that only approved security applications are used and running.

License Requirements: 
Microsoft Defender for Cloud Apps","https://learn.microsoft.com/en-us/defender-cloud-apps/app-governance-manage-app-governance"
"DEF-APGV-E5","App Governance","m365-defender","Microsoft 365 Defender","T1566","Phishing","Initial Access","detect","significant","App governance in Defender for Cloud Apps is a set of security and policy management capabilities designed for OAuth-enabled apps registered on Microsoft Entra ID, Google, and Salesforce. App governance delivers visibility, remediation, and governance into how these apps and their users access, use, and share sensitive data in Microsoft 365 and other cloud platforms through actionable insights and automated policy alerts and actions. App governance also enables you to see which user-installed OAuth applications have access to data on Microsoft 365, Google Workspace, and Salesforce. It tells you what permissions the apps have and which users have granted access to their accounts. App governance insights enable you to make informed decisions around blocking or restricting apps that present significant risk to your organization

App Governance Detects Phishing attacks due to App Governance tracking various app attributes and behaviors such as certification, data use, API access errors, and unused permissions that can indicate misuse and risk helping an admin to confirm that the OAuth app is delivered from an unknown source and is performing unusual activities. 

License Requirements: 
Microsoft Defender for Cloud Apps","https://learn.microsoft.com/en-us/defender-cloud-apps/app-governance-anomaly-detection-alerts#initial-access-alerts; https://learn.microsoft.com/en-us/defender-cloud-apps/app-governance-manage-app-governance"
"DEF-APGV-E5","App Governance","m365-defender","Microsoft 365 Defender","T1606","Forge Web Credentials","Credential Access","detect","significant","App governance in Defender for Cloud Apps is a set of security and policy management capabilities designed for OAuth-enabled apps registered on Microsoft Entra ID, Google, and Salesforce. App governance delivers visibility, remediation, and governance into how these apps and their users access, use, and share sensitive data in Microsoft 365 and other cloud platforms through actionable insights and automated policy alerts and actions. App governance also enables you to see which user-installed OAuth applications have access to data on Microsoft 365, Google Workspace, and Salesforce. It tells you what permissions the apps have and which users have granted access to their accounts. App governance insights enable you to make informed decisions around blocking or restricting apps that present significant risk to your organization

App Governance Detects Forge Web Credentials attacks due to App Governance tracking various app attributes and behaviors such as certification, data use, API access errors, and unused permissions that can indicate misuse and risk.

License Requirements: 
Microsoft Defender for Cloud Apps","https://learn.microsoft.com/en-us/defender-cloud-apps/app-governance-faq; https://learn.microsoft.com/en-us/defender-cloud-apps/app-governance-manage-app-governance"
"DEF-APGV-E5","App Governance","m365-defender","Microsoft 365 Defender","T1606.002","SAML Tokens","Credential Access","detect","significant","App governance in Defender for Cloud Apps is a set of security and policy management capabilities designed for OAuth-enabled apps registered on Microsoft Entra ID, Google, and Salesforce. App governance delivers visibility, remediation, and governance into how these apps and their users access, use, and share sensitive data in Microsoft 365 and other cloud platforms through actionable insights and automated policy alerts and actions. App governance also enables you to see which user-installed OAuth applications have access to data on Microsoft 365, Google Workspace, and Salesforce. It tells you what permissions the apps have and which users have granted access to their accounts. App governance insights enable you to make informed decisions around blocking or restricting apps that present significant risk to your organization

App Governance Detects SAML Token attacks due to App Governance monitoring aggregated sign-in activity for each app and tracking all risky sign-in's.

License Requirements: 
Microsoft Defender for Cloud Apps","https://learn.microsoft.com/en-us/defender-cloud-apps/app-governance-anomaly-detection-alerts#initial-access-alerts; https://learn.microsoft.com/en-us/defender-cloud-apps/app-governance-manage-app-governance"
"DEF-APGV-E5","App Governance","m365-defender","Microsoft 365 Defender","T1621","Multi-Factor Authentication Request Generation","Credential Access","detect","significant","App governance in Defender for Cloud Apps is a set of security and policy management capabilities designed for OAuth-enabled apps registered on Microsoft Entra ID, Google, and Salesforce. App governance delivers visibility, remediation, and governance into how these apps and their users access, use, and share sensitive data in Microsoft 365 and other cloud platforms through actionable insights and automated policy alerts and actions. App governance also enables you to see which user-installed OAuth applications have access to data on Microsoft 365, Google Workspace, and Salesforce. It tells you what permissions the apps have and which users have granted access to their accounts. App governance insights enable you to make informed decisions around blocking or restricting apps that present significant risk to your organization

App Governance Detects Multi-Factor Authentication Request Generation attacks due to App Governance monitoring aggregated sign-in activity for each app and tracking all risky sign-in's.

License Requirements: 
Microsoft Defender for Cloud Apps","https://learn.microsoft.com/en-us/defender-cloud-apps/app-governance-anomaly-detection-alerts#initial-access-alerts; https://learn.microsoft.com/en-us/defender-cloud-apps/app-governance-manage-app-governance"
"EID-MFA-E3","Multifactor Authentication","entra-id","Microsoft Entra ID","T1078","Valid Accounts","Defense Evasion, Persistence, Privilege Escalation, Initial Access","protect","minimal","This control only protects cloud accounts and therefore its overall protection coverage is Minimal.","https://learn.microsoft.com/en-us/entra/identity/authentication/concept-mfa-howitworks"
"EID-MFA-E3","Multifactor Authentication","entra-id","Microsoft Entra ID","T1078.004","Cloud Accounts","Defense Evasion, Persistence, Privilege Escalation, Initial Access","protect","partial","MFA can provide protection against an adversary that obtains valid credentials by requiring the adversary to complete an additional authentication process before access is permitted.  This is an incomplete protection measure though as the adversary may also have obtained credentials enabling bypassing the additional authentication method. ",""
"EID-MFA-E3","Multifactor Authentication","entra-id","Microsoft Entra ID","T1078.004","Cloud Accounts","Defense Evasion, Persistence, Privilege Escalation, Initial Access","protect","significant","Requiring the use of MFA for all users can significantly reduce the likelihood of adversaries gaining access to the environment's cloud accounts.","https://learn.microsoft.com/en-us/entra/identity/conditional-access/howto-conditional-access-policy-all-users-mfa"
"EID-MFA-E3","Multifactor Authentication","entra-id","Microsoft Entra ID","T1098","Account Manipulation","Persistence, Privilege Escalation","protect","minimal","Requiring the use of MFA along with conditional access policies may reduce the likelihood of adversaries making credential modifications, administrator changes, account manipulation,  changes to permissions, etc.","https://learn.microsoft.com/en-us/entra/identity/conditional-access/howto-conditional-access-policy-all-users-mfa"
"EID-MFA-E3","Multifactor Authentication","entra-id","Microsoft Entra ID","T1098.001","Additional Cloud Credentials","Persistence, Privilege Escalation","protect","partial","Requiring the use of MFA along with conditional access policies may reduce the likelihood of adversaries making credential modifications, administrator changes, account manipulation, changes to permissions, etc.","https://learn.microsoft.com/en-us/entra/identity/conditional-access/howto-conditional-access-policy-all-users-mfa; https://www.microsoft.com/en-us/security/blog/2022/01/26/evolved-phishing-device-registration-trick-adds-to-phishers-toolbox-for-victims-without-mfa/"
"EID-MFA-E3","Multifactor Authentication","entra-id","Microsoft Entra ID","T1098.002","Additional Email Delegate Permissions","Persistence, Privilege Escalation","protect","partial","Requiring the use of MFA along with conditional access policies may reduce the likelihood of adversaries making modifications, such as changes to email delegate permissions. ","https://learn.microsoft.com/en-us/entra/identity/conditional-access/howto-conditional-access-policy-all-users-mfa"
"EID-MFA-E3","Multifactor Authentication","entra-id","Microsoft Entra ID","T1098.003","Additional Cloud Roles","Persistence, Privilege Escalation","protect","partial","Requiring the use of MFA along with conditional access policies may reduce the likelihood of adversaries making credential modifications, administrator changes, account manipulation, changes to permissions, etc.","https://learn.microsoft.com/en-us/entra/identity/conditional-access/howto-conditional-access-policy-all-users-mfa"
"EID-MFA-E3","Multifactor Authentication","entra-id","Microsoft Entra ID","T1098.005","Device Registration","Persistence, Privilege Escalation","protect","significant","Requiring the use of MFA to register devices in Entra ID along with conditional access policies can reduce the likelihood of successfu use of this technique.","https://learn.microsoft.com/en-us/entra/identity/conditional-access/howto-conditional-access-policy-all-users-mfa"
"EID-MFA-E3","Multifactor Authentication","entra-id","Microsoft Entra ID","T1110","Brute Force","Credential Access","protect","significant","MFA provides significant protection against password compromises, requiring the adversary to complete an additional authentication method before their access is permitted.","https://learn.microsoft.com/en-us/entra/identity/authentication/concept-mfa-howitworks"
"EID-MFA-E3","Multifactor Authentication","entra-id","Microsoft Entra ID","T1110","Brute Force","Credential Access","protect","significant","MFA provides significant protection against password compromises, requiring the adversary to complete an additional authentication method before their access is permitted.","https://learn.microsoft.com/en-us/entra/identity/authentication/concept-mfa-howitworks"
"EID-MFA-E3","Multifactor Authentication","entra-id","Microsoft Entra ID","T1110.001","Password Guessing","Credential Access","protect","significant","MFA can significantly reduce the impact of a password compromise, requiring the adversary to complete an additional authentication method before their access is permitted.",""
"EID-MFA-E3","Multifactor Authentication","entra-id","Microsoft Entra ID","T1110.001","Password Guessing","Credential Access","protect","significant","MFA can significantly reduce the impact of a password compromise, requiring the adversary to complete an additional authentication method before access is permitted.","https://learn.microsoft.com/en-us/entra/identity/authentication/concept-mfa-howitworks"
"EID-MFA-E3","Multifactor Authentication","entra-id","Microsoft Entra ID","T1110.002","Password Cracking","Credential Access","protect","significant","MFA can significantly reduce the impact of a password cracking, requiring the adversary to complete an additional authentication method before access is permitted. Based on studies, your account is less likely to get compromised by 99.9% by enabling MFA against the following techniques, for example: phishing, brute force, credential stuffing, key logging, etc.","https://techcommunity.microsoft.com/t5/microsoft-entra-blog/your-pa-word-doesn-t-matter/ba-p/731984"
"EID-MFA-E3","Multifactor Authentication","entra-id","Microsoft Entra ID","T1110.003","Password Spraying","Credential Access","protect","significant","MFA can significantly reduce the impact of a password compromise, requiring the adversary to complete an additional authentication method before their access is permitted.",""
"EID-MFA-E3","Multifactor Authentication","entra-id","Microsoft Entra ID","T1110.003","Password Spraying","Credential Access","protect","significant","MFA can significantly reduce the impact of a password spraying, requiring the adversary to complete an additional authentication method before access is permitted. Based on studies, your account is less likely to get compromised by 99.9% by enabling MFA against the following techniques: phishing, brute force, credential stuffing, key logging, etc.","https://techcommunity.microsoft.com/t5/microsoft-entra-blog/your-pa-word-doesn-t-matter/ba-p/731984"
"EID-MFA-E3","Multifactor Authentication","entra-id","Microsoft Entra ID","T1110.004","Credential Stuffing","Credential Access","protect","significant","MFA can significantly reduce the impact of a password compromise, requiring the adversary to complete an additional authentication method before their access is permitted.",""
"EID-MFA-E3","Multifactor Authentication","entra-id","Microsoft Entra ID","T1110.004","Credential Stuffing","Credential Access","protect","significant","MFA can significantly reduce the impact of a password spraying, requiring the adversary to complete an additional authentication method before access is permitted. Based on studies, your account is less likely to get compromised by 99.9% by enabling MFA against the following techniques: phishing, brute force, credential stuffing, key logging, etc.","https://techcommunity.microsoft.com/t5/microsoft-entra-blog/your-pa-word-doesn-t-matter/ba-p/731984"
"EID-MFA-E3","Multifactor Authentication","entra-id","Microsoft Entra ID","T1136.003","Cloud Account","Persistence","protect","significant","MFA can significantly reduce the impact from adversaries creating accounts by requiring an additional authentication method for verification (e.g., Microsoft Authenticator, Authenticator Lite (in Outlook), Windows Hello for Business, FIDO2 security key, OATH hardware token (preview), OATH software token, SMS, Voice call, etc.)","https://learn.microsoft.com/en-us/entra/identity/authentication/concept-mfa-howitworks"
"EID-MFA-E3","Multifactor Authentication","entra-id","Microsoft Entra ID","T1530","Data from Cloud Storage","Collection","protect","significant","MFA provides significant protection by enforcing and restricting access to resources (e.g., cloud storage, APIs, etc.).","[]"
"EID-MFA-E3","Multifactor Authentication","entra-id","Microsoft Entra ID","T1566","Phishing","Initial Access","protect","partial"," Entra MFA can provide partial security protection against phishing tactics. It is a security measure that adds an extra layer of protection against phishing attacks by requiring users to verify their identity through more than one method. ","https://techcommunity.microsoft.com/t5/microsoft-entra-blog/your-pa-word-doesn-t-matter/ba-p/731984; https://www.microsoft.com/en-us/security/blog/2022/01/26/evolved-phishing-device-registration-trick-adds-to-phishers-toolbox-for-victims-without-mfa/"
"EID-MFA-E3","Multifactor Authentication","entra-id","Microsoft Entra ID","T1566.001","Spearphishing Attachment","Initial Access","protect","partial"," Entra MFA can provide partial security protection against phishing tactics. It is a security measure that adds an extra layer of protection against phishing attacks by requiring users to verify their identity through more than one method. ","https://www.microsoft.com/en-us/security/blog/2022/01/26/evolved-phishing-device-registration-trick-adds-to-phishers-toolbox-for-victims-without-mfa/"
"EID-MFA-E3","Multifactor Authentication","entra-id","Microsoft Entra ID","T1566.002","Spearphishing Link","Initial Access","protect","partial"," Entra MFA can provide partial security protection against phishing tactics. It is a security measure that adds an extra layer of protection against phishing attacks by requiring users to verify their identity through more than one method. ","https://www.microsoft.com/en-us/security/blog/2022/01/26/evolved-phishing-device-registration-trick-adds-to-phishers-toolbox-for-victims-without-mfa/"
"EID-MFA-E3","Multifactor Authentication","entra-id","Microsoft Entra ID","T1621","Multi-Factor Authentication Request Generation","Credential Access","protect","significant","Entra MFA can be used to implement limits upon the maximum number of MFA request prompts that can be sent to users in period of time and throttles sign-in attempts in certain cases involving repeated authentication requests.",""
"EID-PWP-E3","Password Policy","entra-id","Microsoft Entra ID","T1078","Valid Accounts","Defense Evasion, Persistence, Privilege Escalation, Initial Access","protect","significant","Accounts should have complex and unique passwords across all systems on the network. Passwords and access keys should be rotated regularly. 

License Requirements:
Microsoft Entra ID Free, Microsoft Entra ID P1, or Microsoft Entra ID P2","https://learn.microsoft.com/en-us/entra/identity/authentication/concept-sspr-policy"
"EID-PWP-E3","Password Policy","entra-id","Microsoft Entra ID","T1110","Brute Force","Credential Access","protect","partial","This control provides partial protection for most of this technique's sub-techniques and therefore has been scored as Partial.","https://learn.microsoft.com/en-us/entra/identity/authentication/concept-sspr-policy#password-policies-that-only-apply-to-cloud-user-accounts"
"EID-PWP-E3","Password Policy","entra-id","Microsoft Entra ID","T1110","Brute Force","Credential Access","protect","partial","A password policy is applied to all user accounts that are created and managed directly in Microsoft Entra ID. 

By default, an account is locked out after 10 unsuccessful sign-in attempts with the wrong password.

License Requirements:
Microsoft Entra ID Free, Microsoft Entra ID P1, or Microsoft Entra ID P2","https://learn.microsoft.com/en-us/entra/identity/authentication/concept-sspr-policy"
"EID-PWP-E3","Password Policy","entra-id","Microsoft Entra ID","T1110.001","Password Guessing","Credential Access","protect","significant","The password restrictions provided by the default Password policy along with the lockout threshold and duration settings is an effective protection against this Password Guessing sub-technique.",""
"EID-PWP-E3","Password Policy","entra-id","Microsoft Entra ID","T1110.001","Password Guessing","Credential Access","protect","significant","A password policy is applied to all user accounts that are created and managed directly in Microsoft Entra ID. By default, an account is locked out after 10 unsuccessful sign-in attempts with the wrong password. Further incorrect sign-in attempts lock out the user in real time for increasing durations of time.

License Requirements:
Microsoft Entra ID Free, Microsoft Entra ID P1, or Microsoft Entra ID P2","https://learn.microsoft.com/en-us/entra/identity/authentication/concept-sspr-policy"
"EID-PWP-E3","Password Policy","entra-id","Microsoft Entra ID","T1110.002","Password Cracking","Credential Access","protect","partial","The password restrictions provided by the default Password policy can provide partial protection against password cracking but a determined adversary with sufficient resources can still be successful with this attack vector.
In regards to Credential Stuffing, the password policy's lockout threshold can be partially effective in mitigating this sub-technique as it may lock the account before the correct credential is attempted.   Although with credential stuffing, the number of passwords attempted for an account is often (much) fewer than with Password Guessing reducing the effectiveness of a lockout threshold.  This led to its score being assessed as Partial rather than Significant (as was assessed for Password Guessing).",""
"EID-PWP-E3","Password Policy","entra-id","Microsoft Entra ID","T1110.002","Password Cracking","Credential Access","protect","partial","A password policy is applied to all user accounts that are created and managed directly in Microsoft Entra ID. By default, an account is locked out after 10 unsuccessful sign-in attempts with the wrong password. Further incorrect sign-in attempts lock out the user in real time for increasing durations of time.

License Requirements:
Microsoft Entra ID Free, Microsoft Entra ID P1, or Microsoft Entra ID P2","https://learn.microsoft.com/en-us/entra/identity/authentication/concept-sspr-policy"
"EID-PWP-E3","Password Policy","entra-id","Microsoft Entra ID","T1110.003","Password Spraying","Credential Access","protect","partial","A password policy is applied to all user accounts that are created and managed directly in Microsoft Entra ID. By default, an account is locked out after 10 unsuccessful sign-in attempts with the wrong password. Further incorrect sign-in attempts lock out the user in real time for increasing durations of time.

License Requirements:
Microsoft Entra ID Free, Microsoft Entra ID P1, or Microsoft Entra ID P2","https://learn.microsoft.com/en-us/entra/identity/authentication/concept-sspr-policy"
"EID-PWP-E3","Password Policy","entra-id","Microsoft Entra ID","T1110.004","Credential Stuffing","Credential Access","protect","partial","The password restrictions provided by the default Password policy can provide partial protection against password cracking but a determined adversary with sufficient resources can still be successful with this attack vector.
In regards to Credential Stuffing, the password policy's lockout threshold can be partially effective in mitigating this sub-technique as it may lock the account before the correct credential is attempted.   Although with credential stuffing, the number of passwords attempted for an account is often (much) fewer than with Password Guessing reducing the effectiveness of a lockout threshold.  This led to its score being assessed as Partial rather than Significant (as was assessed for Password Guessing).",""
"EID-PWP-E3","Password Policy","entra-id","Microsoft Entra ID","T1110.004","Credential Stuffing","Credential Access","protect","partial","A password policy is applied to all user accounts that are created and managed directly in Microsoft Entra ID. By default, an account is locked out after 10 unsuccessful sign-in attempts with the wrong password. Further incorrect sign-in attempts lock out the user in real time for increasing durations of time.

License Requirements:
Microsoft Entra ID Free, Microsoft Entra ID P1, or Microsoft Entra ID P2","https://learn.microsoft.com/en-us/entra/identity/authentication/concept-sspr-policy"
"EID-PWP-E3","Password Policy","entra-id","Microsoft Entra ID","T1586.003","Cloud Accounts","Resource Development","protect","significant","Cloud accounts should have complex and unique passwords across all systems on the network. Passwords and access keys should be rotated regularly. By default, an account is locked out after 10 unsuccessful sign-in attempts with the wrong password. Further incorrect sign-in attempts lock out the user in real time for increasing durations of time.

License Requirements:
Microsoft Entra ID Free, Microsoft Entra ID P1, or Microsoft Entra ID P2","https://learn.microsoft.com/en-us/entra/identity/authentication/concept-sspr-policy"
"EID-PWPR-E3","Password Protection","entra-id","Microsoft Entra ID","T1078","Valid Accounts","Defense Evasion, Persistence, Privilege Escalation, Initial Access","protect","partial","Accounts should have complex and unique passwords across all systems on the network. When a password is changed or reset for any user in a Microsoft Entra tenant, the current version of the global banned password list is used to validate the strength of the password. This validation check results in stronger passwords for all Microsoft Entra customers.

License Requirements:
Microsoft Entra ID Free, Microsoft Entra ID P1, or Microsoft Entra ID P2","https://learn.microsoft.com/en-us/entra/identity/authentication/concept-password-ban-bad"
"EID-PWPR-E3","Password Protection","entra-id","Microsoft Entra ID","T1110","Brute Force","Credential Access","protect","partial","With Microsoft Entra Password Protection, default global banned password lists are automatically applied to all users in a Microsoft Entra tenant. To support your own business and security needs, you can define entries in a custom banned password list.
When a password is changed or reset for any user in a Microsoft Entra tenant, the current version of the global banned password list is used to validate the strength of the password. This validation check results in stronger passwords for all Microsoft Entra customers.

License Requirements:
Microsoft Entra ID Free, Microsoft Entra ID P1, or Microsoft Entra ID P2","https://learn.microsoft.com/en-us/entra/identity/authentication/concept-password-ban-bad"
"EID-PWPR-E3","Password Protection","entra-id","Microsoft Entra ID","T1110","Brute Force","Credential Access","protect","partial","With Microsoft Entra Password Protection, default global banned password lists are automatically applied to all users in a Microsoft Entra tenant. To support your own business and security needs, you can define entries in a custom banned password list.
When a password is changed or reset for any user in a Microsoft Entra tenant, the current version of the global banned password list is used to validate the strength of the password. This validation check results in stronger passwords for all Microsoft Entra customers.

License Requirements:
Microsoft Entra ID Free, Microsoft Entra ID P1, or Microsoft Entra ID P2","https://learn.microsoft.com/en-us/entra/identity/authentication/concept-password-ban-bad"
"EID-PWPR-E3","Password Protection","entra-id","Microsoft Entra ID","T1110.001","Password Guessing","Credential Access","protect","partial","Microsoft Entra Password Protection efficiently blocks known weak passwords likely to be used in password guessing attacks. 


License Requirements:
Microsoft Entra ID Free, Microsoft Entra ID P1, or Microsoft Entra ID P2","https://learn.microsoft.com/en-us/entra/identity/authentication/concept-password-ban-bad"
"EID-PWPR-E3","Password Protection","entra-id","Microsoft Entra ID","T1110.002","Password Cracking","Credential Access","protect","partial","Microsoft Entra Password Protection efficiently blocks known weak passwords likely to be used in password cracking attacks. 


License Requirements:
Microsoft Entra ID Free, Microsoft Entra ID P1, or Microsoft Entra ID P2","https://learn.microsoft.com/en-us/entra/identity/authentication/concept-password-ban-bad"
"EID-PWPR-E3","Password Protection","entra-id","Microsoft Entra ID","T1110.003","Password Spraying","Credential Access","protect","partial","Microsoft Entra Password Protection efficiently blocks  known weak passwords likely to be used in password spray attacks. 


License Requirements:
Microsoft Entra ID Free, Microsoft Entra ID P1, or Microsoft Entra ID P2","https://learn.microsoft.com/en-us/entra/identity/authentication/concept-password-ban-bad"
"EID-PWPR-E3","Password Protection","entra-id","Microsoft Entra ID","T1110.003","Password Spraying","Credential Access","protect","partial","Microsoft Entra Password Protection efficiently blocks known weak passwords likely to be used in password spray attacks. 


License Requirements:
Microsoft Entra ID Free, Microsoft Entra ID P1, or Microsoft Entra ID P2","https://learn.microsoft.com/en-us/entra/identity/authentication/concept-password-ban-bad"
"EID-PWPR-E3","Password Protection","entra-id","Microsoft Entra ID","T1110.004","Credential Stuffing","Credential Access","protect","partial","With Microsoft Entra Password Protection, you can define entries in a custom banned password list. When a password is changed or reset for any user in a Microsoft Entra tenant, the current version of the global banned password list is used to validate the strength of the password. This validation check results in stronger passwords for all Microsoft Entra customers.


License Requirements:
Microsoft Entra ID Free, Microsoft Entra ID P1, or Microsoft Entra ID P2","https://learn.microsoft.com/en-us/entra/identity/authentication/concept-password-ban-bad"
"EID-PWPR-E3","Password Protection","entra-id","Microsoft Entra ID","T1110.004","Credential Stuffing","Credential Access","protect","partial","With Microsoft Entra Password Protection, you can define entries in a custom banned password list. When a password is changed or reset for any user in a Microsoft Entra tenant, the current version of the global banned password list is used to validate the strength of the password. This validation check results in stronger passwords for all Microsoft Entra customers.


License Requirements:
Microsoft Entra ID Free, Microsoft Entra ID P1, or Microsoft Entra ID P2","https://learn.microsoft.com/en-us/entra/identity/authentication/concept-password-ban-bad"
"EID-PWPR-E3","Password Protection","entra-id","Microsoft Entra ID","T1586.003","Cloud Accounts","Resource Development","protect","partial","Cloud accounts should have complex and unique passwords across all systems on the network. When a password is changed or reset for any user in a Microsoft Entra tenant, the current version of the global banned password list is used to validate the strength of the password. This validation check results in stronger passwords for all Microsoft Entra customers.

License Requirements:
Microsoft Entra ID Free, Microsoft Entra ID P1, or Microsoft Entra ID P2","https://learn.microsoft.com/en-us/entra/identity/authentication/concept-password-ban-bad"
"EID-PIM-E5","Privileged Identity Management","entra-id","Microsoft Entra ID","T1078","Valid Accounts","Defense Evasion, Persistence, Privilege Escalation, Initial Access","protect","minimal","This control only provides protection for one of this technique's sub-techniques while not providing any protection for the remaining and therefore its coverage score is Minimal, resulting in a Minimal score.","https://learn.microsoft.com/en-us/entra/id-governance/privileged-identity-management/pim-configure"
"EID-PIM-E5","Privileged Identity Management","entra-id","Microsoft Entra ID","T1078","Valid Accounts","Defense Evasion, Persistence, Privilege Escalation, Initial Access","protect","minimal","The PIM control supports an Access Review feature, which can partially be used to avoid stale role assignment for Valid Accounts: Cloud Accounts. The control does not protect against this technique's other sub-techniques, resulting in a Minimal coverage score, for an overall score of Minimal. 

License Requirements:
Microsoft Entra ID P2 or Microsoft Entra ID Governance","https://learn.microsoft.com/en-us/entra/id-governance/privileged-identity-management/pim-configure"
"EID-PIM-E5","Privileged Identity Management","entra-id","Microsoft Entra ID","T1078.004","Cloud Accounts","Defense Evasion, Persistence, Privilege Escalation, Initial Access","protect","partial","This control's Access Review feature supports scheduling a routine review of cloud account permission levels to look for those that could allow an adversary to gain wide access.  This information can then be used to validate if such access is required and identify which (privileged) accounts should be monitored closely.  This reduces the availability of valid accounts to adversaries.  This review would normally be scheduled periodically, at most weekly, and therefore its temporal score is Partial.",""
"EID-PIM-E5","Privileged Identity Management","entra-id","Microsoft Entra ID","T1078.004","Cloud Accounts","Defense Evasion, Persistence, Privilege Escalation, Initial Access","protect","partial","The PIM control supports an Access Review feature, which can be created to review privileged access  to avoid stale role assignments. Access Reviews can be scheduled routinely, and used to help evaluate the state of privileged access. Performing this review can help minimize the availability of valid accounts to adversaries. Although this review can be scheduled periodically, it would not occur at real-time frequency, and is therefore assigned Partial. 

License Requirements:
Microsoft Entra ID P2 or Microsoft Entra ID Governance","https://learn.microsoft.com/en-us/entra/id-governance/privileged-identity-management/pim-configure"
"EID-PIM-E5","Privileged Identity Management","entra-id","Microsoft Entra ID","T1098","Account Manipulation","Persistence, Privilege Escalation","protect","partial","This control provides significant protection for some of this technique's sub-techniques while not providing any protection for others, resulting in a Partial score.","https://learn.microsoft.com/en-us/entra/id-governance/privileged-identity-management/pim-configure"
"EID-PIM-E5","Privileged Identity Management","entra-id","Microsoft Entra ID","T1098","Account Manipulation","Persistence, Privilege Escalation","detect","minimal","This control only provides detection for one of this technique's sub-techniques while not providing any detection for the remaining and therefore its coverage score is Minimal, resulting in a Minimal score.","https://learn.microsoft.com/en-us/entra/id-governance/privileged-identity-management/pim-configure"
"EID-PIM-E5","Privileged Identity Management","entra-id","Microsoft Entra ID","T1098","Account Manipulation","Persistence, Privilege Escalation","detect","minimal","The PIM control can assist post-execution detection by alerting on the assignment of privileged Additional Cloud Roles. This is not extendable to detect against the technique's other sub-techniques, resulting in overall minimal detection coverage. 

License Requirements:
Microsoft Entra ID P2 or Microsoft Entra ID Governance","https://learn.microsoft.com/en-us/entra/id-governance/privileged-identity-management/pim-configure"
"EID-PIM-E5","Privileged Identity Management","entra-id","Microsoft Entra ID","T1098","Account Manipulation","Persistence, Privilege Escalation","protect","significant","The PIM control provides significant protection against multiple sub-techniques, although not all, resulting in partial coverage. The control scores Significant for the temporal aspects of its protection, which include requiring activation by eligible privileged roles, and confirming user identity with MFA before execution. 


License Requirements:
Microsoft Entra ID P2 or Microsoft Entra ID Governance","https://learn.microsoft.com/en-us/entra/id-governance/privileged-identity-management/pim-how-to-activate-role; https://learn.microsoft.com/en-us/entra/id-governance/privileged-identity-management/pim-configure"
"EID-PIM-E5","Privileged Identity Management","entra-id","Microsoft Entra ID","T1098.001","Additional Cloud Credentials","Persistence, Privilege Escalation","protect","significant","Privileged roles such as the Application Administrator role can be configured to require MFA on activation to provide additional protection against the execution of this technique.  In addition these privileged roles can be assigned as eligible rather than permanently active roles to further reduce the attack surface.",""
"EID-PIM-E5","Privileged Identity Management","entra-id","Microsoft Entra ID","T1098.001","Additional Cloud Credentials","Persistence, Privilege Escalation","protect","significant","The PIM control can enforce on-activation requirements for privileged roles, such as the Application Administrator. Configuration can include an MFA requirement, which can provide additional protection against Additional Cloud Credentials. PIM can also be used to assigned privileged roles as ""eligible"" rather than ""active"" to further, requiring activation of the assigned role before use. Due to these features, a score of Significant is assigned. 

License Requirements:
Microsoft Entra ID P2 or Microsoft Entra ID Governance","https://learn.microsoft.com/en-us/entra/id-governance/privileged-identity-management/pim-how-to-activate-role; https://learn.microsoft.com/en-us/entra/id-governance/privileged-identity-management/pim-configure"
"EID-PIM-E5","Privileged Identity Management","entra-id","Microsoft Entra ID","T1098.003","Additional Cloud Roles","Persistence, Privilege Escalation","protect","significant","This control can require MFA to be triggered when the Global Administrator role is assigned to an account or when the role is activated by a user.",""
"EID-PIM-E5","Privileged Identity Management","entra-id","Microsoft Entra ID","T1098.003","Additional Cloud Roles","Persistence, Privilege Escalation","detect","significant","This control can notify administrators whenever the Global Administrator role is assigned to an account and can therefore be used to detect the execution of this sub-technique.  Assigning the Global Administrator role to an account is an infrequent operation and as a result, the false positive rate should be minimal.",""
"EID-PIM-E5","Privileged Identity Management","entra-id","Microsoft Entra ID","T1098.003","Additional Cloud Roles","Persistence, Privilege Escalation","detect","significant","The PIM control can notify administrators when the Global Administrator and other administrator roles are assigned to an account, allowing it to be a method of detection for Additional Cloud Roles execution. PIM supports multiple security alerts, with customizable triggers, including numeric specificity. Following Microsoft's role based access control Best Practices, assignment of Global Administrator, among other administrative roles should be uncommon, resulting in an overall low false positive rate for detecting unexpected privileged role assignments. 

License Requirements:
Microsoft Entra ID P2 or Microsoft Entra ID Governance","https://learn.microsoft.com/en-us/entra/identity/role-based-access-control/best-practices; https://learn.microsoft.com/en-us/entra/id-governance/privileged-identity-management/pim-how-to-configure-security-alerts; https://learn.microsoft.com/en-us/entra/id-governance/privileged-identity-management/pim-configure"
"EID-PIM-E5","Privileged Identity Management","entra-id","Microsoft Entra ID","T1098.003","Additional Cloud Roles","Persistence, Privilege Escalation","protect","significant","The PIM control can enforce on-activation requirements for privileged roles, such as the Global Administrator. Configuration can include an MFA requirement, which can provide additional protection against Additional Cloud Roles. MFA can be required both when assigning these administrative roles, and/or when a user activates the role. 

License Requirements:
Microsoft Entra ID P2 or Microsoft Entra ID Governance","https://learn.microsoft.com/en-us/entra/id-governance/privileged-identity-management/pim-how-to-activate-role; https://learn.microsoft.com/en-us/entra/id-governance/privileged-identity-management/pim-configure"
"EID-PIM-E5","Privileged Identity Management","entra-id","Microsoft Entra ID","T1098.007","Additional Local or Domain Groups","Persistence, Privilege Escalation","detect","significant","Entra ID's continuous access evaluation is a security control implemented by enabling services to subscribe to critical Microsoft Entra events. Those events can then be evaluated and enforced near real time. This process enables tenant users lose access to organizational SharePoint Online files, email, calendar, or tasks, and Teams from Microsoft 365 client apps within minutes after a critical event is detected. The following events are currently evaluated:

User Account is deleted or disabled
Password for a user is changed or reset
Multifactor authentication is enabled for the user
Administrator explicitly revokes all refresh tokens for a user
High user risk detected by Microsoft Entra ID Protection

License Requirements:
Continuous access evaluation will be included in all versions of Microsoft 365. 
",""
"EID-PIM-E5","Privileged Identity Management","entra-id","Microsoft Entra ID","T1098.007","Additional Local or Domain Groups","Persistence, Privilege Escalation","protect","significant","Entra ID's continuous access evaluation is a security control implemented by enabling services to subscribe to critical Microsoft Entra events. Those events can then be evaluated and enforced near real time. This process enables tenant users lose access to organizational SharePoint Online files, email, calendar, or tasks, and Teams from Microsoft 365 client apps within minutes after a critical event is detected. The following events are currently evaluated:

User Account is deleted or disabled
Password for a user is changed or reset
Multifactor authentication is enabled for the user
Administrator explicitly revokes all refresh tokens for a user
High user risk detected by Microsoft Entra ID Protection

License Requirements:
Continuous access evaluation will be included in all versions of Microsoft 365. 
",""
"EID-PIM-E5","Privileged Identity Management","entra-id","Microsoft Entra ID","T1136","Create Account","Persistence","protect","minimal","This control only provides protection for one of this technique's sub-techniques while not providing any detection for the remaining and therefore its coverage score is Minimal, resulting in a Minimal score.","https://learn.microsoft.com/en-us/entra/id-governance/privileged-identity-management/pim-configure"
"EID-PIM-E5","Privileged Identity Management","entra-id","Microsoft Entra ID","T1136","Create Account","Persistence","protect","partial","The PIM control provides significant protection against Create Account: Cloud Account, but not against the technique's other sub-techniques. An overall score of Partial is provided, although overall coverage for the across the sub-techniques is minimal. 

License Requirements:
Microsoft Entra ID P2 or Microsoft Entra ID Governance","https://learn.microsoft.com/en-us/entra/id-governance/privileged-identity-management/pim-configure"
"EID-PIM-E5","Privileged Identity Management","entra-id","Microsoft Entra ID","T1136.003","Cloud Account","Persistence","protect","significant","Privileged roles such as the User Administrator role can be configured to require MFA on activation to provide additional protection against the execution of this technique.  In addition, these privileged roles can be assigned as eligible rather than permanently active roles to further reduce the attack surface.",""
"EID-PIM-E5","Privileged Identity Management","entra-id","Microsoft Entra ID","T1136.003","Cloud Account","Persistence","protect","significant","The PIM control can enforce on-activation requirements for privileged roles, such as the User Administrator. Configuration can include an MFA requirement, which can provide additional protection against Cloud Account creation. PIM can also be used to assigned privileged roles as ""eligible"" rather than ""active"" to further, requiring activation of the assigned role before use. Due to these features, a score of Significant is assigned. 

License Requirements:
Microsoft Entra ID P2 or Microsoft Entra ID Governance","https://learn.microsoft.com/en-us/entra/id-governance/privileged-identity-management/pim-how-to-activate-role; https://learn.microsoft.com/en-us/entra/id-governance/privileged-identity-management/pim-configure"
"EID-PIM-E5","Privileged Identity Management","entra-id","Microsoft Entra ID","T1556","Modify Authentication Process","Credential Access, Defense Evasion, Persistence","protect","minimal","The PIM control significantly protects against  the modification of Multi-Factor Authentication by placing limitations and restrictions on relevant privileged accounts. However, this is overall Minimal coverage relative to the all the technique's sub-techniques. 

License Requirements:
Microsoft Entra ID P2 or Microsoft Entra ID Governance","https://learn.microsoft.com/en-us/entra/id-governance/privileged-identity-management/pim-configure"
"EID-PIM-E5","Privileged Identity Management","entra-id","Microsoft Entra ID","T1556.006","Multi-Factor Authentication","Credential Access, Defense Evasion, Persistence","protect","significant","The PIM control can enforce on-activation requirements for privileged roles, such as the Conditional Access Administrator, Global Administrator or Security Administrator, which include privileges necessary to modify certain MFA settings. Configuration can include an MFA requirement, which can provide additional protection against modifying Multi-Factor Authentication. MFA can be required both when assigning these administrative roles, and/or when a user activates the role. PIM can also be used to assigned privileged roles as ""eligible"" rather than ""active"" to further, requiring activation of the assigned role before use. This scores Significant for its limitation of the overall accounts with these privileges, and the conditions for use.


License Requirements:
Microsoft Entra ID P2 or Microsoft Entra ID Governance","https://learn.microsoft.com/en-us/entra/identity/authentication/tutorial-enable-azure-mfa; https://learn.microsoft.com/en-us/entra/id-governance/privileged-identity-management/pim-how-to-configure-security-alerts; https://learn.microsoft.com/en-us/entra/id-governance/privileged-identity-management/pim-configure"
"EID-PIM-E5","Privileged Identity Management","entra-id","Microsoft Entra ID","T1556.007","Hybrid Identity","Credential Access, Defense Evasion, Persistence","protect","significant","The PIM control can enforce on-activation requirements for privileged roles, such as the Global Administrator, which may be used for modifying the hybrid identity authentication process from the cloud. Ideally, ensure these accounts are dedicated cloud-only rather than hybrid accounts. MFA can be required both when assigning Global Administrator, and/or when a user activates the role. PIM can also be used to assigned privileged roles as ""eligible"" rather than ""active"" to further, requiring activation of the assigned role before use. This scores Significant for its limitation of the overall accounts with these privileges, and the conditions for use. 


License Requirements:
Microsoft Entra ID P2 or Microsoft Entra ID Governance","https://learn.microsoft.com/en-us/entra/id-governance/privileged-identity-management/pim-configure"
"EID-PIM-E5","Privileged Identity Management","entra-id","Microsoft Entra ID","T1651","Cloud Administration Command","Execution","protect","significant","The PIM control can enforce on-activation requirements for privileged roles, such as Global Administrators. Configuration can include an MFA requirement, which can help limit the overall  privileged accounts available and their ability to execute administration commands. PIM can also be used to assigned privileged roles as ""eligible"" rather than ""active"" to further, requiring activation of the assigned role before use. Due to these features, a score of Significant is assigned. 

License Requirements:
Microsoft Entra ID P2 or Microsoft Entra ID Governance","https://learn.microsoft.com/en-us/entra/id-governance/privileged-identity-management/pim-configure"
"EOP-MFR-E3","Mail Flow Rules","eop","Exchange Online Protection","T1114","Email Collection","Collection","protect","significant","In Exchange Online Protection (EOP) organizations without Exchange Online mailboxes can use Exchange Mail Flow Rules (also known as transport rules) to look for specific conditions on messages that pass through your organization and take action on them.  Mail Flow Rules take action on messages while they are in transit, not after the message is delivered to the mailbox. Mail flow rules contain a richer set of conditions, exceptions, and actions, which provides you with the flexibility to implement many types of messaging policies.

Mail Flow Rules protects from Email Collection attacks due to the custom rules feature which allows you to define rules to encrypt email messages which provides an added layer of security to sensitive information sent over email.

License Requirements: 
Microsoft Exchange Online Protection, Defender for Office 365 plan 1 and plan 2, Microsoft XDR","https://learn.microsoft.com/en-us/purview/define-mail-flow-rules-to-encrypt-email; https://learn.microsoft.com/en-us/exchange/security-and-compliance/mail-flow-rules/mail-flow-rules"
"EOP-MFR-E3","Mail Flow Rules","eop","Exchange Online Protection","T1114.002","Remote Email Collection","Collection","protect","significant","In Exchange Online Protection (EOP) organizations without Exchange Online mailboxes can use Exchange Mail Flow Rules (also known as transport rules) to look for specific conditions on messages that pass through your organization and take action on them.  Mail Flow Rules take action on messages while they are in transit, not after the message is delivered to the mailbox. Mail flow rules contain a richer set of conditions, exceptions, and actions, which provides you with the flexibility to implement many types of messaging policies.

Mail Flow Rules protects from Remote Email Collection attacks due to the custom rules feature which allows you to define rules to encrypt email messages which provides an added layer of security to sensitive information sent over email.

License Requirements: 
Microsoft Exchange Online Protection, Defender for Office 365 plan 1 and plan 2, Microsoft XDR","https://learn.microsoft.com/en-us/purview/define-mail-flow-rules-to-encrypt-email; https://learn.microsoft.com/en-us/exchange/security-and-compliance/mail-flow-rules/mail-flow-rules"
"EOP-MFR-E3","Mail Flow Rules","eop","Exchange Online Protection","T1114.003","Email Forwarding Rule","Collection","protect","significant","In Exchange Online Protection (EOP) organizations without Exchange Online mailboxes can use Exchange Mail Flow Rules (also known as transport rules) to look for specific conditions on messages that pass through your organization and take action on them.  Mail Flow Rules take action on messages while they are in transit, not after the message is delivered to the mailbox. Mail flow rules contain a richer set of conditions, exceptions, and actions, which provides you with the flexibility to implement many types of messaging policies.

Mail Flow Rules protects from Email Forwarding Rule attacks due to the custom rules feature which allows you to define rules to encrypt email messages which provides an added layer of security to sensitive information sent over email.

License Requirements: 
Microsoft Exchange Online Protection, Defender for Office 365 plan 1 and plan 2, Microsoft XDR","https://learn.microsoft.com/en-us/purview/define-mail-flow-rules-to-encrypt-email; https://learn.microsoft.com/en-us/exchange/security-and-compliance/mail-flow-rules/mail-flow-rules"
"EOP-MFR-E3","Mail Flow Rules","eop","Exchange Online Protection","T1564","Hide Artifacts","Defense Evasion","detect","significant","In Exchange Online Protection (EOP) organizations without Exchange Online mailboxes can use Exchange Mail Flow Rules (also known as transport rules) to look for specific conditions on messages that pass through your organization and take action on them.  Mail Flow Rules take action on messages while they are in transit, not after the message is delivered to the mailbox. Mail flow rules contain a richer set of conditions, exceptions, and actions, which provides you with the flexibility to implement many types of messaging policies.

Mail Flow Rules detects Hide Artifacts attacks due to the conditions property which examines message header fields that may attempt to hide artifacts associated with their behaviors to evade detection.

License Requirements: 
Microsoft Exchange Online Protection, Defender for Office 365 plan 1 and plan 2, Microsoft XDR","https://learn.microsoft.com/en-us/exchange/security-and-compliance/mail-flow-rules/mail-flow-rules"
"EOP-MFR-E3","Mail Flow Rules","eop","Exchange Online Protection","T1564.008","Email Hiding Rules","Defense Evasion","protect","significant","In Exchange Online Protection (EOP) organizations without Exchange Online mailboxes can use Exchange Mail Flow Rules (also known as transport rules) to look for specific conditions on messages that pass through your organization and take action on them.  Mail Flow Rules take action on messages while they are in transit, not after the message is delivered to the mailbox. Mail flow rules contain a richer set of conditions, exceptions, and actions, which provides you with the flexibility to implement many types of messaging policies.

Mail Flow Rules protects from Email Hiding Rules attacks due to it's detection mechanisms that include the ability to audit inbox rules on a regular basis as they are in transit.

License Requirements: 
Microsoft Exchange Online Protection, Defender for Office 365 plan 1 and plan 2, Microsoft XDR","https://learn.microsoft.com/en-us/exchange/security-and-compliance/mail-flow-rules/mail-flow-rules"
"DEF-SIMT-E5","ATT&CK Simulation Training","m365-defender","Microsoft 365 Defender","T1189","Drive-by Compromise","Initial Access","respond","partial","M365's Defender Attack Simulation Training allows organizations to automate the simulation of benign real-world cyberattacks. These simulation automations feature social engineering techniques, payloads, and can start on an automated schedule.  This detection focused security control partially improves organizations security posture by continuously conduct attack simulations that fine tune analytics, and provide hands-on training for users and cyber professionals to improve response capabilities. 

The following social engineering techniques are available:

Credential Harvest: Attempts to collect credentials by taking users to a well-known looking website with input boxes to submit a username and password.
Malware Attachment: Adds a malicious attachment to a message. When the user opens the attachment, arbitrary code is run that helps the attacker compromise the target's device.
Link in Attachment: A type of credential harvest hybrid. An attacker inserts a URL into an email attachment. The URL within the attachment follows the same technique as credential harvest.
Link to Malware: Runs some arbitrary code from a file hosted on a well-known file sharing service. The message sent to the user contains a link to this malicious file, opening the file and helping the attacker compromise the target's device.
Drive-by URL: The malicious URL in the message takes the user to a familiar-looking website that silently runs and/or installs code on the user's device.
OAuth Consent Grant: The malicious URL asks users to grant permissions to data for a malicious Azure Application.

License Requirements: 
Microsoft 365 E5 or Microsoft Defender for Office 365 Plan 2.","https://learn.microsoft.com/en-us/microsoft-365/security/office-365-security/attack-simulation-training-simulation-automations?view=o365-worldwide#select-one-or-more-social-engineering-techniques"
"DEF-SIMT-E5","ATT&CK Simulation Training","m365-defender","Microsoft 365 Defender","T1189","Drive-by Compromise","Initial Access","detect","partial","M365's Defender Attack Simulation Training allows organizations to automate the simulation of benign real-world cyberattacks. These simulation automations feature social engineering techniques, payloads, and can start on an automated schedule.  This detection focused security control partially improves organizations security posture by continuously conduct attack simulations that fine tune analytics, and provide hands-on training for users and cyber professionals to improve response capabilities. 

The following social engineering techniques are available:

Credential Harvest: Attempts to collect credentials by taking users to a well-known looking website with input boxes to submit a username and password.
Malware Attachment: Adds a malicious attachment to a message. When the user opens the attachment, arbitrary code is run that helps the attacker compromise the target's device.
Link in Attachment: A type of credential harvest hybrid. An attacker inserts a URL into an email attachment. The URL within the attachment follows the same technique as credential harvest.
Link to Malware: Runs some arbitrary code from a file hosted on a well-known file sharing service. The message sent to the user contains a link to this malicious file, opening the file and helping the attacker compromise the target's device.
Drive-by URL: The malicious URL in the message takes the user to a familiar-looking website that silently runs and/or installs code on the user's device.
OAuth Consent Grant: The malicious URL asks users to grant permissions to data for a malicious Azure Application.

License Requirements: 
Microsoft 365 E5 or Microsoft Defender for Office 365 Plan 2.","https://learn.microsoft.com/en-us/microsoft-365/security/office-365-security/attack-simulation-training-payloads?view=o365-worldwide"
"DEF-SIMT-E5","ATT&CK Simulation Training","m365-defender","Microsoft 365 Defender","T1204","User Execution","Execution","respond","partial","M365's Defender Attack Simulation Training allows organizations to automate the simulation of benign real-world cyberattacks. These simulation automations feature social engineering techniques, payloads, and can start on an automated schedule.  This detection focused security control partially improves organizations security posture by continuously conduct attack simulations that fine tune analytics, and provide hands-on training for users and cyber professionals to improve response capabilities. 

The following social engineering techniques are available:

Credential Harvest: Attempts to collect credentials by taking users to a well-known looking website with input boxes to submit a username and password.
Malware Attachment: Adds a malicious attachment to a message. When the user opens the attachment, arbitrary code is run that helps the attacker compromise the target's device.
Link in Attachment: A type of credential harvest hybrid. An attacker inserts a URL into an email attachment. The URL within the attachment follows the same technique as credential harvest.
Link to Malware: Runs some arbitrary code from a file hosted on a well-known file sharing service. The message sent to the user contains a link to this malicious file, opening the file and helping the attacker compromise the target's device.
Drive-by URL: The malicious URL in the message takes the user to a familiar-looking website that silently runs and/or installs code on the user's device.
OAuth Consent Grant: The malicious URL asks users to grant permissions to data for a malicious Azure Application.

License Requirements: 
Microsoft 365 E5 or Microsoft Defender for Office 365 Plan 2.","https://learn.microsoft.com/en-us/microsoft-365/security/office-365-security/attack-simulation-training-payloads?view=o365-worldwide; https://learn.microsoft.com/en-us/microsoft-365/security/office-365-security/attack-simulation-training-simulation-automations?view=o365-worldwide#select-one-or-more-social-engineering-techniques; https://learn.microsoft.com/en-us/microsoft-365/security/office-365-security/attack-simulation-training-teams?view=o365-worldwide"
"DEF-SIMT-E5","ATT&CK Simulation Training","m365-defender","Microsoft 365 Defender","T1204","User Execution","Execution","detect","partial","M365's Defender Attack Simulation Training allows organizations to automate the simulation of benign real-world cyberattacks. These simulation automations feature social engineering techniques, payloads, and can start on an automated schedule.  This detection focused security control partially improves organizations security posture by continuously conduct attack simulations that fine tune analytics, and provide hands-on training for users and cyber professionals to improve response capabilities. 

The following social engineering techniques are available:

Credential Harvest: Attempts to collect credentials by taking users to a well-known looking website with input boxes to submit a username and password.
Malware Attachment: Adds a malicious attachment to a message. When the user opens the attachment, arbitrary code is run that helps the attacker compromise the target's device.
Link in Attachment: A type of credential harvest hybrid. An attacker inserts a URL into an email attachment. The URL within the attachment follows the same technique as credential harvest.
Link to Malware: Runs some arbitrary code from a file hosted on a well-known file sharing service. The message sent to the user contains a link to this malicious file, opening the file and helping the attacker compromise the target's device.
Drive-by URL: The malicious URL in the message takes the user to a familiar-looking website that silently runs and/or installs code on the user's device.
OAuth Consent Grant: The malicious URL asks users to grant permissions to data for a malicious Azure Application.

License Requirements: 
Microsoft 365 E5 or Microsoft Defender for Office 365 Plan 2.","https://learn.microsoft.com/en-us/microsoft-365/security/office-365-security/attack-simulation-training-simulation-automations?view=o365-worldwide#select-one-or-more-social-engineering-techniques; https://learn.microsoft.com/en-us/microsoft-365/security/office-365-security/attack-simulation-training-teams?view=o365-worldwide; https://learn.microsoft.com/en-us/microsoft-365/security/office-365-security/attack-simulation-training-payloads?view=o365-worldwide"
"DEF-SIMT-E5","ATT&CK Simulation Training","m365-defender","Microsoft 365 Defender","T1204.001","Malicious Link","Execution","respond","partial","M365's Defender Attack Simulation Training allows organizations to automate the simulation of benign real-world cyberattacks. These simulation automations feature social engineering techniques, payloads, and can start on an automated schedule.  This detection focused security control partially improves organizations security posture by continuously conduct attack simulations that fine tune analytics, and provide hands-on training for users and cyber professionals to improve response capabilities. 

The following social engineering techniques are available:

Credential Harvest: Attempts to collect credentials by taking users to a well-known looking website with input boxes to submit a username and password.
Malware Attachment: Adds a malicious attachment to a message. When the user opens the attachment, arbitrary code is run that helps the attacker compromise the target's device.
Link in Attachment: A type of credential harvest hybrid. An attacker inserts a URL into an email attachment. The URL within the attachment follows the same technique as credential harvest.
Link to Malware: Runs some arbitrary code from a file hosted on a well-known file sharing service. The message sent to the user contains a link to this malicious file, opening the file and helping the attacker compromise the target's device.
Drive-by URL: The malicious URL in the message takes the user to a familiar-looking website that silently runs and/or installs code on the user's device.
OAuth Consent Grant: The malicious URL asks users to grant permissions to data for a malicious Azure Application.

License Requirements: 
Microsoft 365 E5 or Microsoft Defender for Office 365 Plan 2.","https://learn.microsoft.com/en-us/microsoft-365/security/office-365-security/attack-simulation-training-simulation-automations?view=o365-worldwide#select-one-or-more-social-engineering-techniques"
"DEF-SIMT-E5","ATT&CK Simulation Training","m365-defender","Microsoft 365 Defender","T1204.001","Malicious Link","Execution","detect","partial","M365's Defender Attack Simulation Training allows organizations to automate the simulation of benign real-world cyberattacks. These simulation automations feature social engineering techniques, payloads, and can start on an automated schedule.  This detection focused security control partially improves organizations security posture by continuously conduct attack simulations that fine tune analytics, and provide hands-on training for users and cyber professionals to improve response capabilities. 

The following social engineering techniques are available:

Credential Harvest: Attempts to collect credentials by taking users to a well-known looking website with input boxes to submit a username and password.
Malware Attachment: Adds a malicious attachment to a message. When the user opens the attachment, arbitrary code is run that helps the attacker compromise the target's device.
Link in Attachment: A type of credential harvest hybrid. An attacker inserts a URL into an email attachment. The URL within the attachment follows the same technique as credential harvest.
Link to Malware: Runs some arbitrary code from a file hosted on a well-known file sharing service. The message sent to the user contains a link to this malicious file, opening the file and helping the attacker compromise the target's device.
Drive-by URL: The malicious URL in the message takes the user to a familiar-looking website that silently runs and/or installs code on the user's device.
OAuth Consent Grant: The malicious URL asks users to grant permissions to data for a malicious Azure Application.

License Requirements: 
Microsoft 365 E5 or Microsoft Defender for Office 365 Plan 2.","https://learn.microsoft.com/en-us/microsoft-365/security/office-365-security/attack-simulation-training-payloads?view=o365-worldwide"
"DEF-SIMT-E5","ATT&CK Simulation Training","m365-defender","Microsoft 365 Defender","T1204.002","Malicious File","Execution","respond","partial","M365's Defender Attack Simulation Training allows organizations to automate the simulation of benign real-world cyberattacks. These simulation automations feature social engineering techniques, payloads, and can start on an automated schedule.  This detection focused security control partially improves organizations security posture by continuously conduct attack simulations that fine tune analytics, and provide hands-on training for users and cyber professionals to improve response capabilities. 

The following social engineering techniques are available:

Credential Harvest: Attempts to collect credentials by taking users to a well-known looking website with input boxes to submit a username and password.
Malware Attachment: Adds a malicious attachment to a message. When the user opens the attachment, arbitrary code is run that helps the attacker compromise the target's device.
Link in Attachment: A type of credential harvest hybrid. An attacker inserts a URL into an email attachment. The URL within the attachment follows the same technique as credential harvest.
Link to Malware: Runs some arbitrary code from a file hosted on a well-known file sharing service. The message sent to the user contains a link to this malicious file, opening the file and helping the attacker compromise the target's device.
Drive-by URL: The malicious URL in the message takes the user to a familiar-looking website that silently runs and/or installs code on the user's device.
OAuth Consent Grant: The malicious URL asks users to grant permissions to data for a malicious Azure Application.

License Requirements: 
Microsoft 365 E5 or Microsoft Defender for Office 365 Plan 2.","https://learn.microsoft.com/en-us/microsoft-365/security/office-365-security/attack-simulation-training-simulation-automations?view=o365-worldwide#select-one-or-more-social-engineering-techniques"
"DEF-SIMT-E5","ATT&CK Simulation Training","m365-defender","Microsoft 365 Defender","T1204.002","Malicious File","Execution","detect","partial","M365's Defender Attack Simulation Training allows organizations to automate the simulation of benign real-world cyberattacks. These simulation automations feature social engineering techniques, payloads, and can start on an automated schedule.  This detection focused security control partially improves organizations security posture by continuously conduct attack simulations that fine tune analytics, and provide hands-on training for users and cyber professionals to improve response capabilities. 

The following social engineering techniques are available:

Credential Harvest: Attempts to collect credentials by taking users to a well-known looking website with input boxes to submit a username and password.
Malware Attachment: Adds a malicious attachment to a message. When the user opens the attachment, arbitrary code is run that helps the attacker compromise the target's device.
Link in Attachment: A type of credential harvest hybrid. An attacker inserts a URL into an email attachment. The URL within the attachment follows the same technique as credential harvest.
Link to Malware: Runs some arbitrary code from a file hosted on a well-known file sharing service. The message sent to the user contains a link to this malicious file, opening the file and helping the attacker compromise the target's device.
Drive-by URL: The malicious URL in the message takes the user to a familiar-looking website that silently runs and/or installs code on the user's device.
OAuth Consent Grant: The malicious URL asks users to grant permissions to data for a malicious Azure Application.

License Requirements: 
Microsoft 365 E5 or Microsoft Defender for Office 365 Plan 2.","https://learn.microsoft.com/en-us/microsoft-365/security/office-365-security/attack-simulation-training-payloads?view=o365-worldwide"
"DEF-SIMT-E5","ATT&CK Simulation Training","m365-defender","Microsoft 365 Defender","T1528","Steal Application Access Token","Credential Access","respond","partial","M365's Defender Attack Simulation Training allows organizations to automate the simulation of benign real-world cyberattacks. These simulation automations feature social engineering techniques, payloads, and can start on an automated schedule.  This detection focused security control partially improves organizations security posture by continuously conduct attack simulations that fine tune analytics, and provide hands-on training for users and cyber professionals to improve response capabilities. 

The following social engineering techniques are available:

Credential Harvest: Attempts to collect credentials by taking users to a well-known looking website with input boxes to submit a username and password.
Malware Attachment: Adds a malicious attachment to a message. When the user opens the attachment, arbitrary code is run that helps the attacker compromise the target's device.
Link in Attachment: A type of credential harvest hybrid. An attacker inserts a URL into an email attachment. The URL within the attachment follows the same technique as credential harvest.
Link to Malware: Runs some arbitrary code from a file hosted on a well-known file sharing service. The message sent to the user contains a link to this malicious file, opening the file and helping the attacker compromise the target's device.
Drive-by URL: The malicious URL in the message takes the user to a familiar-looking website that silently runs and/or installs code on the user's device.
OAuth Consent Grant: The malicious URL asks users to grant permissions to data for a malicious Azure Application.

License Requirements: 
Microsoft 365 E5 or Microsoft Defender for Office 365 Plan 2.","https://learn.microsoft.com/en-us/microsoft-365/security/office-365-security/attack-simulation-training-simulation-automations?view=o365-worldwide#select-one-or-more-social-engineering-techniques; https://learn.microsoft.com/en-us/microsoft-365/security/office-365-security/attack-simulation-training-teams?view=o365-worldwide"
"DEF-SIMT-E5","ATT&CK Simulation Training","m365-defender","Microsoft 365 Defender","T1528","Steal Application Access Token","Credential Access","detect","partial","M365's Defender Attack Simulation Training allows organizations to automate the simulation of benign real-world cyberattacks. These simulation automations feature social engineering techniques, payloads, and can start on an automated schedule.  This detection focused security control partially improves organizations security posture by continuously conduct attack simulations that fine tune analytics, and provide hands-on training for users and cyber professionals to improve response capabilities. 

The following social engineering techniques are available:

Credential Harvest: Attempts to collect credentials by taking users to a well-known looking website with input boxes to submit a username and password.
Malware Attachment: Adds a malicious attachment to a message. When the user opens the attachment, arbitrary code is run that helps the attacker compromise the target's device.
Link in Attachment: A type of credential harvest hybrid. An attacker inserts a URL into an email attachment. The URL within the attachment follows the same technique as credential harvest.
Link to Malware: Runs some arbitrary code from a file hosted on a well-known file sharing service. The message sent to the user contains a link to this malicious file, opening the file and helping the attacker compromise the target's device.
Drive-by URL: The malicious URL in the message takes the user to a familiar-looking website that silently runs and/or installs code on the user's device.
OAuth Consent Grant: The malicious URL asks users to grant permissions to data for a malicious Azure Application.

License Requirements: 
Microsoft 365 E5 or Microsoft Defender for Office 365 Plan 2.","https://learn.microsoft.com/en-us/microsoft-365/security/office-365-security/attack-simulation-training-simulation-automations?view=o365-worldwide#select-one-or-more-social-engineering-techniques; https://learn.microsoft.com/en-us/microsoft-365/security/office-365-security/attack-simulation-training-teams?view=o365-worldwide"
"DEF-SIMT-E5","ATT&CK Simulation Training","m365-defender","Microsoft 365 Defender","T1539","Steal Web Session Cookie","Credential Access","respond","partial","M365's Defender Attack Simulation Training allows organizations to automate the simulation of benign real-world cyberattacks. These simulation automations feature social engineering techniques, payloads, and can start on an automated schedule.  This detection focused security control partially improves organizations security posture by continuously conduct attack simulations that fine tune analytics, and provide hands-on training for users and cyber professionals to improve response capabilities. 

The following social engineering techniques are available:

Credential Harvest: Attempts to collect credentials by taking users to a well-known looking website with input boxes to submit a username and password.
Malware Attachment: Adds a malicious attachment to a message. When the user opens the attachment, arbitrary code is run that helps the attacker compromise the target's device.
Link in Attachment: A type of credential harvest hybrid. An attacker inserts a URL into an email attachment. The URL within the attachment follows the same technique as credential harvest.
Link to Malware: Runs some arbitrary code from a file hosted on a well-known file sharing service. The message sent to the user contains a link to this malicious file, opening the file and helping the attacker compromise the target's device.
Drive-by URL: The malicious URL in the message takes the user to a familiar-looking website that silently runs and/or installs code on the user's device.
OAuth Consent Grant: The malicious URL asks users to grant permissions to data for a malicious Azure Application.

License Requirements: 
Microsoft 365 E5 or Microsoft Defender for Office 365 Plan 2.","https://learn.microsoft.com/en-us/microsoft-365/security/office-365-security/attack-simulation-training-simulation-automations?view=o365-worldwide#select-one-or-more-social-engineering-techniques; https://learn.microsoft.com/en-us/microsoft-365/security/office-365-security/attack-simulation-training-teams?view=o365-worldwide"
"DEF-SIMT-E5","ATT&CK Simulation Training","m365-defender","Microsoft 365 Defender","T1539","Steal Web Session Cookie","Credential Access","detect","partial","M365's Defender Attack Simulation Training allows organizations to automate the simulation of benign real-world cyberattacks. These simulation automations feature social engineering techniques, payloads, and can start on an automated schedule.  This detection focused security control partially improves organizations security posture by continuously conduct attack simulations that fine tune analytics, and provide hands-on training for users and cyber professionals to improve response capabilities. 

The following social engineering techniques are available:

Credential Harvest: Attempts to collect credentials by taking users to a well-known looking website with input boxes to submit a username and password.
Malware Attachment: Adds a malicious attachment to a message. When the user opens the attachment, arbitrary code is run that helps the attacker compromise the target's device.
Link in Attachment: A type of credential harvest hybrid. An attacker inserts a URL into an email attachment. The URL within the attachment follows the same technique as credential harvest.
Link to Malware: Runs some arbitrary code from a file hosted on a well-known file sharing service. The message sent to the user contains a link to this malicious file, opening the file and helping the attacker compromise the target's device.
Drive-by URL: The malicious URL in the message takes the user to a familiar-looking website that silently runs and/or installs code on the user's device.
OAuth Consent Grant: The malicious URL asks users to grant permissions to data for a malicious Azure Application.

License Requirements: 
Microsoft 365 E5 or Microsoft Defender for Office 365 Plan 2.","https://learn.microsoft.com/en-us/microsoft-365/security/office-365-security/attack-simulation-training-simulation-automations?view=o365-worldwide#select-one-or-more-social-engineering-techniques; https://learn.microsoft.com/en-us/microsoft-365/security/office-365-security/attack-simulation-training-teams?view=o365-worldwide"
"DEF-SIMT-E5","ATT&CK Simulation Training","m365-defender","Microsoft 365 Defender","T1550","Use Alternate Authentication Material","Defense Evasion, Lateral Movement","respond","partial","M365's Defender Attack Simulation Training allows organizations to automate the simulation of benign real-world cyberattacks. These simulation automations feature social engineering techniques, payloads, and can start on an automated schedule.  This detection focused security control partially improves organizations security posture by continuously conduct attack simulations that fine tune analytics, and provide hands-on training for users and cyber professionals to improve response capabilities. 

The following social engineering techniques are available:

Credential Harvest: Attempts to collect credentials by taking users to a well-known looking website with input boxes to submit a username and password.
Malware Attachment: Adds a malicious attachment to a message. When the user opens the attachment, arbitrary code is run that helps the attacker compromise the target's device.
Link in Attachment: A type of credential harvest hybrid. An attacker inserts a URL into an email attachment. The URL within the attachment follows the same technique as credential harvest.
Link to Malware: Runs some arbitrary code from a file hosted on a well-known file sharing service. The message sent to the user contains a link to this malicious file, opening the file and helping the attacker compromise the target's device.
Drive-by URL: The malicious URL in the message takes the user to a familiar-looking website that silently runs and/or installs code on the user's device.
OAuth Consent Grant: The malicious URL asks users to grant permissions to data for a malicious Azure Application.

License Requirements: 
Microsoft 365 E5 or Microsoft Defender for Office 365 Plan 2.","https://learn.microsoft.com/en-us/microsoft-365/security/office-365-security/attack-simulation-training-simulation-automations?view=o365-worldwide#select-one-or-more-social-engineering-techniques; https://learn.microsoft.com/en-us/microsoft-365/security/office-365-security/attack-simulation-training-simulation-automations?view=o365-worldwide#select-one-or-more-social-engineering-techniques; https://learn.microsoft.com/en-us/microsoft-365/security/office-365-security/attack-simulation-training-teams?view=o365-worldwide; https://learn.microsoft.com/en-us/microsoft-365/security/office-365-security/attack-simulation-training-payloads?view=o365-worldwide"
"DEF-SIMT-E5","ATT&CK Simulation Training","m365-defender","Microsoft 365 Defender","T1550","Use Alternate Authentication Material","Defense Evasion, Lateral Movement","detect","partial","M365's Defender Attack Simulation Training allows organizations to automate the simulation of benign real-world cyberattacks. These simulation automations feature social engineering techniques, payloads, and can start on an automated schedule.  This detection focused security control partially improves organizations security posture by continuously conduct attack simulations that fine tune analytics, and provide hands-on training for users and cyber professionals to improve response capabilities. 

The following social engineering techniques are available:

Credential Harvest: Attempts to collect credentials by taking users to a well-known looking website with input boxes to submit a username and password.
Malware Attachment: Adds a malicious attachment to a message. When the user opens the attachment, arbitrary code is run that helps the attacker compromise the target's device.
Link in Attachment: A type of credential harvest hybrid. An attacker inserts a URL into an email attachment. The URL within the attachment follows the same technique as credential harvest.
Link to Malware: Runs some arbitrary code from a file hosted on a well-known file sharing service. The message sent to the user contains a link to this malicious file, opening the file and helping the attacker compromise the target's device.
Drive-by URL: The malicious URL in the message takes the user to a familiar-looking website that silently runs and/or installs code on the user's device.
OAuth Consent Grant: The malicious URL asks users to grant permissions to data for a malicious Azure Application.

License Requirements: 
Microsoft 365 E5 or Microsoft Defender for Office 365 Plan 2.","https://learn.microsoft.com/en-us/microsoft-365/security/office-365-security/attack-simulation-training-simulation-automations?view=o365-worldwide#select-one-or-more-social-engineering-techniques; https://learn.microsoft.com/en-us/microsoft-365/security/office-365-security/attack-simulation-training-teams?view=o365-worldwide; https://learn.microsoft.com/en-us/microsoft-365/security/office-365-security/attack-simulation-training-simulation-automations?view=o365-worldwide#select-one-or-more-social-engineering-techniques"
"DEF-SIMT-E5","ATT&CK Simulation Training","m365-defender","Microsoft 365 Defender","T1566","Phishing","Initial Access","respond","partial","M365's Defender Attack Simulation Training allows organizations to automate the simulation of benign real-world cyberattacks. These simulation automations feature social engineering techniques, payloads, and can start on an automated schedule.  This detection focused security control partially improves organizations security posture by continuously conduct attack simulations that fine tune analytics, and provide hands-on training for users and cyber professionals to improve response capabilities. 

The following social engineering techniques are available:

Credential Harvest: Attempts to collect credentials by taking users to a well-known looking website with input boxes to submit a username and password.
Malware Attachment: Adds a malicious attachment to a message. When the user opens the attachment, arbitrary code is run that helps the attacker compromise the target's device.
Link in Attachment: A type of credential harvest hybrid. An attacker inserts a URL into an email attachment. The URL within the attachment follows the same technique as credential harvest.
Link to Malware: Runs some arbitrary code from a file hosted on a well-known file sharing service. The message sent to the user contains a link to this malicious file, opening the file and helping the attacker compromise the target's device.
Drive-by URL: The malicious URL in the message takes the user to a familiar-looking website that silently runs and/or installs code on the user's device.
OAuth Consent Grant: The malicious URL asks users to grant permissions to data for a malicious Azure Application.

License Requirements: 
Microsoft 365 E5 or Microsoft Defender for Office 365 Plan 2.","https://learn.microsoft.com/en-us/microsoft-365/security/office-365-security/attack-simulation-training-simulation-automations?view=o365-worldwide#select-one-or-more-social-engineering-techniques"
"DEF-SIMT-E5","ATT&CK Simulation Training","m365-defender","Microsoft 365 Defender","T1566","Phishing","Initial Access","detect","partial","M365's Defender Attack Simulation Training allows organizations to automate the simulation of benign real-world cyberattacks. These simulation automations feature social engineering techniques, payloads, and can start on an automated schedule.  This detection focused security control partially improves organizations security posture by continuously conduct attack simulations that fine tune analytics, and provide hands-on training for users and cyber professionals to improve response capabilities. 

The following social engineering techniques are available:

Credential Harvest: Attempts to collect credentials by taking users to a well-known looking website with input boxes to submit a username and password.
Malware Attachment: Adds a malicious attachment to a message. When the user opens the attachment, arbitrary code is run that helps the attacker compromise the target's device.
Link in Attachment: A type of credential harvest hybrid. An attacker inserts a URL into an email attachment. The URL within the attachment follows the same technique as credential harvest.
Link to Malware: Runs some arbitrary code from a file hosted on a well-known file sharing service. The message sent to the user contains a link to this malicious file, opening the file and helping the attacker compromise the target's device.
Drive-by URL: The malicious URL in the message takes the user to a familiar-looking website that silently runs and/or installs code on the user's device.
OAuth Consent Grant: The malicious URL asks users to grant permissions to data for a malicious Azure Application.

License Requirements: 
Microsoft 365 E5 or Microsoft Defender for Office 365 Plan 2.","https://learn.microsoft.com/en-us/microsoft-365/security/office-365-security/attack-simulation-training-payloads?view=o365-worldwide"
"DEF-SIMT-E5","ATT&CK Simulation Training","m365-defender","Microsoft 365 Defender","T1566.001","Spearphishing Attachment","Initial Access","respond","partial","M365's Defender Attack Simulation Training allows organizations to automate the simulation of benign real-world cyberattacks. These simulation automations feature social engineering techniques, payloads, and can start on an automated schedule.  This detection focused security control partially improves organizations security posture by continuously conduct attack simulations that fine tune analytics, and provide hands-on training for users and cyber professionals to improve response capabilities. 

The following social engineering techniques are available:

Credential Harvest: Attempts to collect credentials by taking users to a well-known looking website with input boxes to submit a username and password.
Malware Attachment: Adds a malicious attachment to a message. When the user opens the attachment, arbitrary code is run that helps the attacker compromise the target's device.
Link in Attachment: A type of credential harvest hybrid. An attacker inserts a URL into an email attachment. The URL within the attachment follows the same technique as credential harvest.
Link to Malware: Runs some arbitrary code from a file hosted on a well-known file sharing service. The message sent to the user contains a link to this malicious file, opening the file and helping the attacker compromise the target's device.
Drive-by URL: The malicious URL in the message takes the user to a familiar-looking website that silently runs and/or installs code on the user's device.
OAuth Consent Grant: The malicious URL asks users to grant permissions to data for a malicious Azure Application.

License Requirements: 
Microsoft 365 E5 or Microsoft Defender for Office 365 Plan 2.","https://learn.microsoft.com/en-us/microsoft-365/security/office-365-security/attack-simulation-training-simulation-automations?view=o365-worldwide#select-one-or-more-social-engineering-techniques"
"DEF-SIMT-E5","ATT&CK Simulation Training","m365-defender","Microsoft 365 Defender","T1566.001","Spearphishing Attachment","Initial Access","detect","partial","M365's Defender Attack Simulation Training allows organizations to automate the simulation of benign real-world cyberattacks. These simulation automations feature social engineering techniques, payloads, and can start on an automated schedule.  This detection focused security control partially improves organizations security posture by continuously conduct attack simulations that fine tune analytics, and provide hands-on training for users and cyber professionals to improve response capabilities. 

The following social engineering techniques are available:

Credential Harvest: Attempts to collect credentials by taking users to a well-known looking website with input boxes to submit a username and password.
Malware Attachment: Adds a malicious attachment to a message. When the user opens the attachment, arbitrary code is run that helps the attacker compromise the target's device.
Link in Attachment: A type of credential harvest hybrid. An attacker inserts a URL into an email attachment. The URL within the attachment follows the same technique as credential harvest.
Link to Malware: Runs some arbitrary code from a file hosted on a well-known file sharing service. The message sent to the user contains a link to this malicious file, opening the file and helping the attacker compromise the target's device.
Drive-by URL: The malicious URL in the message takes the user to a familiar-looking website that silently runs and/or installs code on the user's device.
OAuth Consent Grant: The malicious URL asks users to grant permissions to data for a malicious Azure Application.

License Requirements: 
Microsoft 365 E5 or Microsoft Defender for Office 365 Plan 2.","https://learn.microsoft.com/en-us/microsoft-365/security/office-365-security/attack-simulation-training-payloads?view=o365-worldwide"
"DEF-SIMT-E5","ATT&CK Simulation Training","m365-defender","Microsoft 365 Defender","T1566.002","Spearphishing Link","Initial Access","respond","partial","M365's Defender Attack Simulation Training allows organizations to automate the simulation of benign real-world cyberattacks. These simulation automations feature social engineering techniques, payloads, and can start on an automated schedule.  This detection focused security control partially improves organizations security posture by continuously conduct attack simulations that fine tune analytics, and provide hands-on training for users and cyber professionals to improve response capabilities. 

The following social engineering techniques are available:

Credential Harvest: Attempts to collect credentials by taking users to a well-known looking website with input boxes to submit a username and password.
Malware Attachment: Adds a malicious attachment to a message. When the user opens the attachment, arbitrary code is run that helps the attacker compromise the target's device.
Link in Attachment: A type of credential harvest hybrid. An attacker inserts a URL into an email attachment. The URL within the attachment follows the same technique as credential harvest.
Link to Malware: Runs some arbitrary code from a file hosted on a well-known file sharing service. The message sent to the user contains a link to this malicious file, opening the file and helping the attacker compromise the target's device.
Drive-by URL: The malicious URL in the message takes the user to a familiar-looking website that silently runs and/or installs code on the user's device.
OAuth Consent Grant: The malicious URL asks users to grant permissions to data for a malicious Azure Application.

License Requirements: 
Microsoft 365 E5 or Microsoft Defender for Office 365 Plan 2.","https://learn.microsoft.com/en-us/microsoft-365/security/office-365-security/attack-simulation-training-simulation-automations?view=o365-worldwide#select-one-or-more-social-engineering-techniques"
"DEF-SIMT-E5","ATT&CK Simulation Training","m365-defender","Microsoft 365 Defender","T1566.002","Spearphishing Link","Initial Access","detect","partial","M365's Defender Attack Simulation Training allows organizations to automate the simulation of benign real-world cyberattacks. These simulation automations feature social engineering techniques, payloads, and can start on an automated schedule.  This detection focused security control partially improves organizations security posture by continuously conduct attack simulations that fine tune analytics, and provide hands-on training for users and cyber professionals to improve response capabilities. 

The following social engineering techniques are available:

Credential Harvest: Attempts to collect credentials by taking users to a well-known looking website with input boxes to submit a username and password.
Malware Attachment: Adds a malicious attachment to a message. When the user opens the attachment, arbitrary code is run that helps the attacker compromise the target's device.
Link in Attachment: A type of credential harvest hybrid. An attacker inserts a URL into an email attachment. The URL within the attachment follows the same technique as credential harvest.
Link to Malware: Runs some arbitrary code from a file hosted on a well-known file sharing service. The message sent to the user contains a link to this malicious file, opening the file and helping the attacker compromise the target's device.
Drive-by URL: The malicious URL in the message takes the user to a familiar-looking website that silently runs and/or installs code on the user's device.
OAuth Consent Grant: The malicious URL asks users to grant permissions to data for a malicious Azure Application.

License Requirements: 
Microsoft 365 E5 or Microsoft Defender for Office 365 Plan 2.","https://learn.microsoft.com/en-us/microsoft-365/security/office-365-security/attack-simulation-training-get-started?view=o365-worldwide"
"DEF-SIMT-E5","ATT&CK Simulation Training","m365-defender","Microsoft 365 Defender","T1598","Phishing for Information","Reconnaissance","respond","partial","M365's Defender Attack Simulation Training allows organizations to automate the simulation of benign real-world cyberattacks. These simulation automations feature social engineering techniques, payloads, and can start on an automated schedule.  This detection focused security control partially improves organizations security posture by continuously conduct attack simulations that fine tune analytics, and provide hands-on training for users and cyber professionals to improve response capabilities. 

The following social engineering techniques are available:

Credential Harvest: Attempts to collect credentials by taking users to a well-known looking website with input boxes to submit a username and password.
Malware Attachment: Adds a malicious attachment to a message. When the user opens the attachment, arbitrary code is run that helps the attacker compromise the target's device.
Link in Attachment: A type of credential harvest hybrid. An attacker inserts a URL into an email attachment. The URL within the attachment follows the same technique as credential harvest.
Link to Malware: Runs some arbitrary code from a file hosted on a well-known file sharing service. The message sent to the user contains a link to this malicious file, opening the file and helping the attacker compromise the target's device.
Drive-by URL: The malicious URL in the message takes the user to a familiar-looking website that silently runs and/or installs code on the user's device.
OAuth Consent Grant: The malicious URL asks users to grant permissions to data for a malicious Azure Application.

License Requirements: 
Microsoft 365 E5 or Microsoft Defender for Office 365 Plan 2.","https://learn.microsoft.com/en-us/microsoft-365/security/office-365-security/attack-simulation-training-simulation-automations?view=o365-worldwide#select-one-or-more-social-engineering-techniques"
"DEF-SIMT-E5","ATT&CK Simulation Training","m365-defender","Microsoft 365 Defender","T1598","Phishing for Information","Reconnaissance","detect","partial","M365's Defender Attack Simulation Training allows organizations to automate the simulation of benign real-world cyberattacks. These simulation automations feature social engineering techniques, payloads, and can start on an automated schedule.  This detection focused security control partially improves organizations security posture by continuously conduct attack simulations that fine tune analytics, and provide hands-on training for users and cyber professionals to improve response capabilities. 

The following social engineering techniques are available:

Credential Harvest: Attempts to collect credentials by taking users to a well-known looking website with input boxes to submit a username and password.
Malware Attachment: Adds a malicious attachment to a message. When the user opens the attachment, arbitrary code is run that helps the attacker compromise the target's device.
Link in Attachment: A type of credential harvest hybrid. An attacker inserts a URL into an email attachment. The URL within the attachment follows the same technique as credential harvest.
Link to Malware: Runs some arbitrary code from a file hosted on a well-known file sharing service. The message sent to the user contains a link to this malicious file, opening the file and helping the attacker compromise the target's device.
Drive-by URL: The malicious URL in the message takes the user to a familiar-looking website that silently runs and/or installs code on the user's device.
OAuth Consent Grant: The malicious URL asks users to grant permissions to data for a malicious Azure Application.

License Requirements: 
Microsoft 365 E5 or Microsoft Defender for Office 365 Plan 2.","https://learn.microsoft.com/en-us/microsoft-365/security/office-365-security/attack-simulation-training-get-started?view=o365-worldwide"
"DEF-SIMT-E5","ATT&CK Simulation Training","m365-defender","Microsoft 365 Defender","T1598.002","Spearphishing Attachment","Reconnaissance","detect","partial","M365's Defender Attack Simulation Training allows organizations to automate the simulation of benign real-world cyberattacks. These simulation automations feature social engineering techniques, payloads, and can start on an automated schedule.  This detection focused security control partially improves organizations security posture by continuously conduct attack simulations that fine tune analytics, and provide hands-on training for users and cyber professionals to improve response capabilities. 

The following social engineering techniques are available:

Credential Harvest: Attempts to collect credentials by taking users to a well-known looking website with input boxes to submit a username and password.
Malware Attachment: Adds a malicious attachment to a message. When the user opens the attachment, arbitrary code is run that helps the attacker compromise the target's device.
Link in Attachment: A type of credential harvest hybrid. An attacker inserts a URL into an email attachment. The URL within the attachment follows the same technique as credential harvest.
Link to Malware: Runs some arbitrary code from a file hosted on a well-known file sharing service. The message sent to the user contains a link to this malicious file, opening the file and helping the attacker compromise the target's device.
Drive-by URL: The malicious URL in the message takes the user to a familiar-looking website that silently runs and/or installs code on the user's device.
OAuth Consent Grant: The malicious URL asks users to grant permissions to data for a malicious Azure Application.

License Requirements: 
Microsoft 365 E5 or Microsoft Defender for Office 365 Plan 2.","https://learn.microsoft.com/en-us/microsoft-365/security/office-365-security/attack-simulation-training-payloads?view=o365-worldwide"
"DEF-PSP-E3","Preset Security Policies","m365-defender","Microsoft 365 Defender","T1189","Drive-by Compromise","Initial Access","detect","significant","M365 Preset security policies allow you to apply protection features to users based on Microsoft's recommended settings. Unlike custom policies that are infinitely configurable, virtually all of the settings in preset security policies aren't configurable, and are based on observations in Microsoft's datacenters. The settings in preset security policies provide a balance between keeping harmful content away from users while avoiding unnecessary disruptions. 

Preset Security Policies Detects Drive-by-Compromise attacks due to all recipients in the organization receiving Safe Links and Safe Attachments with the Built-in protection profile by default. Safe Links immediately checking the URL's before opening the websites. You can add entries to the existing policies or configure different lists in different Safe Links policies to determine if certain websites are necessary for business operations. If the URL points to a website that has been identified as a phishing attack, a Phishing attempt warning page will open. 

License Requirements:
Microsoft Defender for Office 365 plan 1 and plan 2, Microsoft Defender XDR","https://learn.microsoft.com/en-us/microsoft-365/security/office-365-security/safe-links-policies-configure?view=o365-worldwide; https://learn.microsoft.com/en-us/microsoft-365/security/office-365-security/preset-security-policies?view=o365-worldwide"
"DEF-PSP-E3","Preset Security Policies","m365-defender","Microsoft 365 Defender","T1204","User Execution","Execution","detect","significant","M365 Preset security policies allow you to apply protection features to users based on Microsoft's recommended settings. Unlike custom policies that are infinitely configurable, virtually all of the settings in preset security policies aren't configurable, and are based on observations in Microsoft's datacenters. The settings in preset security policies provide a balance between keeping harmful content away from users while avoiding unnecessary disruptions. 

Preset Security Policies Detects User Execution attacks due to all recipients in the organization receiving Safe Links and Safe Attachments with the Built-in protection profile by default. Safe Links immediately checking the URL's before opening the websites. You can add entries to the existing policies or configure different lists in different Safe Links policies to determine if certain websites are necessary for business operations. If the URL points to a website that has been identified as a phishing attack, a Phishing attempt warning page will open. 

License Requirements:
Microsoft Defender for Office 365 plan 1 and plan 2, Microsoft Defender XDR","https://learn.microsoft.com/en-us/microsoft-365/security/office-365-security/safe-links-policies-configure?view=o365-worldwide;  https://learn.microsoft.com/en-us/microsoft-365/security/office-365-security/preset-security-policies?view=o365-worldwide"
"DEF-PSP-E3","Preset Security Policies","m365-defender","Microsoft 365 Defender","T1204.001","Malicious Link","Execution","detect","significant","M365 Preset security policies allow you to apply protection features to users based on Microsoft's recommended settings. Unlike custom policies that are infinitely configurable, virtually all of the settings in preset security policies aren't configurable, and are based on observations in Microsoft's datacenters. The settings in preset security policies provide a balance between keeping harmful content away from users while avoiding unnecessary disruptions. 

Preset Security Policies Detects Malicious Link attacks due to all recipients in the organization receiving Safe Links and Safe Attachments with the Built-in protection profile by default. Safe Links immediately checks the URL's before opening the websites. If the URL points to a website that has been identified as a phishing attack, a Phishing attempt warning page will open. 

License Requirements:
Microsoft Defender for Office 365 plan 1 and plan 2, Microsoft Defender XDR","https://learn.microsoft.com/en-us/microsoft-365/security/office-365-security/safe-links-policies-configure?view=o365-worldwide; https://learn.microsoft.com/en-us/microsoft-365/security/office-365-security/preset-security-policies?view=o365-worldwide"
"DEF-PSP-E3","Preset Security Policies","m365-defender","Microsoft 365 Defender","T1534","Internal Spearphishing","Lateral Movement","detect","significant","M365 Preset security policies allow you to apply protection features to users based on Microsoft's recommended settings. Unlike custom policies that are infinitely configurable, virtually all of the settings in preset security policies aren't configurable, and are based on observations in Microsoft's datacenters. The settings in preset security policies provide a balance between keeping harmful content away from users while avoiding unnecessary disruptions. 

Preset Security Policies Detects Internal Spearphishing attacks due to all recipients in the organization receiving Safe Links and Safe Attachments with the Built-in protection profile by default. Safe Links immediately checking the URL's before opening the websites. You can add entries to the existing policies or configure different lists in different Safe Links policies to determine if certain websites are necessary for business operations. If the URL points to a website that has been identified as a phishing attack, a Phishing attempt warning page will open. 

License Requirements:
Microsoft Defender for Office 365 plan 1 and plan 2, Microsoft Defender XDR","https://learn.microsoft.com/en-us/microsoft-365/security/office-365-security/safe-links-policies-configure?view=o365-worldwide; https://learn.microsoft.com/en-us/microsoft-365/security/office-365-security/preset-security-policies?view=o365-worldwide"
"DEF-PSP-E3","Preset Security Policies","m365-defender","Microsoft 365 Defender","T1566","Phishing","Initial Access","detect","significant","M365 Preset security policies allow you to apply protection features to users based on Microsoft's recommended settings. Unlike custom policies that are infinitely configurable, virtually all of the settings in preset security policies aren't configurable, and are based on observations in Microsoft's datacenters. The settings in preset security policies provide a balance between keeping harmful content away from users while avoiding unnecessary disruptions. 

Preset Security Policies Detects Phishing attacks due to all recipients in the organization receiving Safe Links and Safe Attachments with the Built-in protection profile by default. Safe Links immediately checks the URL's before opening the websites. If the URL points to a website that has been identified as a phishing attack, a Phishing attempt warning page will open. 

License Requirements:
Microsoft Defender for Office 365 plan 1 and plan 2, Microsoft Defender XDR","https://learn.microsoft.com/en-us/microsoft-365/security/office-365-security/safe-links-policies-configure?view=o365-worldwide; https://learn.microsoft.com/en-us/microsoft-365/security/office-365-security/preset-security-policies?view=o365-worldwide"
"DEF-PSP-E3","Preset Security Policies","m365-defender","Microsoft 365 Defender","T1566.001","Spearphishing Attachment","Initial Access","detect","significant","M365 Preset security policies allow you to apply protection features to users based on Microsoft's recommended settings. Unlike custom policies that are infinitely configurable, virtually all of the settings in preset security policies aren't configurable, and are based on observations in Microsoft's datacenters. The settings in preset security policies provide a balance between keeping harmful content away from users while avoiding unnecessary disruptions. 

Preset Security Policies Detects Spearphishing Attachment attacks due to the Built-in protection preset security policy providing Safe Attachments protection to all recipients. Safe Attachments uses a virtual environment to check attachments in email messages before they're delivered to recipients (a process known as detonation).

License Requirements:
Microsoft Defender for Office 365 plan 1 and plan 2, Microsoft Defender XDR","https://learn.microsoft.com/en-us/microsoft-365/security/office-365-security/safe-links-policies-configure?view=o365-worldwide; https://learn.microsoft.com/en-us/microsoft-365/security/office-365-security/preset-security-policies?view=o365-worldwide"
"DEF-PSP-E3","Preset Security Policies","m365-defender","Microsoft 365 Defender","T1566.002","Spearphishing Link","Initial Access","detect","significant","M365 Preset security policies allow you to apply protection features to users based on Microsoft's recommended settings. Unlike custom policies that are infinitely configurable, virtually all of the settings in preset security policies aren't configurable, and are based on observations in Microsoft's datacenters. The settings in preset security policies provide a balance between keeping harmful content away from users while avoiding unnecessary disruptions. 

Preset Security Policies Detects Spearphishing Link attacks due to all recipients in the organization receiving Safe Links and Safe Attachments with the Built-in protection profile by default. Safe Links immediately checks the URL's before opening the websites. If the URL points to a website that has been identified as a phishing attack, a Phishing attempt warning page will open. 

License Requirements:
Microsoft Defender for Office 365 plan 1 and plan 2, Microsoft Defender XDR","https://learn.microsoft.com/en-us/microsoft-365/security/office-365-security/safe-links-policies-configure?view=o365-worldwide; https://learn.microsoft.com/en-us/microsoft-365/security/office-365-security/preset-security-policies?view=o365-worldwide"
"DEF-PSP-E3","Preset Security Policies","m365-defender","Microsoft 365 Defender","T1656","Impersonation","Defense Evasion","detect","significant","M365 Preset security policies allow you to apply protection features to users based on Microsoft's recommended settings. Unlike custom policies that are infinitely configurable, virtually all of the settings in preset security policies aren't configurable, and are based on observations in Microsoft's datacenters. The settings in preset security policies provide a balance between keeping harmful content away from users while avoiding unnecessary disruptions. 

Preset Security Policies Detects Impersonation attacks due to all recipients in the organization receiving Safe Links and Safe Attachments with the Built-in protection profile by default. Safe Links immediately checks the URL's before opening the websites. If the URL points to a website that has been identified as a phishing attack, a Phishing attempt warning page will open. 

License Requirements:
Microsoft Defender for Office 365 plan 1 and plan 2, Microsoft Defender XDR","https://learn.microsoft.com/en-us/microsoft-365/security/office-365-security/preset-security-policies?view=o365-worldwide"
"DEF-THEX-E5","Threat Explorer","m365-defender","Microsoft 365 Defender","T1189","Drive-by Compromise","Initial Access","detect","partial","Threat Explorer helps your security operations team investigate and respond to threats efficiently. With these tools, you can: See malware detected by Microsoft 365 security features, View phishing URL and click verdict data, Start an automated investigation and response process from a view in Explorer, Investigate malicious email, and more. 

Threat Explorer Detects Drive-by-Compromise attacks by their dashboard capturing and enabling the user to view phishing attempts, including a list of URLs that were allowed, blocked, and overridden. With an organization blocking URL's for users, it mitigates users visiting a website that is used to host the adversary controlled content.


License Requirements: 
Microsoft Defender for Office 365 plan 1 and plan 2, Microsoft Defender XDR","https://learn.microsoft.com/en-us/microsoft-365/security/office-365-security/threat-explorer-about?view=o365-worldwide#view-phishing-url-and-click-verdict-data; https://learn.microsoft.com/en-us/microsoft-365/security/office-365-security/threat-explorer-threat-hunting?view=o365-worldwide"
"DEF-THEX-E5","Threat Explorer","m365-defender","Microsoft 365 Defender","T1566","Phishing","Initial Access","detect","partial","Threat Explorer helps your security operations team investigate and respond to threats efficiently. With these tools, you can: See malware detected by Microsoft 365 security features, View phishing URL and click verdict data, Start an automated investigation and response process from a view in Explorer, Investigate malicious email, and more. 

Threat Explorer Detects Phishing attacks by their dashboard capturing and enabling the user to view phishing attempts, including a list of URLs that were allowed, blocked, and overridden.


License Requirements: 
Microsoft Defender for Office 365 plan 1 and plan 2, Microsoft Defender XDR","https://learn.microsoft.com/en-us/microsoft-365/security/office-365-security/threat-explorer-about?view=o365-worldwide#view-phishing-url-and-click-verdict-data; https://learn.microsoft.com/en-us/microsoft-365/security/office-365-security/threat-explorer-about?view=o365-worldwide"
"DEF-THEX-E5","Threat Explorer","m365-defender","Microsoft 365 Defender","T1566.001","Spearphishing Attachment","Initial Access","detect","partial","Threat Explorer helps your security operations team investigate and respond to threats efficiently. With these tools, you can: See malware detected by Microsoft 365 security features, View phishing URL and click verdict data, Start an automated investigation and response process from a view in Explorer, Investigate malicious email, and more. 

Threat Explorer Detects Spearphishing Attachment attacks by using Threat Explorer's System Override feature. The File extension blocked by org policy value, enables An organization's security team to block a file name extension through the anti-malware policy settings. These values will now be displayed in email details to help with investigations. Secops teams can also use the rich-filtering capability to filter on blocked file extensions.


License Requirements: 
Microsoft Defender for Office 365 plan 1 and plan 2, Microsoft Defender XDR","https://learn.microsoft.com/en-us/microsoft-365/security/office-365-security/threat-explorer-about?view=o365-worldwide#view-phishing-url-and-click-verdict-data; https://learn.microsoft.com/en-us/microsoft-365/security/office-365-security/threat-explorer-threat-hunting?view=o365-worldwide"
"DEF-THEX-E5","Threat Explorer","m365-defender","Microsoft 365 Defender","T1566.002","Spearphishing Link","Initial Access","detect","partial","Threat Explorer helps your security operations team investigate and respond to threats efficiently. With these tools, you can: See malware detected by Microsoft 365 security features, View phishing URL and click verdict data, Start an automated investigation and response process from a view in Explorer, Investigate malicious email, and more. 

Threat Explorer Detects Spearphishing Link attacks by their dashboard capturing and enabling the user to view phishing attempts, including a list of URLs that were allowed, blocked, and overridden.


License Requirements: 
Microsoft Defender for Office 365 plan 1 and plan 2, Microsoft Defender XDR","https://learn.microsoft.com/en-us/microsoft-365/security/office-365-security/threat-explorer-about?view=o365-worldwide#view-phishing-url-and-click-verdict-data; https://learn.microsoft.com/en-us/microsoft-365/security/office-365-security/threat-explorer-threat-hunting?view=o365-worldwide"
"DEF-THEX-E5","Threat Explorer","m365-defender","Microsoft 365 Defender","T1656","Impersonation","Defense Evasion","detect","partial","Threat Explorer helps your security operations team investigate and respond to threats efficiently. With these tools, you can: See malware detected by Microsoft 365 security features, View phishing URL and click verdict data, Start an automated investigation and response process from a view in Explorer, Investigate malicious email, and more. 

Threat Explorer Detects Impersonation attacks by their dashboard capturing and enabling the user to view phishing attempts, including a list of URLs that were allowed, blocked, and overridden. With an organization blocking URL's for users, it mitigates users visiting a website that is used to host the adversary controlled content.


License Requirements: 
Microsoft Defender for Office 365 plan 1 and plan 2, Microsoft Defender XDR","https://learn.microsoft.com/en-us/microsoft-365/security/office-365-security/threat-explorer-about?view=o365-worldwide#view-phishing-url-and-click-verdict-data; https://learn.microsoft.com/en-us/microsoft-365/security/office-365-security/threat-explorer-threat-hunting?view=o365-worldwide"
"DEF-TPSR-E3","Threat Protection Status Report","m365-defender","Microsoft 365 Defender","T1189","Drive-by Compromise","Initial Access","detect","partial","Threat protection status report is a single view that brings together information about malicious content and malicious email detected and blocked by Exchange Online Protection (EOP) and Defender for Office 365. The report provides the count of email messages with malicious content. For example: Files or website addresses (URLs) that were blocked by the anti-malware engine, Files or messages affected by zero-hour auto purge (ZAP), Files or messages that were blocked by Defender for Office 365 features: Safe Links, Safe Attachments, and impersonation protection features in anti-phishing policies.

Threat Protection Status Report Detects Drive-by-Compromise attacks by the report capturing and displaying files or messages that were blocked by Safe Links, Safe Attachments, and impersonation protection features in phishing policies. With an organization filtering URL's for users, it mitigates users visiting a website that is used to host the adversary controlled content.

License Requirements: 
Exchange Online Protection, Microsoft Defender for Office 365 plan 1 and plan 2, Microsoft Defender XDR","https://learn.microsoft.com/en-us/microsoft-365/security/office-365-security/reports-email-security?view=o365-worldwide#threat-protection-status-report"
"DEF-TPSR-E3","Threat Protection Status Report","m365-defender","Microsoft 365 Defender","T1534","Internal Spearphishing","Lateral Movement","detect","partial","Threat protection status report is a single view that brings together information about malicious content and malicious email detected and blocked by Exchange Online Protection (EOP) and Defender for Office 365. The report provides the count of email messages with malicious content. For example: Files or website addresses (URLs) that were blocked by the anti-malware engine, Files or messages affected by zero-hour auto purge (ZAP), Files or messages that were blocked by Defender for Office 365 features: Safe Links, Safe Attachments, and impersonation protection features in anti-phishing policies.

Threat Protection Status Report Detects Internal Spearphishing attacks by the report capturing and displaying files or messages that were blocked by Safe Links, Safe Attachments, and impersonation protection features in phishing policies.

License Requirements: 
Exchange Online Protection, Microsoft Defender for Office 365 plan 1 and plan 2, Microsoft Defender XDR","https://learn.microsoft.com/en-us/microsoft-365/security/office-365-security/reports-email-security?view=o365-worldwide#threat-protection-status-report"
"DEF-TPSR-E3","Threat Protection Status Report","m365-defender","Microsoft 365 Defender","T1566","Phishing","Initial Access","detect","partial","Threat protection status report is a single view that brings together information about malicious content and malicious email detected and blocked by Exchange Online Protection (EOP) and Defender for Office 365. The report provides the count of email messages with malicious content. For example: Files or website addresses (URLs) that were blocked by the anti-malware engine, Files or messages affected by zero-hour auto purge (ZAP), Files or messages that were blocked by Defender for Office 365 features: Safe Links, Safe Attachments, and impersonation protection features in anti-phishing policies.

Threat Protection Status Report Detects Phishing attacks by the report capturing and displaying files or messages that were blocked by Safe Links, Safe Attachments, and impersonation protection features in phishing policies.

License Requirements: 
Exchange Online Protection, Microsoft Defender for Office 365 plan 1 and plan 2, Microsoft Defender XDR","https://learn.microsoft.com/en-us/microsoft-365/security/office-365-security/reports-email-security?view=o365-worldwide#threat-protection-status-report"
"DEF-TPSR-E3","Threat Protection Status Report","m365-defender","Microsoft 365 Defender","T1566.001","Spearphishing Attachment","Initial Access","detect","partial","Threat protection status report is a single view that brings together information about malicious content and malicious email detected and blocked by Exchange Online Protection (EOP) and Defender for Office 365. The report provides the count of email messages with malicious content. For example: Files or website addresses (URLs) that were blocked by the anti-malware engine, Files or messages affected by zero-hour auto purge (ZAP), Files or messages that were blocked by Defender for Office 365 features: Safe Links, Safe Attachments, and impersonation protection features in anti-phishing policies.

Threat Protection Status Report Detects Spearphishing Attachment attacks by the report capturing and displaying files or messages that were blocked by Safe Links, Safe Attachments, and impersonation protection features in phishing policies.

License Requirements: 
Exchange Online Protection, Microsoft Defender for Office 365 plan 1 and plan 2, Microsoft Defender XDR","https://learn.microsoft.com/en-us/microsoft-365/security/office-365-security/reports-email-security?view=o365-worldwide#threat-protection-status-report"
"DEF-TPSR-E3","Threat Protection Status Report","m365-defender","Microsoft 365 Defender","T1566.002","Spearphishing Link","Initial Access","detect","partial","Threat protection status report is a single view that brings together information about malicious content and malicious email detected and blocked by Exchange Online Protection (EOP) and Defender for Office 365. The report provides the count of email messages with malicious content. For example: Files or website addresses (URLs) that were blocked by the anti-malware engine, Files or messages affected by zero-hour auto purge (ZAP), Files or messages that were blocked by Defender for Office 365 features: Safe Links, Safe Attachments, and impersonation protection features in anti-phishing policies.

Threat Protection Status Report Detects Spearphishing Link attacks by the report capturing and displaying files or messages that were blocked by Safe Links, Safe Attachments, and impersonation protection features in phishing policies.

License Requirements: 
Exchange Online Protection, Microsoft Defender for Office 365 plan 1 and plan 2, Microsoft Defender XDR","https://learn.microsoft.com/en-us/microsoft-365/security/office-365-security/reports-email-security?view=o365-worldwide#threat-protection-status-report"
"DEF-TPSR-E3","Threat Protection Status Report","m365-defender","Microsoft 365 Defender","T1656","Impersonation","Defense Evasion","detect","partial","Threat protection status report is a single view that brings together information about malicious content and malicious email detected and blocked by Exchange Online Protection (EOP) and Defender for Office 365. The report provides the count of email messages with malicious content. For example: Files or website addresses (URLs) that were blocked by the anti-malware engine, Files or messages affected by zero-hour auto purge (ZAP), Files or messages that were blocked by Defender for Office 365 features: Safe Links, Safe Attachments, and impersonation protection features in anti-phishing policies.

Threat Protection Status Report Detects Impersonation attacks by the report capturing and displaying files or messages that were blocked by Safe Links, Safe Attachments, and impersonation protection features in phishing policies.

License Requirements: 
Exchange Online Protection, Microsoft Defender for Office 365 plan 1 and plan 2, Microsoft Defender XDR","https://learn.microsoft.com/en-us/microsoft-365/security/office-365-security/reports-email-security?view=o365-worldwide#threat-protection-status-report"
"DEF-SLNK-E3","Safe Links","m365-defender","Microsoft 365 Defender","T1204","User Execution","Execution","detect","significant","Microsoft Defender for O365 Safe Links scanning protects your organization from malicious links that are used in phishing and other attacks. Safe Links provides URL scanning and rewriting of inbound email messages during mail flow, and time-of-click verification of URLs and links in email messages, Teams, and supported Office 365 apps. 

Safe Links Detects User Execution attacks due to Safe Links immediately checking the URL's before opening the websites. If the URL points to a website that has been determined to be malicious, a malicious website warning page opens.

License Requirements:
Microsoft Defender for Office 365 plan 1 and plan 2, Microsoft Defender XDR
","https://learn.microsoft.com/en-us/microsoft-365/security/office-365-security/safe-links-about?view=o365-worldwide#safe-links-settings-for-email-messages"
"DEF-SLNK-E3","Safe Links","m365-defender","Microsoft 365 Defender","T1204.001","Malicious Link","Execution","detect","significant","Microsoft Defender for O365 Safe Links scanning protects your organization from malicious links that are used in phishing and other attacks. Safe Links provides URL scanning and rewriting of inbound email messages during mail flow, and time-of-click verification of URLs and links in email messages, Teams, and supported Office 365 apps. 

Safe Links Detects Malicious Links attacks due to Safe Links immediately checking the URL's before opening the websites. If the URL points to a website that has been determined to be malicious, a malicious website warning page opens.

License Requirements:
Microsoft Defender for Office 365 plan 1 and plan 2, Microsoft Defender XDR","https://learn.microsoft.com/en-us/microsoft-365/security/office-365-security/safe-links-about?view=o365-worldwide#safe-links-settings-for-email-messages"
"DEF-SLNK-E3","Safe Links","m365-defender","Microsoft 365 Defender","T1204.003","Malicious Image","Execution","detect","significant","M365's Safe Attachments is a feature that provides advanced email security by scanning attachments for malicious content and using a virtual environment to check for malicious actions in a process known as detonation. Safe Attachments for SharePoint, OneDrive, and Microsoft Teams operates in real-time to detect against emerging threats. If a suspicious file is identified, this file can be quarantined or blocked access to prevent potential harm. 

License requirements:
Mirosoft 365 E5, Defender for Office Plan 1,  Microsoft 365 E3 with ATP add-on","https://learn.microsoft.com/en-us/microsoft-365/security/office-365-security/safe-attachments-for-spo-odfb-teams-configure?view=o365-worldwide"
"DEF-SLNK-E3","Safe Links","m365-defender","Microsoft 365 Defender","T1534","Internal Spearphishing","Lateral Movement","detect","significant","Microsoft Defender for O365 Safe Links scanning protects your organization from malicious links that are used in phishing and other attacks. Safe Links provides URL scanning and rewriting of inbound email messages during mail flow, and time-of-click verification of URLs and links in email messages, Teams, and supported Office 365 apps. 

Safe Links Detects Internal Spearphishing attacks due to Safe Links immediately checking the URL's before opening the websites. You can add entries to the existing policies or configure different lists in different Safe Links policies to determine if certain websites are necessary for business operations. If the URL points to a website that has been identified as a phishing attack, a Phishing attempt warning page will open. 

License Requirements:
Microsoft Defender for Office 365 plan 1 and plan 2, Microsoft Defender XDR","https://learn.microsoft.com/en-us/microsoft-365/security/office-365-security/safe-links-about?view=o365-worldwide#safe-links-settings-for-email-messages"
"DEF-SLNK-E3","Safe Links","m365-defender","Microsoft 365 Defender","T1566","Phishing","Initial Access","detect","significant","Microsoft Defender for O365 Safe Links scanning protects your organization from malicious links that are used in phishing and other attacks. Safe Links provides URL scanning and rewriting of inbound email messages during mail flow, and time-of-click verification of URLs and links in email messages, Teams, and supported Office 365 apps. 

Safe Links Detects Phishing attacks due to Safe Links immediately checking the URL's before opening the websites. If the URL points to a website that has been identified as a phishing attack, a Phishing attempt warning page will open. 

License Requirements:
Microsoft Defender for Office 365 plan 1 and plan 2, Microsoft Defender XDR","https://learn.microsoft.com/en-us/microsoft-365/security/office-365-security/safe-links-about?view=o365-worldwide#safe-links-settings-for-email-messages"
"DEF-SLNK-E3","Safe Links","m365-defender","Microsoft 365 Defender","T1566.002","Spearphishing Link","Initial Access","detect","significant","Microsoft Defender for O365 Safe Links scanning protects your organization from malicious links that are used in phishing and other attacks. Safe Links provides URL scanning and rewriting of inbound email messages during mail flow, and time-of-click verification of URLs and links in email messages, Teams, and supported Office 365 apps. 

Safe Links Detects Spearphishing attacks due to Safe Links immediately checking the URL's before opening the websites. You can add entries to the existing policies or configure different lists in different Safe Links policies to determine if certain websites are necessary for business operations. If the URL points to a website that has been identified as a phishing attack, a Phishing attempt warning page will open. 

License Requirements:
Microsoft Defender for Office 365 plan 1 and plan 2, Microsoft Defender XDR","https://learn.microsoft.com/en-us/microsoft-365/security/office-365-security/safe-links-about?view=o365-worldwide#safe-links-settings-for-email-messages"
"DEF-AAPH-E5","Advanced Anti-Phishing ","m365-defender","Microsoft 365 Defender","T1534","Internal Spearphishing","Lateral Movement","protect","partial","The Advanced Anti-phishing control includes features that can be used to Respond to unusual communication patterns that may indicate Internal Spearphishing. AAP for Defender for O365 supports impersonation protection, which provides multiple options in reaction to a detected impersonation attempt. For example, the ability to redirect the email to specified recipients, add new recipients as Bcc, send it to the Junk Email folder, place the message in quarantine, or even automatically delete it. This scores Partial in the Respond category for its ability to potentially contain the impact of or alert others to the need to remediate internal spearphishing attempts.

License Requirements:
Microsoft 365 Enterprise E5 (includes Defender for Office 365 Plan 2)","https://learn.microsoft.com/en-us/microsoft-365/security/office-365-security/anti-phishing-protection-about?view=o365-worldwide; https://learn.microsoft.com/en-us/microsoft-365/security/office-365-security/anti-phishing-policies-about?view=o365-worldwide#impersonation-settings-in-anti-phishing-policies-in-microsoft-defender-for-office-365"
"DEF-AAPH-E5","Advanced Anti-Phishing ","m365-defender","Microsoft 365 Defender","T1534","Internal Spearphishing","Lateral Movement","detect","partial","The Advanced Anti-phishing control includes features that can be used to detect and warn users against unusual communication patterns that may indicate Internal Spearphishing. The first contact safety tip, which will report the first time a user gets a message from a sender, or if they often don???t get messages from that sender may alert users to suspicious communications from legitimate, but unexpected users in their organization. This scores Partial in the Detect category for its near real-time processing and indication of unexpected email communications. Detection of suspicious communication will not be equally accurate, depending on the accounts in question. 

License Requirements:
Microsoft 365 Enterprise E5 (includes Defender for Office 365 Plan 2)","https://learn.microsoft.com/en-us/microsoft-365/security/office-365-security/anti-phishing-protection-about?view=o365-worldwide; https://learn.microsoft.com/en-us/microsoft-365/security/office-365-security/anti-phishing-policies-about?view=o365-worldwide#first-contact-safety-tip; https://learn.microsoft.com/en-us/microsoft-365/security/office-365-security/anti-phishing-policies-about?view=o365-worldwide#impersonation-settings-in-anti-phishing-policies-in-microsoft-defender-for-office-365"
"DEF-AAPH-E5","Advanced Anti-Phishing ","m365-defender","Microsoft 365 Defender","T1566","Phishing","Initial Access","respond","partial","The Advanced Anti-phishing control includes respond mechanisms that can be used to quarantine and limit user interaction with phishing messages, including those that contain Spearphishing Attachments and Links, that employ email as the means of communication. This covers responses to some, but not all of this technique???s sub-techniques, resulting in an overall score of Partial for the Respond category. 

License Requirements:
Microsoft 365 Enterprise E5 (includes Defender for Office 365 Plan 2)","https://learn.microsoft.com/en-us/microsoft-365/security/office-365-security/quarantine-about?view=o365-worldwide; https://learn.microsoft.com/en-us/microsoft-365/security/office-365-security/anti-phishing-policies-about?view=o365-worldwide#spoof-protection-and-sender-dmarc-policies; https://learn.microsoft.com/en-us/microsoft-365/security/office-365-security/anti-phishing-policies-about?view=o365-worldwide"
"DEF-AAPH-E5","Advanced Anti-Phishing ","m365-defender","Microsoft 365 Defender","T1566","Phishing","Initial Access","detect","partial","The Advanced Anti-phishing control includes features that may detect phishing messages, including those that contain Spearphishing Attachments and Links, that employ email as the means of communication. In particular, AAP may identify and isolate spoofing attempts and warn of unusual communication patterns for the sender???s email. This covers detection of some, but not all of this technique???s sub-techniques, resulting in an overall score of Partial for the Detect category. 

License Requirements:
Microsoft 365 Enterprise E5 (includes Defender for Office 365 Plan 2)","https://learn.microsoft.com/en-us/microsoft-365/security/office-365-security/anti-phishing-protection-about?view=o365-worldwide; https://learn.microsoft.com/en-us/microsoft-365/security/office-365-security/anti-phishing-policies-about?view=o365-worldwide#spoof-settings; https://learn.microsoft.com/en-us/microsoft-365/security/office-365-security/anti-phishing-policies-about?view=o365-worldwide"
"DEF-AAPH-E5","Advanced Anti-Phishing ","m365-defender","Microsoft 365 Defender","T1566","Phishing","Initial Access","protect","partial","The Advanced Anti-phishing control includes configurable policies that protect against methods of phishing, including those that contain Spearphishing Attachments and Links, that employ email as the means of communication. This covers protection against some, but not all of this technique???s sub-techniques, resulting in an overall score of Partial for the Protect category. 

License Requirements:
Microsoft 365 Enterprise E5 (includes Defender for Office 365 Plan 2)","https://learn.microsoft.com/en-us/microsoft-365/security/office-365-security/anti-phishing-protection-about?view=o365-worldwide; https://learn.microsoft.com/en-us/microsoft-365/security/office-365-security/anti-phishing-policies-about?view=o365-worldwide#first-contact-safety-tip; https://learn.microsoft.com/en-us/microsoft-365/security/office-365-security/anti-phishing-policies-about?view=o365-worldwide#unauthenticated-sender-indicators; https://learn.microsoft.com/en-us/microsoft-365/security/office-365-security/anti-phishing-policies-about?view=o365-worldwide"
"DEF-AAPH-E5","Advanced Anti-Phishing ","m365-defender","Microsoft 365 Defender","T1566.001","Spearphishing Attachment","Initial Access","respond","partial","The Advanced Anti-phishing control includes several mechanisms that can be used to respond to malicious emails targeting users with Spearphishing Attachments. Responses include the ability to automatically move suspicious messages to the Junk Email, but additional settings also exist that allow a message to be quarantined or rejected.  Spoof settings also allow for different quarantine policies, which define how users can interact with these messages. This scores Partial for the Respond category for its ability to contain, possibly quarantine and limit user interaction with flagged emails. Note the response will be insufficient in the event a user interacts with and executes the malicious Spearphishing attachment.

License Requirements:
Microsoft 365 Enterprise E5 (includes Defender for Office 365 Plan 2)","https://learn.microsoft.com/en-us/microsoft-365/security/office-365-security/quarantine-about?view=o365-worldwide; https://learn.microsoft.com/en-us/microsoft-365/security/office-365-security/anti-phishing-policies-about?view=o365-worldwide#spoof-protection-and-sender-dmarc-policies; https://learn.microsoft.com/en-us/microsoft-365/security/office-365-security/anti-phishing-policies-about?view=o365-worldwide"
"DEF-AAPH-E5","Advanced Anti-Phishing ","m365-defender","Microsoft 365 Defender","T1566.001","Spearphishing Attachment","Initial Access","detect","significant","The Advanced Anti-phishing control includes several mechanisms that can detect and warn a user against suspicious emails and reduce the likelihood of the user falling victim to malicious emails with Spearphishing Attachments. Detections include implicit email authentication, which include unauthenticated sender indicators that warn the user of potential email spoofing based on SPF or DMARC checks, and first contact safety tip, which will report the first time a user gets a message from a sender, or if they often don???t get messages from that sender. This scores Significant for the Detect category, for its high coverage against email coming emails, near real-time processing of new emails, and fairly accurate detection rates. Note that AAP is focused on detecting malicious emails, not the processing and analysis of attachments.  

License Requirements:
Microsoft 365 Enterprise E5 (includes Defender for Office 365 Plan 2)","https://learn.microsoft.com/en-us/microsoft-365/security/office-365-security/anti-phishing-protection-about?view=o365-worldwide; https://learn.microsoft.com/en-us/microsoft-365/security/office-365-security/anti-phishing-policies-about?view=o365-worldwide#spoof-settings; https://learn.microsoft.com/en-us/microsoft-365/security/office-365-security/anti-phishing-policies-about?view=o365-worldwide"
"DEF-AAPH-E5","Advanced Anti-Phishing ","m365-defender","Microsoft 365 Defender","T1566.001","Spearphishing Attachment","Initial Access","protect","partial","The Advanced Anti-phishing control includes configurable policies that control anti-phishing protection settings that can help protect users by filtering out and even blocking suspicious emails, and reduce the likelihood of the user falling victim to malicious emails with Spearphishing Attachments. These protection policies are configurable across different user groups, and can be tied to Actions designed to help organizations Respond to the suspicious messages. This scores Partial in the Protect category for its ability to minimize, filter, and flag potentially malicious emails end users receive. However, it should be noted that the AAP control on its own may not further protect against a user proceeding to interact with malicious attachments in a flagged email, depending on how an organization configures follow up Actions and how a user may interact with the message. 

License Requirements:
Microsoft 365 Enterprise E5 (includes Defender for Office 365 Plan 2)","https://learn.microsoft.com/en-us/microsoft-365/security/office-365-security/anti-phishing-protection-about?view=o365-worldwide; https://learn.microsoft.com/en-us/microsoft-365/security/office-365-security/anti-phishing-policies-about?view=o365-worldwide#first-contact-safety-tip; https://learn.microsoft.com/en-us/microsoft-365/security/office-365-security/anti-phishing-policies-about?view=o365-worldwide#unauthenticated-sender-indicators; https://learn.microsoft.com/en-us/microsoft-365/security/office-365-security/anti-phishing-policies-about?view=o365-worldwide"
"DEF-AAPH-E5","Advanced Anti-Phishing ","m365-defender","Microsoft 365 Defender","T1566.002","Spearphishing Link","Initial Access","respond","partial","The Advanced Anti-phishing control includes several mechanisms that can be used to respond to malicious emails targeting users with Spearphishing Links. Responses include the ability to automatically move suspicious messages to the Junk Email, but additional settings also exist that allow a message to be quarantined or rejected.  Spoof settings also allow for different quarantine policies, which define how users can interact with these messages. This scores Partial for the Respond category for its ability to contain, possibly quarantine and limit user interaction with flagged emails. Note the response will be insufficient in the event a user clicks on, interacts with, and falls victim to the result of a malicious link. 
License Requirements:
Microsoft 365 Enterprise E5 (includes Defender for Office 365 Plan 2)","https://learn.microsoft.com/en-us/microsoft-365/security/office-365-security/quarantine-about?view=o365-worldwide; https://learn.microsoft.com/en-us/microsoft-365/security/office-365-security/anti-phishing-policies-about?view=o365-worldwide#spoof-protection-and-sender-dmarc-policies; https://learn.microsoft.com/en-us/microsoft-365/security/office-365-security/anti-phishing-policies-about?view=o365-worldwide"
"DEF-AAPH-E5","Advanced Anti-Phishing ","m365-defender","Microsoft 365 Defender","T1566.002","Spearphishing Link","Initial Access","detect","significant","The Advanced Anti-phishing control includes several mechanisms that can detect and warn a user against suspicious emails and reduce the likelihood of the user falling victim to malicious emails with Spearphishing Links. Detections include implicit email authentication, which include unauthenticated sender indicators that warn the user of potential email spoofing based on SPF or DMARC checks, and first contact safety tip, which will report the first time a user gets a message from a sender, or if they often don???t get messages from that sender. This scores Significant for the Detect category, for its high coverage against email coming emails, near real-time processing of new emails, and fairly accurate detection rates. Note that AAP is focused on detecting suspicious emails, not the processing and detection of potentially malicious email links. 

License Requirements:
Microsoft 365 Enterprise E5 (includes Defender for Office 365 Plan 2)","https://learn.microsoft.com/en-us/microsoft-365/security/office-365-security/anti-phishing-protection-about?view=o365-worldwide; https://learn.microsoft.com/en-us/microsoft-365/security/office-365-security/anti-phishing-policies-about?view=o365-worldwide#spoof-settings; https://learn.microsoft.com/en-us/microsoft-365/security/office-365-security/anti-phishing-policies-about?view=o365-worldwide"
"DEF-AAPH-E5","Advanced Anti-Phishing ","m365-defender","Microsoft 365 Defender","T1566.002","Spearphishing Link","Initial Access","protect","partial","The Advanced Anti-phishing control includes configurable policies that control anti-phishing protection settings that can help protect users by filtering out and even blocking suspicious emails, and reduce the likelihood of the user falling victim to malicious emails with Spearphishing Links. These protection policies are configurable across different user groups, and can be tied to Actions designed to help organizations Respond to the suspicious messages. This scores Partial in the Protect category for its ability to minimize, filter, and flag potentially malicious emails end users receive. However, it should be noted that the AAP control on its own may not further protect against a user proceeding to click on a malicious link in a flagged email, depending on how an organization configures follow up Actions and how a user may interact with the message. 

License Requirements:
Microsoft 365 Enterprise E5 (includes Defender for Office 365 Plan 2)","https://learn.microsoft.com/en-us/microsoft-365/security/office-365-security/anti-phishing-protection-about?view=o365-worldwide; https://learn.microsoft.com/en-us/microsoft-365/security/office-365-security/anti-phishing-policies-about?view=o365-worldwide#first-contact-safety-tip; https://learn.microsoft.com/en-us/microsoft-365/security/office-365-security/anti-phishing-policies-about?view=o365-worldwide#unauthenticated-sender-indicators; https://learn.microsoft.com/en-us/microsoft-365/security/office-365-security/anti-phishing-policies-about?view=o365-worldwide"
"DEF-AAPH-E5","Advanced Anti-Phishing ","m365-defender","Microsoft 365 Defender","T1656","Impersonation","Defense Evasion","respond","minimal","The Advanced Anti-phishing control includes several mechanisms that can be used to respond to malicious emails detected that may be part of Impersonation using email communications. Responses include the ability to automatically move suspicious messages to the Junk Email, but additional settings also exist that allow a message to be quarantined or rejected.  Spoof settings also allow for different quarantine policies, which define how users can interact with these messages. This scores Minimal for the Respond category, due to relatively low or no coverage against the scope of the Impersonation technique and its example procedures.

License Requirements:
Microsoft 365 Enterprise E5 (includes Defender for Office 365 Plan 2)","https://learn.microsoft.com/en-us/microsoft-365/security/office-365-security/anti-phishing-protection-about?view=o365-worldwide; https://www.microsoft.com/en-us/security/business/security-101/what-is-business-email-compromise-bec#:~:text=Business%20email%20compromise%20(BEC)%20is%20a%20type%20of%20cybercrime%20where; can%20use%20in%20another%20scam."
"DEF-AAPH-E5","Advanced Anti-Phishing ","m365-defender","Microsoft 365 Defender","T1656","Impersonation","Defense Evasion","detect","minimal","The Advanced Anti-phishing control includes several mechanisms that can detect and warn a user against suspicious emails and reduce the likelihood of the user falling victim to suspicious email communications resulting from Impersonation. Detections include implicit email authentication, which include unauthenticated sender indicators that warn the user of potential email spoofing based on SPF or DMARC checks, and first contact safety tip, which will report the first time a user gets a message from a sender, or if they often don???t get messages from that sender. This scores Minimal for the Detect category, due to relatively low or no coverage against the scope of the Impersonation technique and its example procedures. However, against specific email-based implementations, coverage will be near real-time and high for the criteria covered. 

License Requirements:
Microsoft 365 Enterprise E5 (includes Defender for Office 365 Plan 2)","https://learn.microsoft.com/en-us/microsoft-365/security/office-365-security/anti-phishing-protection-about?view=o365-worldwide; https://www.microsoft.com/en-us/security/business/security-101/what-is-business-email-compromise-bec#:~:text=Business%20email%20compromise%20(BEC)%20is%20a%20type%20of%20cybercrime%20where; can%20use%20in%20another%20scam."
"DEF-AAPH-E5","Advanced Anti-Phishing ","m365-defender","Microsoft 365 Defender","T1656","Impersonation","Defense Evasion","protect","minimal","The Advanced Anti-phishing control includes configurable policies that control anti-phishing protection settings that can help protect in the event of business email compromise and email fraud campaigns, which may help protect against some methods of Impersonation. These protection policies are configurable across different user groups, and can be tied to Actions designed to help organizations Respond to the suspicious messages. This scores Minimal in the Protect category given the ability to flag potentially malicious emails provides relatively low or no coverage against the scope of the Impersonation technique and its example procedures. 

License Requirements:
Microsoft 365 Enterprise E5 (includes Defender for Office 365 Plan 2)","https://learn.microsoft.com/en-us/microsoft-365/security/office-365-security/anti-phishing-protection-about?view=o365-worldwide; https://www.microsoft.com/en-us/security/business/security-101/what-is-business-email-compromise-bec#:~:text=Business%20email%20compromise%20(BEC)%20is%20a%20type%20of%20cybercrime%20where; can%20use%20in%20another%20scam."
"EOP-ASP-E3","AntiSpam","eop","Exchange Online Protection","T1534","Internal Spearphishing","Lateral Movement","protect","significant","In Microsoft 365 organizations with mailboxes in Exchange Online or standalone Exchange Online Protection (EOP) organizations without Exchange Online mailboxes, email messages are automatically protected against spam (junk email) by EOP.

To help reduce junk email, EOP includes junk email protection that uses proprietary spam filtering (also known as content filtering) technologies to identify and separate junk email from legitimate email. EOP spam filtering learns from known spam and phishing threats and user feedback from our consumer platform.

License requirements: M365 E3","https://learn.microsoft.com/en-us/microsoft-365/security/office-365-security/anti-spam-policies-configure?view=o365-worldwide; https://learn.microsoft.com/en-us/microsoft-365/security/office-365-security/anti-spam-protection-about?view=o365-worldwide"
"EOP-ASP-E3","AntiSpam","eop","Exchange Online Protection","T1566","Phishing","Initial Access","protect","significant","In Microsoft 365 organizations with mailboxes in Exchange Online or standalone Exchange Online Protection (EOP) organizations without Exchange Online mailboxes, email messages are automatically protected against spam (junk email) by EOP.

To help reduce junk email, EOP includes junk email protection that uses proprietary spam filtering (also known as content filtering) technologies to identify and separate junk email from legitimate email. EOP spam filtering learns from known spam and phishing threats and user feedback from our consumer platform.

License requirements: M365 E3","https://learn.microsoft.com/en-us/microsoft-365/security/office-365-security/anti-spam-policies-configure?view=o365-worldwide; https://learn.microsoft.com/en-us/microsoft-365/security/office-365-security/anti-spam-protection-about?view=o365-worldwide"
"EOP-ASP-E3","AntiSpam","eop","Exchange Online Protection","T1566.001","Spearphishing Attachment","Initial Access","protect","significant","In Microsoft 365 organizations with mailboxes in Exchange Online or standalone Exchange Online Protection (EOP) organizations without Exchange Online mailboxes, email messages are automatically protected against spam (junk email) by EOP.

To help reduce junk email, EOP includes junk email protection that uses proprietary spam filtering (also known as content filtering) technologies to identify and separate junk email from legitimate email. EOP spam filtering learns from known spam and phishing threats and user feedback from our consumer platform.

License requirements: M365 E3","https://learn.microsoft.com/en-us/microsoft-365/security/office-365-security/anti-spam-policies-configure?view=o365-worldwide; https://learn.microsoft.com/en-us/microsoft-365/security/office-365-security/anti-spam-protection-about?view=o365-worldwide"
"EOP-ASP-E3","AntiSpam","eop","Exchange Online Protection","T1566.002","Spearphishing Link","Initial Access","protect","significant","In Microsoft 365 organizations with mailboxes in Exchange Online or standalone Exchange Online Protection (EOP) organizations without Exchange Online mailboxes, email messages are automatically protected against spam (junk email) by EOP.

To help reduce junk email, EOP includes junk email protection that uses proprietary spam filtering (also known as content filtering) technologies to identify and separate junk email from legitimate email. EOP spam filtering learns from known spam and phishing threats and user feedback from our consumer platform.

License requirements: M365 E3","https://learn.microsoft.com/en-us/microsoft-365/security/office-365-security/anti-spam-policies-configure?view=o365-worldwide; https://learn.microsoft.com/en-us/microsoft-365/security/office-365-security/anti-spam-protection-about?view=o365-worldwide"
"EOP-ASP-E3","AntiSpam","eop","Exchange Online Protection","T1656","Impersonation","Defense Evasion","protect","significant","In Microsoft 365 organizations with mailboxes in Exchange Online or standalone Exchange Online Protection (EOP) organizations without Exchange Online mailboxes, email messages are automatically protected against spam (junk email) by EOP.

To help reduce junk email, EOP includes junk email protection that uses proprietary spam filtering (also known as content filtering) technologies to identify and separate junk email from legitimate email. EOP spam filtering learns from known spam and phishing threats and user feedback from our consumer platform.

License requirements: M365 E3","https://learn.microsoft.com/en-us/microsoft-365/security/office-365-security/anti-spam-policies-configure?view=o365-worldwide; https://learn.microsoft.com/en-us/microsoft-365/security/office-365-security/anti-spam-protection-about?view=o365-worldwide"
"DEF-ASP-E3","Anti-Spoofing","m365-defender","Microsoft 365 Defender","T1534","Internal Spearphishing","Lateral Movement","detect","significant","The anti-spoofing technology in Microsoft O365 specifically examines forgery of the From header in the message body, because that header value is the message sender that's shown in email clients. When EOP has high confidence that the From header is forged, the message is identified as spoofed. The following anti-spoofing technologies are available in Microsoft O365: email authentication, spoof intelligence insight, allow or block spoofed senders in the tenant allow/block List, anti-phishing policies, and spoof detections report

Microsoft O365's anti-spoofing technology detects Internal Spearphishing attacks due to spoof detections report, where users can view information about phishing attempts 

License Requirements: 
Microsoft Exchange Online Protection, Defender for Office 365 plan 1 and plan 2, Microsoft XDR","https://learn.microsoft.com/en-us/microsoft-365/security/office-365-security/anti-phishing-protection-spoofing-about?view=o365-worldwide"
"DEF-ASP-E3","Anti-Spoofing","m365-defender","Microsoft 365 Defender","T1566","Phishing","Initial Access","protect","significant","The anti-spoofing technology in Microsoft O365 specifically examines forgery of the From header in the message body, because that header value is the message sender that's shown in email clients. When EOP has high confidence that the From header is forged, the message is identified as spoofed. The following anti-spoofing technologies are available in Microsoft O365: email authentication, spoof intelligence insight, allow or block spoofed senders in the tenant allow/block List, anti-phishing policies, and spoof detections report

Microsoft O365's anti-spoofing technology protects from Phishing attacks due to it's mechanisms provided which provides email authentication by DKIM, and anti-phishing policies

License Requirements: 
Microsoft Exchange Online Protection, Defender for Office 365 plan 1 and plan 2, Microsoft XDR","https://learn.microsoft.com/en-us/microsoft-365/security/office-365-security/anti-phishing-protection-spoofing-about?view=o365-worldwide"
"DEF-ASP-E3","Anti-Spoofing","m365-defender","Microsoft 365 Defender","T1566.002","Spearphishing Link","Initial Access","protect","significant","The anti-spoofing technology in Microsoft O365 specifically examines forgery of the From header in the message body, because that header value is the message sender that's shown in email clients. When EOP has high confidence that the From header is forged, the message is identified as spoofed. The following anti-spoofing technologies are available in Microsoft O365: email authentication, spoof intelligence insight, allow or block spoofed senders in the tenant allow/block List, anti-phishing policies, and spoof detections report

Microsoft O365's anti-spoofing technology protects from Spearphishing Link attacks due to it's mechanisms provided which provides email authentication by DKIM, and anti-phishing policies

License Requirements: 
Microsoft Exchange Online Protection, Defender for Office 365 plan 1 and plan 2, Microsoft XDR","https://learn.microsoft.com/en-us/microsoft-365/security/office-365-security/anti-phishing-protection-spoofing-about?view=o365-worldwide"
"DEF-ASP-E3","Anti-Spoofing","m365-defender","Microsoft 365 Defender","T1656","Impersonation","Defense Evasion","protect","significant","The anti-spoofing technology in Microsoft O365 specifically examines forgery of the From header in the message body, because that header value is the message sender that's shown in email clients. When EOP has high confidence that the From header is forged, the message is identified as spoofed. The following anti-spoofing technologies are available in Microsoft O365: email authentication, spoof intelligence insight, allow or block spoofed senders in the tenant allow/block List, anti-phishing policies, and spoof detections report

Microsoft O365's anti-spoofing technology protects from Impersonation attacks due to impersonation protection provided with anti-phishing policies.

License Requirements: 
Microsoft Exchange Online Protection, Defender for Office 365 plan 1 and plan 2, Microsoft XDR","https://learn.microsoft.com/en-us/microsoft-365/security/office-365-security/anti-phishing-protection-spoofing-about?view=o365-worldwide"
"PUR-INPR-E5","Information Protection","purview","Microsoft Purview","T1564.012","File/Path Exclusions","Defense Evasion","protect","partial","Purview's Information Protection capabilities allow for several restrictions to be placed on files. External users or users with insufficient privileges can have read-only mode enforced, ensuring that nothing gets written to excluded locations in the file system.",""
"PUR-INPR-E5","Information Protection","purview","Microsoft Purview","T1020","Automated Exfiltration","Exfiltration","protect","significant","Defender for Cloud Apps file policies allow you to enforce a wide range of automated processes. Policies can be set to provide Information Protection, including continuous compliance scans, legal eDiscovery tasks, and DLP for sensitive content shared publicly. 

Information Protection Protects from Automated Exfiltration attacks due to Information Protection preventing company data from being exfiltrated by external users, by blocking file downloads in real time, using the Defender for Cloud Apps session controls.

License Requirements: 
Microsoft Defender for Office 365 plan 1 and plan 2","https://learn.microsoft.com/en-us/defender-cloud-apps/policies-information-protection"
"PUR-INPR-E5","Information Protection","purview","Microsoft Purview","T1048","Exfiltration Over Alternative Protocol","Exfiltration","protect","significant","Defender for Cloud Apps file policies allow you to enforce a wide range of automated processes. Policies can be set to provide Information Protection, including continuous compliance scans, legal eDiscovery tasks, and DLP for sensitive content shared publicly. 

Information Protection Protects from Exfiltration Over Alternative Protocol attacks due to it preventing users from uploading unprotected data to the cloud, by using the Defender for Cloud Apps session controls.

License Requirements: 
Microsoft Defender for Office 365 plan 1 and plan 2","https://learn.microsoft.com/en-us/defender-cloud-apps/policies-information-protection"
"PUR-INPR-E5","Information Protection","purview","Microsoft Purview","T1070","Indicator Removal","Defense Evasion","protect","significant","Defender for Cloud Apps file policies allow you to enforce a wide range of automated processes. Policies can be set to provide Information Protection, including continuous compliance scans, legal eDiscovery tasks, and DLP for sensitive content shared publicly. 

Information Protection Protects from Indicator Removal attacks due to it encrypting files containing personally identifying information and other sensitive data that is shared in a cloud app and applying sensitivity labels to limit access only to employees in your company.

License Requirements: 
Microsoft Defender for Office 365 plan 1 and plan 2","https://learn.microsoft.com/en-us/defender-cloud-apps/policies-information-protection"
"PUR-INPR-E5","Information Protection","purview","Microsoft Purview","T1070.001","Clear Windows Event Logs","Defense Evasion","protect","significant","Defender for Cloud Apps file policies allow you to enforce a wide range of automated processes. Policies can be set to provide Information Protection, including continuous compliance scans, legal eDiscovery tasks, and DLP for sensitive content shared publicly. 

Information Protection Protects from Indicator Removal attacks due to it encrypting files containing personally identifying information and other sensitive data that is shared in a cloud app and applying sensitivity labels to limit access only to employees in your company.

License Requirements: 
Microsoft Defender for Office 365 plan 1 and plan 2","https://learn.microsoft.com/en-us/defender-cloud-apps/policies-information-protection"
"PUR-INPR-E5","Information Protection","purview","Microsoft Purview","T1070.002","Clear Linux or Mac System Logs","Defense Evasion","protect","significant","Defender for Cloud Apps file policies allow you to enforce a wide range of automated processes. Policies can be set to provide Information Protection, including continuous compliance scans, legal eDiscovery tasks, and DLP for sensitive content shared publicly. 

Information Protection Protects from Indicator Removal attacks due to it encrypting files containing personally identifying information and other sensitive data that is shared in a cloud app and applying sensitivity labels to limit access only to employees in your company.

License Requirements: 
Microsoft Defender for Office 365 plan 1 and plan 2","https://learn.microsoft.com/en-us/defender-cloud-apps/policies-information-protection"
"PUR-INPR-E5","Information Protection","purview","Microsoft Purview","T1087","Account Discovery","Discovery","detect","significant","Defender for Cloud Apps file policies allow you to enforce a wide range of automated processes. Policies can be set to provide Information Protection, including continuous compliance scans, legal eDiscovery tasks, and DLP for sensitive content shared publicly. 

Information Protection Detects Account Discovery attacks due to Information Protection Detecting when certain files that belong to a specific user group are being accessed excessively by a user who is not part of the group, which could be a potential insider threat.

License Requirements: 
Microsoft Defender for Office 365 plan 1 and plan 2","https://learn.microsoft.com/en-us/defender-cloud-apps/policies-information-protection"
"PUR-INPR-E5","Information Protection","purview","Microsoft Purview","T1087.004","Cloud Account","Discovery","detect","significant","Defender for Cloud Apps file policies allow you to enforce a wide range of automated processes. Policies can be set to provide Information Protection, including continuous compliance scans, legal eDiscovery tasks, and DLP for sensitive content shared publicly. 

Information Protection Detects Cloud Account attacks due to Information Protection Detecting when certain files that belong to a specific user group are being accessed excessively by a user who is not part of the group, which could be a potential insider threat.

License Requirements: 
Microsoft Defender for Office 365 plan 1 and plan 2","https://learn.microsoft.com/en-us/defender-cloud-apps/policies-information-protection"
"PUR-INPR-E5","Information Protection","purview","Microsoft Purview","T1119","Automated Collection","Collection","protect","significant","Defender for Cloud Apps file policies allow you to enforce a wide range of automated processes. Policies can be set to provide Information Protection, including continuous compliance scans, legal eDiscovery tasks, and DLP for sensitive content shared publicly. 

Information Protection Protects from Automated Collection attacks due to it encrypting files containing personally identifying information and other sensitive data that is shared in a cloud app and applying sensitivity labels to limit access only to employees in your company.

License Requirements: 
Microsoft Defender for Office 365 plan 1 and plan 2","https://learn.microsoft.com/en-us/defender-cloud-apps/policies-information-protection"
"PUR-INPR-E5","Information Protection","purview","Microsoft Purview","T1530","Data from Cloud Storage","Collection","detect","significant","Defender for Cloud Apps file policies allow you to enforce a wide range of automated processes. Policies can be set to provide Information Protection, including continuous compliance scans, legal eDiscovery tasks, and DLP for sensitive content shared publicly. 

Information Protection Protects from Data from Cloud Storage attacks due to it encrypting files containing personally identifying information and other sensitive data that is shared in a cloud app and applying sensitivity labels to limit access only to employees in your company.

License Requirements: 
Microsoft Defender for Office 365 plan 1 and plan 2","https://learn.microsoft.com/en-us/defender-cloud-apps/policies-information-protection"
"PUR-INPR-E5","Information Protection","purview","Microsoft Purview","T1546","Event Triggered Execution","Privilege Escalation, Persistence","detect","significant","Defender for Cloud Apps file policies allow you to enforce a wide range of automated processes. Policies can be set to provide Information Protection, including continuous compliance scans, legal eDiscovery tasks, and DLP for sensitive content shared publicly. 

Information Protection Detects Event Triggered Execution attacks due to Information Protection Detecting when certain files that belong to a specific user group are being accessed excessively by a user who is not part of the group, which could be a potential insider threat.

License Requirements: 
Microsoft Defender for Office 365 plan 1 and plan 2","https://learn.microsoft.com/en-us/defender-cloud-apps/policies-information-protection"
"PUR-INPR-E5","Information Protection","purview","Microsoft Purview","T1552","Unsecured Credentials","Credential Access","detect","significant","Defender for Cloud Apps file policies allow you to enforce a wide range of automated processes. Policies can be set to provide Information Protection, including continuous compliance scans, legal eDiscovery tasks, and DLP for sensitive content shared publicly. 

Information Protection Detects Unsecured Credential attacks due to it detecting and encrypting files containing personally identifying information and other sensitive data that is shared in a cloud app and applying sensitivity labels to limit access only to employees in your company.

License Requirements: 
Microsoft Defender for Office 365 plan 1 and plan 2","https://learn.microsoft.com/en-us/defender-cloud-apps/policies-information-protection"
"PUR-INPR-E5","Information Protection","purview","Microsoft Purview","T1552.008","Chat Messages","Credential Access","detect","significant","Defender for Cloud Apps file policies allow you to enforce a wide range of automated processes. Policies can be set to provide Information Protection, including continuous compliance scans, legal eDiscovery tasks, and DLP for sensitive content shared publicly. 

Information Protection Detects Chat message attacks due to it encrypting files containing personally identifying information and other sensitive data that is shared in a cloud app and applying sensitivity labels to limit access only to employees in your company.

License Requirements: 
Microsoft Defender for Office 365 plan 1 and plan 2","https://learn.microsoft.com/en-us/defender-cloud-apps/policies-information-protection"
"PUR-INPR-E5","Information Protection","purview","Microsoft Purview","T1567","Exfiltration Over Web Service","Exfiltration","protect","significant","Defender for Cloud Apps file policies allow you to enforce a wide range of automated processes. Policies can be set to provide Information Protection, including continuous compliance scans, legal eDiscovery tasks, and DLP for sensitive content shared publicly. 

Information Protection Protects from Exfiltration Over Web Service attacks due to it preventing users from uploading unprotected data to the cloud, by using the Defender for Cloud Apps session controls.

License Requirements: 
Microsoft Defender for Office 365 plan 1 and plan 2","https://learn.microsoft.com/en-us/defender-cloud-apps/policies-information-protection"
"PUR-INPR-E5","Information Protection","purview","Microsoft Purview","T1567.004","Exfiltration Over Webhook","Exfiltration","protect","significant","Defender for Cloud Apps file policies allow you to enforce a wide range of automated processes. Policies can be set to provide Information Protection, including continuous compliance scans, legal eDiscovery tasks, and DLP for sensitive content shared publicly. 

Information Protection Protects from Exfiltration Over Webhook attacks due to it preventing users from uploading unprotected data to the cloud, by using the Defender for Cloud Apps session controls.

License Requirements: 
Microsoft Defender for Office 365 plan 1 and plan 2","https://learn.microsoft.com/en-us/defender-cloud-apps/policies-information-protection"
"DEF-THTR-E5","Threat Tracker","m365-defender","Microsoft 365 Defender","T1566","Phishing","Initial Access","detect","minimal","The Threat Tracker control includes noteworthy trackers, which highlights newly detected malicious files found with Safe Attachments, that may alert on Phishing emails, if they contain malicious attachments. Specifically, noteworthy trackers will highlight malicious files that were not previously found by Microsoft in your email flow or in other customers??? emails. This scores Minimal for Detection, based on the low coverage of this technique???s sub-techniques and procedures. 

License Requirements:
Microsoft 365 Enterprise E5 (includes Defender for Office 365 Plan 2)","https://learn.microsoft.com/en-us/microsoft-365/security/office-365-security/threat-trackers?view=o365-worldwide#trackers-and-microsoft-defender-for-office-365"
"DEF-THTR-E5","Threat Tracker","m365-defender","Microsoft 365 Defender","T1566.001","Spearphishing Attachment","Initial Access","detect","partial","The Threat Tracker control includes noteworthy trackers, which highlights newly detected malicious files found with Safe Attachments, that may alert on malicious Spearphishing Attachments. Specifically, noteworthy trackers will highlight malicious files that were not previously found by Microsoft in your email flow or in other customers??? emails. This scores Partial for Detection,  for the ability to highlight potential new threats , although it is the Safe Attachments control that denotes and analyzes email attachments to begin with. 

License Requirements:
Microsoft 365 Enterprise E5 (includes Defender for Office 365 Plan 2)","https://learn.microsoft.com/en-us/microsoft-365/security/office-365-security/threat-trackers?view=o365-worldwide#trackers-and-microsoft-defender-for-office-365"
"CS-SENTINEL","Critical Start Sentinel Rules","sentinel","Microsoft Sentinel","T1090","Proxy","Command and Control","detect","partial","Technique covered by Critical Start (CS-) analytics rules in Microsoft Sentinel",""
"CS-SENTINEL","Critical Start Sentinel Rules","sentinel","Microsoft Sentinel","T1205","Traffic Signaling","Defense Evasion, Persistence, Command and Control","detect","partial","Technique covered by Critical Start (CS-) analytics rules in Microsoft Sentinel",""
"CS-SENTINEL","Critical Start Sentinel Rules","sentinel","Microsoft Sentinel","T1571","Non-Standard Port","Command and Control","detect","partial","Technique covered by Critical Start (CS-) analytics rules in Microsoft Sentinel",""
"CS-SENTINEL","Critical Start Sentinel Rules","sentinel","Microsoft Sentinel","T1599","Network Boundary Bridging","Defense Evasion","detect","partial","Technique covered by Critical Start (CS-) analytics rules in Microsoft Sentinel",""
"CS-SENTINEL","Critical Start Sentinel Rules","sentinel","Microsoft Sentinel","T1105","Ingress Tool Transfer","Command and Control","detect","partial","Technique covered by Critical Start (CS-) analytics rules in Microsoft Sentinel",""
"CS-SENTINEL","Critical Start Sentinel Rules","sentinel","Microsoft Sentinel","T1203","Exploitation for Client Execution","Execution","detect","partial","Technique covered by Critical Start (CS-) analytics rules in Microsoft Sentinel",""
"CS-SENTINEL","Critical Start Sentinel Rules","sentinel","Microsoft Sentinel","T1071.001","Web Protocols","Command and Control","detect","partial","Technique covered by Critical Start (CS-) analytics rules in Microsoft Sentinel",""
"CS-SENTINEL","Critical Start Sentinel Rules","sentinel","Microsoft Sentinel","T1595","Active Scanning","Reconnaissance","detect","partial","Technique covered by Critical Start (CS-) analytics rules in Microsoft Sentinel",""
"CS-SENTINEL","Critical Start Sentinel Rules","sentinel","Microsoft Sentinel","T1190","Exploit Public-Facing Application","Initial Access","detect","partial","Technique covered by Critical Start (CS-) analytics rules in Microsoft Sentinel",""
"CS-SENTINEL","Critical Start Sentinel Rules","sentinel","Microsoft Sentinel","T1499","Endpoint Denial of Service","Impact","detect","partial","Technique covered by Critical Start (CS-) analytics rules in Microsoft Sentinel",""
"CS-SENTINEL","Critical Start Sentinel Rules","sentinel","Microsoft Sentinel","T1218","System Binary Proxy Execution","Defense Evasion","detect","partial","Technique covered by Critical Start (CS-) analytics rules in Microsoft Sentinel",""
"CS-SENTINEL","Critical Start Sentinel Rules","sentinel","Microsoft Sentinel","T1059.003","Windows Command Shell","Execution","detect","partial","Technique covered by Critical Start (CS-) analytics rules in Microsoft Sentinel",""
"CS-SENTINEL","Critical Start Sentinel Rules","sentinel","Microsoft Sentinel","T1490","Inhibit System Recovery","Impact","detect","partial","Technique covered by Critical Start (CS-) analytics rules in Microsoft Sentinel",""
"CS-SENTINEL","Critical Start Sentinel Rules","sentinel","Microsoft Sentinel","T1489","Service Stop","Impact","detect","partial","Technique covered by Critical Start (CS-) analytics rules in Microsoft Sentinel",""
"CS-SENTINEL","Critical Start Sentinel Rules","sentinel","Microsoft Sentinel","T1218.007","Msiexec","Defense Evasion","detect","partial","Technique covered by Critical Start (CS-) analytics rules in Microsoft Sentinel",""
"CS-SENTINEL","Critical Start Sentinel Rules","sentinel","Microsoft Sentinel","T1562.001","Disable or Modify Tools","Defense Evasion","detect","partial","Technique covered by Critical Start (CS-) analytics rules in Microsoft Sentinel",""
"CS-SENTINEL","Critical Start Sentinel Rules","sentinel","Microsoft Sentinel","T1620","Reflective Code Loading","Defense Evasion","detect","partial","Technique covered by Critical Start (CS-) analytics rules in Microsoft Sentinel",""
"CS-SENTINEL","Critical Start Sentinel Rules","sentinel","Microsoft Sentinel","T1218.001","Compiled HTML File","Defense Evasion","detect","partial","Technique covered by Critical Start (CS-) analytics rules in Microsoft Sentinel",""
"CS-SENTINEL","Critical Start Sentinel Rules","sentinel","Microsoft Sentinel","T1505.003","Web Shell","Persistence","detect","partial","Technique covered by Critical Start (CS-) analytics rules in Microsoft Sentinel",""
"CS-SENTINEL","Critical Start Sentinel Rules","sentinel","Microsoft Sentinel","T1137.001","Office Template Macros","Persistence","detect","partial","Technique covered by Critical Start (CS-) analytics rules in Microsoft Sentinel",""
"CS-SENTINEL","Critical Start Sentinel Rules","sentinel","Microsoft Sentinel","T1021.001","Remote Desktop Protocol","Lateral Movement","detect","partial","Technique covered by Critical Start (CS-) analytics rules in Microsoft Sentinel",""
"CS-SENTINEL","Critical Start Sentinel Rules","sentinel","Microsoft Sentinel","T1005","Data from Local System","Collection","detect","partial","Technique covered by Critical Start (CS-) analytics rules in Microsoft Sentinel",""
"CS-SENTINEL","Critical Start Sentinel Rules","sentinel","Microsoft Sentinel","T1059.005","Visual Basic","Execution","detect","partial","Technique covered by Critical Start (CS-) analytics rules in Microsoft Sentinel",""
"CS-SENTINEL","Critical Start Sentinel Rules","sentinel","Microsoft Sentinel","T1218.011","Rundll32","Defense Evasion","detect","partial","Technique covered by Critical Start (CS-) analytics rules in Microsoft Sentinel",""
"CS-SENTINEL","Critical Start Sentinel Rules","sentinel","Microsoft Sentinel","T1614.001","System Language Discovery","Discovery","detect","partial","Technique covered by Critical Start (CS-) analytics rules in Microsoft Sentinel",""
"CS-SENTINEL","Critical Start Sentinel Rules","sentinel","Microsoft Sentinel","T1562.004","Disable or Modify System Firewall","Defense Evasion","detect","partial","Technique covered by Critical Start (CS-) analytics rules in Microsoft Sentinel",""
"CS-SENTINEL","Critical Start Sentinel Rules","sentinel","Microsoft Sentinel","T1537","Transfer Data to Cloud Account","Exfiltration","detect","partial","Technique covered by Critical Start (CS-) analytics rules in Microsoft Sentinel",""
"CS-SENTINEL","Critical Start Sentinel Rules","sentinel","Microsoft Sentinel","T1137.005","Outlook Rules","Persistence","detect","partial","Technique covered by Critical Start (CS-) analytics rules in Microsoft Sentinel",""
"CS-SENTINEL","Critical Start Sentinel Rules","sentinel","Microsoft Sentinel","T1055","Process Injection","Defense Evasion, Privilege Escalation","detect","partial","Technique covered by Critical Start (CS-) analytics rules in Microsoft Sentinel",""
"CS-SENTINEL","Critical Start Sentinel Rules","sentinel","Microsoft Sentinel","T1547","Boot or Logon Autostart Execution","Persistence, Privilege Escalation","detect","partial","Technique covered by Critical Start (CS-) analytics rules in Microsoft Sentinel",""
"CS-SENTINEL","Critical Start Sentinel Rules","sentinel","Microsoft Sentinel","T1083","File and Directory Discovery","Discovery","detect","partial","Technique covered by Critical Start (CS-) analytics rules in Microsoft Sentinel",""
"CS-SENTINEL","Critical Start Sentinel Rules","sentinel","Microsoft Sentinel","T1563.002","RDP Hijacking","Lateral Movement","detect","partial","Technique covered by Critical Start (CS-) analytics rules in Microsoft Sentinel",""
"CS-SENTINEL","Critical Start Sentinel Rules","sentinel","Microsoft Sentinel","T1012","Query Registry","Discovery","detect","partial","Technique covered by Critical Start (CS-) analytics rules in Microsoft Sentinel",""
"CS-SENTINEL","Critical Start Sentinel Rules","sentinel","Microsoft Sentinel","T1552.002","Credentials in Registry","Credential Access","detect","partial","Technique covered by Critical Start (CS-) analytics rules in Microsoft Sentinel",""
"CS-SENTINEL","Critical Start Sentinel Rules","sentinel","Microsoft Sentinel","T1608.001","Upload Malware","Resource Development","detect","partial","Technique covered by Critical Start (CS-) analytics rules in Microsoft Sentinel",""
"CS-SENTINEL","Critical Start Sentinel Rules","sentinel","Microsoft Sentinel","T1568.002","Domain Generation Algorithms","Command and Control","detect","partial","Technique covered by Critical Start (CS-) analytics rules in Microsoft Sentinel",""
"CS-SENTINEL","Critical Start Sentinel Rules","sentinel","Microsoft Sentinel","T1132.001","Standard Encoding","Command and Control","detect","partial","Technique covered by Critical Start (CS-) analytics rules in Microsoft Sentinel",""
"CS-SENTINEL","Critical Start Sentinel Rules","sentinel","Microsoft Sentinel","T1014","Rootkit","Defense Evasion","detect","partial","Technique covered by Critical Start (CS-) analytics rules in Microsoft Sentinel",""
"CS-SENTINEL","Critical Start Sentinel Rules","sentinel","Microsoft Sentinel","T1548.002","Bypass User Account Control","Privilege Escalation, Defense Evasion","detect","partial","Technique covered by Critical Start (CS-) analytics rules in Microsoft Sentinel",""
"CS-SENTINEL","Critical Start Sentinel Rules","sentinel","Microsoft Sentinel","T1562.006","Indicator Blocking","Defense Evasion","detect","partial","Technique covered by Critical Start (CS-) analytics rules in Microsoft Sentinel",""
"CS-SENTINEL","Critical Start Sentinel Rules","sentinel","Microsoft Sentinel","T1547.001","Registry Run Keys / Startup Folder","Persistence, Privilege Escalation","detect","partial","Technique covered by Critical Start (CS-) analytics rules in Microsoft Sentinel",""
"CS-SENTINEL","Critical Start Sentinel Rules","sentinel","Microsoft Sentinel","T1140","Deobfuscate/Decode Files or Information","Defense Evasion","detect","partial","Technique covered by Critical Start (CS-) analytics rules in Microsoft Sentinel",""
"CS-SENTINEL","Critical Start Sentinel Rules","sentinel","Microsoft Sentinel","T1135","Network Share Discovery","Discovery","detect","partial","Technique covered by Critical Start (CS-) analytics rules in Microsoft Sentinel",""
"CS-SENTINEL","Critical Start Sentinel Rules","sentinel","Microsoft Sentinel","T1570","Lateral Tool Transfer","Lateral Movement","detect","partial","Technique covered by Critical Start (CS-) analytics rules in Microsoft Sentinel",""
"CS-SENTINEL","Critical Start Sentinel Rules","sentinel","Microsoft Sentinel","T1112","Modify Registry","Defense Evasion, Persistence","detect","partial","Technique covered by Critical Start (CS-) analytics rules in Microsoft Sentinel",""
"CS-SENTINEL","Critical Start Sentinel Rules","sentinel","Microsoft Sentinel","T1053.005","Scheduled Task","Execution, Persistence, Privilege Escalation","detect","partial","Technique covered by Critical Start (CS-) analytics rules in Microsoft Sentinel",""
"CS-SENTINEL","Critical Start Sentinel Rules","sentinel","Microsoft Sentinel","T1195.002","Compromise Software Supply Chain","Initial Access","detect","partial","Technique covered by Critical Start (CS-) analytics rules in Microsoft Sentinel",""
"CS-SENTINEL","Critical Start Sentinel Rules","sentinel","Microsoft Sentinel","T1021.004","SSH","Lateral Movement","detect","partial","Technique covered by Critical Start (CS-) analytics rules in Microsoft Sentinel",""
"CS-SENTINEL","Critical Start Sentinel Rules","sentinel","Microsoft Sentinel","T1564.003","Hidden Window","Defense Evasion","detect","partial","Technique covered by Critical Start (CS-) analytics rules in Microsoft Sentinel",""
"CS-SENTINEL","Critical Start Sentinel Rules","sentinel","Microsoft Sentinel","T1498","Network Denial of Service","Impact","detect","partial","Technique covered by Critical Start (CS-) analytics rules in Microsoft Sentinel",""
"CS-SENTINEL","Critical Start Sentinel Rules","sentinel","Microsoft Sentinel","T1562.002","Disable Windows Event Logging","Defense Evasion","detect","partial","Technique covered by Critical Start (CS-) analytics rules in Microsoft Sentinel",""
"CS-SENTINEL","Critical Start Sentinel Rules","sentinel","Microsoft Sentinel","T1197","BITS Jobs","Defense Evasion, Persistence","detect","partial","Technique covered by Critical Start (CS-) analytics rules in Microsoft Sentinel",""
"CS-SENTINEL","Critical Start Sentinel Rules","sentinel","Microsoft Sentinel","T1059.007","JavaScript","Execution","detect","partial","Technique covered by Critical Start (CS-) analytics rules in Microsoft Sentinel",""
"UNCOVERED","No Coverage","gap","Coverage Gap","T1001","Data Obfuscation","Command and Control","none","none","Technique not covered by M365 security controls or Critical Start Sentinel rules",""
"UNCOVERED","No Coverage","gap","Coverage Gap","T1001.001","Junk Data","Command and Control","none","none","Technique not covered by M365 security controls or Critical Start Sentinel rules",""
"UNCOVERED","No Coverage","gap","Coverage Gap","T1001.002","Steganography","Command and Control","none","none","Technique not covered by M365 security controls or Critical Start Sentinel rules",""
"UNCOVERED","No Coverage","gap","Coverage Gap","T1001.003","Protocol or Service Impersonation","Command and Control","none","none","Technique not covered by M365 security controls or Critical Start Sentinel rules",""
"UNCOVERED","No Coverage","gap","Coverage Gap","T1003.001","LSASS Memory","Credential Access","none","none","Technique not covered by M365 security controls or Critical Start Sentinel rules",""
"UNCOVERED","No Coverage","gap","Coverage Gap","T1003.002","Security Account Manager","Credential Access","none","none","Technique not covered by M365 security controls or Critical Start Sentinel rules",""
"UNCOVERED","No Coverage","gap","Coverage Gap","T1003.004","LSA Secrets","Credential Access","none","none","Technique not covered by M365 security controls or Critical Start Sentinel rules",""
"UNCOVERED","No Coverage","gap","Coverage Gap","T1003.005","Cached Domain Credentials","Credential Access","none","none","Technique not covered by M365 security controls or Critical Start Sentinel rules",""
"UNCOVERED","No Coverage","gap","Coverage Gap","T1003.007","Proc Filesystem","Credential Access","none","none","Technique not covered by M365 security controls or Critical Start Sentinel rules",""
"UNCOVERED","No Coverage","gap","Coverage Gap","T1003.008","/etc/passwd and /etc/shadow","Credential Access","none","none","Technique not covered by M365 security controls or Critical Start Sentinel rules",""
"UNCOVERED","No Coverage","gap","Coverage Gap","T1006","Direct Volume Access","Defense Evasion","none","none","Technique not covered by M365 security controls or Critical Start Sentinel rules",""
"UNCOVERED","No Coverage","gap","Coverage Gap","T1007","System Service Discovery","Discovery","none","none","Technique not covered by M365 security controls or Critical Start Sentinel rules",""
"UNCOVERED","No Coverage","gap","Coverage Gap","T1008","Fallback Channels","Command and Control","none","none","Technique not covered by M365 security controls or Critical Start Sentinel rules",""
"UNCOVERED","No Coverage","gap","Coverage Gap","T1010","Application Window Discovery","Discovery","none","none","Technique not covered by M365 security controls or Critical Start Sentinel rules",""
"UNCOVERED","No Coverage","gap","Coverage Gap","T1011.001","Exfiltration Over Bluetooth","Exfiltration","none","none","Technique not covered by M365 security controls or Critical Start Sentinel rules",""
"UNCOVERED","No Coverage","gap","Coverage Gap","T1016","System Network Configuration Discovery","Discovery","none","none","Technique not covered by M365 security controls or Critical Start Sentinel rules",""
"UNCOVERED","No Coverage","gap","Coverage Gap","T1020.001","Traffic Duplication","Exfiltration","none","none","Technique not covered by M365 security controls or Critical Start Sentinel rules",""
"UNCOVERED","No Coverage","gap","Coverage Gap","T1021.003","Distributed Component Object Model","Lateral Movement","none","none","Technique not covered by M365 security controls or Critical Start Sentinel rules",""
"UNCOVERED","No Coverage","gap","Coverage Gap","T1021.005","VNC","Lateral Movement","none","none","Technique not covered by M365 security controls or Critical Start Sentinel rules",""
"UNCOVERED","No Coverage","gap","Coverage Gap","T1021.006","Windows Remote Management","Lateral Movement","none","none","Technique not covered by M365 security controls or Critical Start Sentinel rules",""
"UNCOVERED","No Coverage","gap","Coverage Gap","T1025","Data from Removable Media","Collection","none","none","Technique not covered by M365 security controls or Critical Start Sentinel rules",""
"UNCOVERED","No Coverage","gap","Coverage Gap","T1027.001","Binary Padding","Defense Evasion","none","none","Technique not covered by M365 security controls or Critical Start Sentinel rules",""
"UNCOVERED","No Coverage","gap","Coverage Gap","T1027.002","Software Packing","Defense Evasion","none","none","Technique not covered by M365 security controls or Critical Start Sentinel rules",""
"UNCOVERED","No Coverage","gap","Coverage Gap","T1027.003","Steganography","Defense Evasion","none","none","Technique not covered by M365 security controls or Critical Start Sentinel rules",""
"UNCOVERED","No Coverage","gap","Coverage Gap","T1027.004","Compile After Delivery","Defense Evasion","none","none","Technique not covered by M365 security controls or Critical Start Sentinel rules",""
"UNCOVERED","No Coverage","gap","Coverage Gap","T1027.005","Indicator Removal from Tools","Defense Evasion","none","none","Technique not covered by M365 security controls or Critical Start Sentinel rules",""
"UNCOVERED","No Coverage","gap","Coverage Gap","T1027.015","Compression","Defense Evasion","none","none","Technique not covered by M365 security controls or Critical Start Sentinel rules",""
"UNCOVERED","No Coverage","gap","Coverage Gap","T1027.016","Junk Code Insertion","Defense Evasion","none","none","Technique not covered by M365 security controls or Critical Start Sentinel rules",""
"UNCOVERED","No Coverage","gap","Coverage Gap","T1027.017","SVG Smuggling","Defense Evasion","none","none","Technique not covered by M365 security controls or Critical Start Sentinel rules",""
"UNCOVERED","No Coverage","gap","Coverage Gap","T1029","Scheduled Transfer","Exfiltration","none","none","Technique not covered by M365 security controls or Critical Start Sentinel rules",""
"UNCOVERED","No Coverage","gap","Coverage Gap","T1030","Data Transfer Size Limits","Exfiltration","none","none","Technique not covered by M365 security controls or Critical Start Sentinel rules",""
"UNCOVERED","No Coverage","gap","Coverage Gap","T1033","System Owner/User Discovery","Discovery","none","none","Technique not covered by M365 security controls or Critical Start Sentinel rules",""
"UNCOVERED","No Coverage","gap","Coverage Gap","T1036.002","Right-to-Left Override","Defense Evasion","none","none","Technique not covered by M365 security controls or Critical Start Sentinel rules",""
"UNCOVERED","No Coverage","gap","Coverage Gap","T1036.003","Rename Legitimate Utilities","Defense Evasion","none","none","Technique not covered by M365 security controls or Critical Start Sentinel rules",""
"UNCOVERED","No Coverage","gap","Coverage Gap","T1036.004","Masquerade Task or Service","Defense Evasion","none","none","Technique not covered by M365 security controls or Critical Start Sentinel rules",""
"UNCOVERED","No Coverage","gap","Coverage Gap","T1036.011","Overwrite Process Arguments","Defense Evasion","none","none","Technique not covered by M365 security controls or Critical Start Sentinel rules",""
"UNCOVERED","No Coverage","gap","Coverage Gap","T1036.012","Browser Fingerprint","Defense Evasion","none","none","Technique not covered by M365 security controls or Critical Start Sentinel rules",""
"UNCOVERED","No Coverage","gap","Coverage Gap","T1037","Boot or Logon Initialization Scripts","Persistence, Privilege Escalation","none","none","Technique not covered by M365 security controls or Critical Start Sentinel rules",""
"UNCOVERED","No Coverage","gap","Coverage Gap","T1037.001","Logon Script (Windows)","Persistence, Privilege Escalation","none","none","Technique not covered by M365 security controls or Critical Start Sentinel rules",""
"UNCOVERED","No Coverage","gap","Coverage Gap","T1037.002","Login Hook","Persistence, Privilege Escalation","none","none","Technique not covered by M365 security controls or Critical Start Sentinel rules",""
"UNCOVERED","No Coverage","gap","Coverage Gap","T1037.003","Network Logon Script","Persistence, Privilege Escalation","none","none","Technique not covered by M365 security controls or Critical Start Sentinel rules",""
"UNCOVERED","No Coverage","gap","Coverage Gap","T1037.004","RC Scripts","Persistence, Privilege Escalation","none","none","Technique not covered by M365 security controls or Critical Start Sentinel rules",""
"UNCOVERED","No Coverage","gap","Coverage Gap","T1037.005","Startup Items","Persistence, Privilege Escalation","none","none","Technique not covered by M365 security controls or Critical Start Sentinel rules",""
"UNCOVERED","No Coverage","gap","Coverage Gap","T1039","Data from Network Shared Drive","Collection","none","none","Technique not covered by M365 security controls or Critical Start Sentinel rules",""
"UNCOVERED","No Coverage","gap","Coverage Gap","T1041","Exfiltration Over C2 Channel","Exfiltration","none","none","Technique not covered by M365 security controls or Critical Start Sentinel rules",""
"UNCOVERED","No Coverage","gap","Coverage Gap","T1048.001","Exfiltration Over Symmetric Encrypted Non-C2 Protocol","Exfiltration","none","none","Technique not covered by M365 security controls or Critical Start Sentinel rules",""
"UNCOVERED","No Coverage","gap","Coverage Gap","T1048.002","Exfiltration Over Asymmetric Encrypted Non-C2 Protocol","Exfiltration","none","none","Technique not covered by M365 security controls or Critical Start Sentinel rules",""
"UNCOVERED","No Coverage","gap","Coverage Gap","T1052","Exfiltration Over Physical Medium","Exfiltration","none","none","Technique not covered by M365 security controls or Critical Start Sentinel rules",""
"UNCOVERED","No Coverage","gap","Coverage Gap","T1052.001","Exfiltration over USB","Exfiltration","none","none","Technique not covered by M365 security controls or Critical Start Sentinel rules",""
"UNCOVERED","No Coverage","gap","Coverage Gap","T1053","Scheduled Task/Job","Execution, Persistence, Privilege Escalation","none","none","Technique not covered by M365 security controls or Critical Start Sentinel rules",""
"UNCOVERED","No Coverage","gap","Coverage Gap","T1053.002","At","Execution, Persistence, Privilege Escalation","none","none","Technique not covered by M365 security controls or Critical Start Sentinel rules",""
"UNCOVERED","No Coverage","gap","Coverage Gap","T1053.003","Cron","Execution, Persistence, Privilege Escalation","none","none","Technique not covered by M365 security controls or Critical Start Sentinel rules",""
"UNCOVERED","No Coverage","gap","Coverage Gap","T1053.006","Systemd Timers","Execution, Persistence, Privilege Escalation","none","none","Technique not covered by M365 security controls or Critical Start Sentinel rules",""
"UNCOVERED","No Coverage","gap","Coverage Gap","T1055.001","Dynamic-link Library Injection","Defense Evasion, Privilege Escalation","none","none","Technique not covered by M365 security controls or Critical Start Sentinel rules",""
"UNCOVERED","No Coverage","gap","Coverage Gap","T1055.002","Portable Executable Injection","Defense Evasion, Privilege Escalation","none","none","Technique not covered by M365 security controls or Critical Start Sentinel rules",""
"UNCOVERED","No Coverage","gap","Coverage Gap","T1055.003","Thread Execution Hijacking","Defense Evasion, Privilege Escalation","none","none","Technique not covered by M365 security controls or Critical Start Sentinel rules",""
"UNCOVERED","No Coverage","gap","Coverage Gap","T1055.004","Asynchronous Procedure Call","Defense Evasion, Privilege Escalation","none","none","Technique not covered by M365 security controls or Critical Start Sentinel rules",""
"UNCOVERED","No Coverage","gap","Coverage Gap","T1055.005","Thread Local Storage","Defense Evasion, Privilege Escalation","none","none","Technique not covered by M365 security controls or Critical Start Sentinel rules",""
"UNCOVERED","No Coverage","gap","Coverage Gap","T1055.008","Ptrace System Calls","Defense Evasion, Privilege Escalation","none","none","Technique not covered by M365 security controls or Critical Start Sentinel rules",""
"UNCOVERED","No Coverage","gap","Coverage Gap","T1055.009","Proc Memory","Defense Evasion, Privilege Escalation","none","none","Technique not covered by M365 security controls or Critical Start Sentinel rules",""
"UNCOVERED","No Coverage","gap","Coverage Gap","T1055.011","Extra Window Memory Injection","Defense Evasion, Privilege Escalation","none","none","Technique not covered by M365 security controls or Critical Start Sentinel rules",""
"UNCOVERED","No Coverage","gap","Coverage Gap","T1055.012","Process Hollowing","Defense Evasion, Privilege Escalation","none","none","Technique not covered by M365 security controls or Critical Start Sentinel rules",""
"UNCOVERED","No Coverage","gap","Coverage Gap","T1055.013","Process Doppelgänging","Defense Evasion, Privilege Escalation","none","none","Technique not covered by M365 security controls or Critical Start Sentinel rules",""
"UNCOVERED","No Coverage","gap","Coverage Gap","T1055.014","VDSO Hijacking","Defense Evasion, Privilege Escalation","none","none","Technique not covered by M365 security controls or Critical Start Sentinel rules",""
"UNCOVERED","No Coverage","gap","Coverage Gap","T1056","Input Capture","Collection, Credential Access","none","none","Technique not covered by M365 security controls or Critical Start Sentinel rules",""
"UNCOVERED","No Coverage","gap","Coverage Gap","T1056.001","Keylogging","Collection, Credential Access","none","none","Technique not covered by M365 security controls or Critical Start Sentinel rules",""
"UNCOVERED","No Coverage","gap","Coverage Gap","T1056.002","GUI Input Capture","Collection, Credential Access","none","none","Technique not covered by M365 security controls or Critical Start Sentinel rules",""
"UNCOVERED","No Coverage","gap","Coverage Gap","T1056.003","Web Portal Capture","Collection, Credential Access","none","none","Technique not covered by M365 security controls or Critical Start Sentinel rules",""
"UNCOVERED","No Coverage","gap","Coverage Gap","T1056.004","Credential API Hooking","Collection, Credential Access","none","none","Technique not covered by M365 security controls or Critical Start Sentinel rules",""
"UNCOVERED","No Coverage","gap","Coverage Gap","T1057","Process Discovery","Discovery","none","none","Technique not covered by M365 security controls or Critical Start Sentinel rules",""
"UNCOVERED","No Coverage","gap","Coverage Gap","T1059.002","AppleScript","Execution","none","none","Technique not covered by M365 security controls or Critical Start Sentinel rules",""
"UNCOVERED","No Coverage","gap","Coverage Gap","T1059.004","Unix Shell","Execution","none","none","Technique not covered by M365 security controls or Critical Start Sentinel rules",""
"UNCOVERED","No Coverage","gap","Coverage Gap","T1059.008","Network Device CLI","Execution","none","none","Technique not covered by M365 security controls or Critical Start Sentinel rules",""
"UNCOVERED","No Coverage","gap","Coverage Gap","T1059.012","Hypervisor CLI","Execution","none","none","Technique not covered by M365 security controls or Critical Start Sentinel rules",""
"UNCOVERED","No Coverage","gap","Coverage Gap","T1059.013","Container CLI/API","Execution","none","none","Technique not covered by M365 security controls or Critical Start Sentinel rules",""
"UNCOVERED","No Coverage","gap","Coverage Gap","T1069.001","Local Groups","Discovery","none","none","Technique not covered by M365 security controls or Critical Start Sentinel rules",""
"UNCOVERED","No Coverage","gap","Coverage Gap","T1069.003","Cloud Groups","Discovery","none","none","Technique not covered by M365 security controls or Critical Start Sentinel rules",""
"UNCOVERED","No Coverage","gap","Coverage Gap","T1070.004","File Deletion","Defense Evasion","none","none","Technique not covered by M365 security controls or Critical Start Sentinel rules",""
"UNCOVERED","No Coverage","gap","Coverage Gap","T1070.005","Network Share Connection Removal","Defense Evasion","none","none","Technique not covered by M365 security controls or Critical Start Sentinel rules",""
"UNCOVERED","No Coverage","gap","Coverage Gap","T1070.006","Timestomp","Defense Evasion","none","none","Technique not covered by M365 security controls or Critical Start Sentinel rules",""
"UNCOVERED","No Coverage","gap","Coverage Gap","T1070.007","Clear Network Connection History and Configurations","Defense Evasion","none","none","Technique not covered by M365 security controls or Critical Start Sentinel rules",""
"UNCOVERED","No Coverage","gap","Coverage Gap","T1070.010","Relocate Malware","Defense Evasion","none","none","Technique not covered by M365 security controls or Critical Start Sentinel rules",""
"UNCOVERED","No Coverage","gap","Coverage Gap","T1071.002","File Transfer Protocols","Command and Control","none","none","Technique not covered by M365 security controls or Critical Start Sentinel rules",""
"UNCOVERED","No Coverage","gap","Coverage Gap","T1082","System Information Discovery","Discovery","none","none","Technique not covered by M365 security controls or Critical Start Sentinel rules",""
"UNCOVERED","No Coverage","gap","Coverage Gap","T1087.001","Local Account","Discovery","none","none","Technique not covered by M365 security controls or Critical Start Sentinel rules",""
"UNCOVERED","No Coverage","gap","Coverage Gap","T1087.003","Email Account","Discovery","none","none","Technique not covered by M365 security controls or Critical Start Sentinel rules",""
"UNCOVERED","No Coverage","gap","Coverage Gap","T1090.001","Internal Proxy","Command and Control","none","none","Technique not covered by M365 security controls or Critical Start Sentinel rules",""
"UNCOVERED","No Coverage","gap","Coverage Gap","T1090.002","External Proxy","Command and Control","none","none","Technique not covered by M365 security controls or Critical Start Sentinel rules",""
"UNCOVERED","No Coverage","gap","Coverage Gap","T1090.003","Multi-hop Proxy","Command and Control","none","none","Technique not covered by M365 security controls or Critical Start Sentinel rules",""
"UNCOVERED","No Coverage","gap","Coverage Gap","T1090.004","Domain Fronting","Command and Control","none","none","Technique not covered by M365 security controls or Critical Start Sentinel rules",""
"UNCOVERED","No Coverage","gap","Coverage Gap","T1091","Replication Through Removable Media","Lateral Movement, Initial Access","none","none","Technique not covered by M365 security controls or Critical Start Sentinel rules",""
"UNCOVERED","No Coverage","gap","Coverage Gap","T1092","Communication Through Removable Media","Command and Control","none","none","Technique not covered by M365 security controls or Critical Start Sentinel rules",""
"UNCOVERED","No Coverage","gap","Coverage Gap","T1095","Non-Application Layer Protocol","Command and Control","none","none","Technique not covered by M365 security controls or Critical Start Sentinel rules",""
"UNCOVERED","No Coverage","gap","Coverage Gap","T1098.004","SSH Authorized Keys","Persistence, Privilege Escalation","none","none","Technique not covered by M365 security controls or Critical Start Sentinel rules",""
"UNCOVERED","No Coverage","gap","Coverage Gap","T1102","Web Service","Command and Control","none","none","Technique not covered by M365 security controls or Critical Start Sentinel rules",""
"UNCOVERED","No Coverage","gap","Coverage Gap","T1102.001","Dead Drop Resolver","Command and Control","none","none","Technique not covered by M365 security controls or Critical Start Sentinel rules",""
"UNCOVERED","No Coverage","gap","Coverage Gap","T1102.002","Bidirectional Communication","Command and Control","none","none","Technique not covered by M365 security controls or Critical Start Sentinel rules",""
"UNCOVERED","No Coverage","gap","Coverage Gap","T1102.003","One-Way Communication","Command and Control","none","none","Technique not covered by M365 security controls or Critical Start Sentinel rules",""
"UNCOVERED","No Coverage","gap","Coverage Gap","T1104","Multi-Stage Channels","Command and Control","none","none","Technique not covered by M365 security controls or Critical Start Sentinel rules",""
"UNCOVERED","No Coverage","gap","Coverage Gap","T1106","Native API","Execution","none","none","Technique not covered by M365 security controls or Critical Start Sentinel rules",""
"UNCOVERED","No Coverage","gap","Coverage Gap","T1111","Multi-Factor Authentication Interception","Credential Access","none","none","Technique not covered by M365 security controls or Critical Start Sentinel rules",""
"UNCOVERED","No Coverage","gap","Coverage Gap","T1113","Screen Capture","Collection","none","none","Technique not covered by M365 security controls or Critical Start Sentinel rules",""
"UNCOVERED","No Coverage","gap","Coverage Gap","T1114.001","Local Email Collection","Collection","none","none","Technique not covered by M365 security controls or Critical Start Sentinel rules",""
"UNCOVERED","No Coverage","gap","Coverage Gap","T1115","Clipboard Data","Collection","none","none","Technique not covered by M365 security controls or Critical Start Sentinel rules",""
"UNCOVERED","No Coverage","gap","Coverage Gap","T1120","Peripheral Device Discovery","Discovery","none","none","Technique not covered by M365 security controls or Critical Start Sentinel rules",""
"UNCOVERED","No Coverage","gap","Coverage Gap","T1123","Audio Capture","Collection","none","none","Technique not covered by M365 security controls or Critical Start Sentinel rules",""
"UNCOVERED","No Coverage","gap","Coverage Gap","T1124","System Time Discovery","Discovery","none","none","Technique not covered by M365 security controls or Critical Start Sentinel rules",""
"UNCOVERED","No Coverage","gap","Coverage Gap","T1125","Video Capture","Collection","none","none","Technique not covered by M365 security controls or Critical Start Sentinel rules",""
"UNCOVERED","No Coverage","gap","Coverage Gap","T1127","Trusted Developer Utilities Proxy Execution","Defense Evasion","none","none","Technique not covered by M365 security controls or Critical Start Sentinel rules",""
"UNCOVERED","No Coverage","gap","Coverage Gap","T1127.001","MSBuild","Defense Evasion","none","none","Technique not covered by M365 security controls or Critical Start Sentinel rules",""
"UNCOVERED","No Coverage","gap","Coverage Gap","T1127.003","JamPlus","Defense Evasion","none","none","Technique not covered by M365 security controls or Critical Start Sentinel rules",""
"UNCOVERED","No Coverage","gap","Coverage Gap","T1129","Shared Modules","Execution","none","none","Technique not covered by M365 security controls or Critical Start Sentinel rules",""
"UNCOVERED","No Coverage","gap","Coverage Gap","T1132","Data Encoding","Command and Control","none","none","Technique not covered by M365 security controls or Critical Start Sentinel rules",""
"UNCOVERED","No Coverage","gap","Coverage Gap","T1132.002","Non-Standard Encoding","Command and Control","none","none","Technique not covered by M365 security controls or Critical Start Sentinel rules",""
"UNCOVERED","No Coverage","gap","Coverage Gap","T1134.002","Create Process with Token","Defense Evasion, Privilege Escalation","none","none","Technique not covered by M365 security controls or Critical Start Sentinel rules",""
"UNCOVERED","No Coverage","gap","Coverage Gap","T1134.003","Make and Impersonate Token","Defense Evasion, Privilege Escalation","none","none","Technique not covered by M365 security controls or Critical Start Sentinel rules",""
"UNCOVERED","No Coverage","gap","Coverage Gap","T1134.004","Parent PID Spoofing","Defense Evasion, Privilege Escalation","none","none","Technique not covered by M365 security controls or Critical Start Sentinel rules",""
"UNCOVERED","No Coverage","gap","Coverage Gap","T1136.001","Local Account","Persistence","none","none","Technique not covered by M365 security controls or Critical Start Sentinel rules",""
"UNCOVERED","No Coverage","gap","Coverage Gap","T1136.002","Domain Account","Persistence","none","none","Technique not covered by M365 security controls or Critical Start Sentinel rules",""
"UNCOVERED","No Coverage","gap","Coverage Gap","T1137.002","Office Test","Persistence","none","none","Technique not covered by M365 security controls or Critical Start Sentinel rules",""
"UNCOVERED","No Coverage","gap","Coverage Gap","T1137.003","Outlook Forms","Persistence","none","none","Technique not covered by M365 security controls or Critical Start Sentinel rules",""
"UNCOVERED","No Coverage","gap","Coverage Gap","T1137.004","Outlook Home Page","Persistence","none","none","Technique not covered by M365 security controls or Critical Start Sentinel rules",""
"UNCOVERED","No Coverage","gap","Coverage Gap","T1137.006","Add-ins","Persistence","none","none","Technique not covered by M365 security controls or Critical Start Sentinel rules",""
"UNCOVERED","No Coverage","gap","Coverage Gap","T1176","Software Extensions","Persistence","none","none","Technique not covered by M365 security controls or Critical Start Sentinel rules",""
"UNCOVERED","No Coverage","gap","Coverage Gap","T1176.001","Browser Extensions","Persistence","none","none","Technique not covered by M365 security controls or Critical Start Sentinel rules",""
"UNCOVERED","No Coverage","gap","Coverage Gap","T1176.002","IDE Extensions","Persistence","none","none","Technique not covered by M365 security controls or Critical Start Sentinel rules",""
"UNCOVERED","No Coverage","gap","Coverage Gap","T1185","Browser Session Hijacking","Collection","none","none","Technique not covered by M365 security controls or Critical Start Sentinel rules",""
"UNCOVERED","No Coverage","gap","Coverage Gap","T1195","Supply Chain Compromise","Initial Access","none","none","Technique not covered by M365 security controls or Critical Start Sentinel rules",""
"UNCOVERED","No Coverage","gap","Coverage Gap","T1195.001","Compromise Software Dependencies and Development Tools","Initial Access","none","none","Technique not covered by M365 security controls or Critical Start Sentinel rules",""
"UNCOVERED","No Coverage","gap","Coverage Gap","T1195.003","Compromise Hardware Supply Chain","Initial Access","none","none","Technique not covered by M365 security controls or Critical Start Sentinel rules",""
"UNCOVERED","No Coverage","gap","Coverage Gap","T1200","Hardware Additions","Initial Access","none","none","Technique not covered by M365 security controls or Critical Start Sentinel rules",""
"UNCOVERED","No Coverage","gap","Coverage Gap","T1204.004","Malicious Copy and Paste","Execution","none","none","Technique not covered by M365 security controls or Critical Start Sentinel rules",""
"UNCOVERED","No Coverage","gap","Coverage Gap","T1204.005","Malicious Library","Execution","none","none","Technique not covered by M365 security controls or Critical Start Sentinel rules",""
"UNCOVERED","No Coverage","gap","Coverage Gap","T1205.001","Port Knocking","Defense Evasion, Persistence, Command and Control","none","none","Technique not covered by M365 security controls or Critical Start Sentinel rules",""
"UNCOVERED","No Coverage","gap","Coverage Gap","T1205.002","Socket Filters","Defense Evasion, Persistence, Command and Control","none","none","Technique not covered by M365 security controls or Critical Start Sentinel rules",""
"UNCOVERED","No Coverage","gap","Coverage Gap","T1212","Exploitation for Credential Access","Credential Access","none","none","Technique not covered by M365 security controls or Critical Start Sentinel rules",""
"UNCOVERED","No Coverage","gap","Coverage Gap","T1213.006","Databases","Collection","none","none","Technique not covered by M365 security controls or Critical Start Sentinel rules",""
"UNCOVERED","No Coverage","gap","Coverage Gap","T1216","System Script Proxy Execution","Defense Evasion","none","none","Technique not covered by M365 security controls or Critical Start Sentinel rules",""
"UNCOVERED","No Coverage","gap","Coverage Gap","T1216.001","PubPrn","Defense Evasion","none","none","Technique not covered by M365 security controls or Critical Start Sentinel rules",""
"UNCOVERED","No Coverage","gap","Coverage Gap","T1217","Browser Information Discovery","Discovery","none","none","Technique not covered by M365 security controls or Critical Start Sentinel rules",""
"UNCOVERED","No Coverage","gap","Coverage Gap","T1218.002","Control Panel","Defense Evasion","none","none","Technique not covered by M365 security controls or Critical Start Sentinel rules",""
"UNCOVERED","No Coverage","gap","Coverage Gap","T1218.003","CMSTP","Defense Evasion","none","none","Technique not covered by M365 security controls or Critical Start Sentinel rules",""
"UNCOVERED","No Coverage","gap","Coverage Gap","T1218.004","InstallUtil","Defense Evasion","none","none","Technique not covered by M365 security controls or Critical Start Sentinel rules",""
"UNCOVERED","No Coverage","gap","Coverage Gap","T1218.005","Mshta","Defense Evasion","none","none","Technique not covered by M365 security controls or Critical Start Sentinel rules",""
"UNCOVERED","No Coverage","gap","Coverage Gap","T1218.008","Odbcconf","Defense Evasion","none","none","Technique not covered by M365 security controls or Critical Start Sentinel rules",""
"UNCOVERED","No Coverage","gap","Coverage Gap","T1218.009","Regsvcs/Regasm","Defense Evasion","none","none","Technique not covered by M365 security controls or Critical Start Sentinel rules",""
"UNCOVERED","No Coverage","gap","Coverage Gap","T1218.010","Regsvr32","Defense Evasion","none","none","Technique not covered by M365 security controls or Critical Start Sentinel rules",""
"UNCOVERED","No Coverage","gap","Coverage Gap","T1218.012","Verclsid","Defense Evasion","none","none","Technique not covered by M365 security controls or Critical Start Sentinel rules",""
"UNCOVERED","No Coverage","gap","Coverage Gap","T1218.013","Mavinject","Defense Evasion","none","none","Technique not covered by M365 security controls or Critical Start Sentinel rules",""
"UNCOVERED","No Coverage","gap","Coverage Gap","T1218.014","MMC","Defense Evasion","none","none","Technique not covered by M365 security controls or Critical Start Sentinel rules",""
"UNCOVERED","No Coverage","gap","Coverage Gap","T1219.001","IDE Tunneling","Command and Control","none","none","Technique not covered by M365 security controls or Critical Start Sentinel rules",""
"UNCOVERED","No Coverage","gap","Coverage Gap","T1219.002","Remote Desktop Software","Command and Control","none","none","Technique not covered by M365 security controls or Critical Start Sentinel rules",""
"UNCOVERED","No Coverage","gap","Coverage Gap","T1219.003","Remote Access Hardware","Command and Control","none","none","Technique not covered by M365 security controls or Critical Start Sentinel rules",""
"UNCOVERED","No Coverage","gap","Coverage Gap","T1220","XSL Script Processing","Defense Evasion","none","none","Technique not covered by M365 security controls or Critical Start Sentinel rules",""
"UNCOVERED","No Coverage","gap","Coverage Gap","T1221","Template Injection","Defense Evasion","none","none","Technique not covered by M365 security controls or Critical Start Sentinel rules",""
"UNCOVERED","No Coverage","gap","Coverage Gap","T1222","File and Directory Permissions Modification","Defense Evasion","none","none","Technique not covered by M365 security controls or Critical Start Sentinel rules",""
"UNCOVERED","No Coverage","gap","Coverage Gap","T1222.001","Windows File and Directory Permissions Modification","Defense Evasion","none","none","Technique not covered by M365 security controls or Critical Start Sentinel rules",""
"UNCOVERED","No Coverage","gap","Coverage Gap","T1222.002","Linux and Mac File and Directory Permissions Modification","Defense Evasion","none","none","Technique not covered by M365 security controls or Critical Start Sentinel rules",""
"UNCOVERED","No Coverage","gap","Coverage Gap","T1480","Execution Guardrails","Defense Evasion","none","none","Technique not covered by M365 security controls or Critical Start Sentinel rules",""
"UNCOVERED","No Coverage","gap","Coverage Gap","T1480.001","Environmental Keying","Defense Evasion","none","none","Technique not covered by M365 security controls or Critical Start Sentinel rules",""
"UNCOVERED","No Coverage","gap","Coverage Gap","T1491","Defacement","Impact","none","none","Technique not covered by M365 security controls or Critical Start Sentinel rules",""
"UNCOVERED","No Coverage","gap","Coverage Gap","T1491.001","Internal Defacement","Impact","none","none","Technique not covered by M365 security controls or Critical Start Sentinel rules",""
"UNCOVERED","No Coverage","gap","Coverage Gap","T1491.002","External Defacement","Impact","none","none","Technique not covered by M365 security controls or Critical Start Sentinel rules",""
"UNCOVERED","No Coverage","gap","Coverage Gap","T1495","Firmware Corruption","Impact","none","none","Technique not covered by M365 security controls or Critical Start Sentinel rules",""
"UNCOVERED","No Coverage","gap","Coverage Gap","T1497","Virtualization/Sandbox Evasion","Defense Evasion, Discovery","none","none","Technique not covered by M365 security controls or Critical Start Sentinel rules",""
"UNCOVERED","No Coverage","gap","Coverage Gap","T1497.001","System Checks","Defense Evasion, Discovery","none","none","Technique not covered by M365 security controls or Critical Start Sentinel rules",""
"UNCOVERED","No Coverage","gap","Coverage Gap","T1497.002","User Activity Based Checks","Defense Evasion, Discovery","none","none","Technique not covered by M365 security controls or Critical Start Sentinel rules",""
"UNCOVERED","No Coverage","gap","Coverage Gap","T1497.003","Time Based Checks","Defense Evasion, Discovery","none","none","Technique not covered by M365 security controls or Critical Start Sentinel rules",""
"UNCOVERED","No Coverage","gap","Coverage Gap","T1498.001","Direct Network Flood","Impact","none","none","Technique not covered by M365 security controls or Critical Start Sentinel rules",""
"UNCOVERED","No Coverage","gap","Coverage Gap","T1498.002","Reflection Amplification","Impact","none","none","Technique not covered by M365 security controls or Critical Start Sentinel rules",""
"UNCOVERED","No Coverage","gap","Coverage Gap","T1499.001","OS Exhaustion Flood","Impact","none","none","Technique not covered by M365 security controls or Critical Start Sentinel rules",""
"UNCOVERED","No Coverage","gap","Coverage Gap","T1499.002","Service Exhaustion Flood","Impact","none","none","Technique not covered by M365 security controls or Critical Start Sentinel rules",""
"UNCOVERED","No Coverage","gap","Coverage Gap","T1499.003","Application Exhaustion Flood","Impact","none","none","Technique not covered by M365 security controls or Critical Start Sentinel rules",""
"UNCOVERED","No Coverage","gap","Coverage Gap","T1499.004","Application or System Exploitation","Impact","none","none","Technique not covered by M365 security controls or Critical Start Sentinel rules",""
"UNCOVERED","No Coverage","gap","Coverage Gap","T1505","Server Software Component","Persistence","none","none","Technique not covered by M365 security controls or Critical Start Sentinel rules",""
"UNCOVERED","No Coverage","gap","Coverage Gap","T1505.001","SQL Stored Procedures","Persistence","none","none","Technique not covered by M365 security controls or Critical Start Sentinel rules",""
"UNCOVERED","No Coverage","gap","Coverage Gap","T1505.002","Transport Agent","Persistence","none","none","Technique not covered by M365 security controls or Critical Start Sentinel rules",""
"UNCOVERED","No Coverage","gap","Coverage Gap","T1505.004","IIS Components","Persistence","none","none","Technique not covered by M365 security controls or Critical Start Sentinel rules",""
"UNCOVERED","No Coverage","gap","Coverage Gap","T1505.005","Terminal Services DLL","Persistence","none","none","Technique not covered by M365 security controls or Critical Start Sentinel rules",""
"UNCOVERED","No Coverage","gap","Coverage Gap","T1505.006","vSphere Installation Bundles","Persistence","none","none","Technique not covered by M365 security controls or Critical Start Sentinel rules",""
"UNCOVERED","No Coverage","gap","Coverage Gap","T1518","Software Discovery","Discovery","none","none","Technique not covered by M365 security controls or Critical Start Sentinel rules",""
"UNCOVERED","No Coverage","gap","Coverage Gap","T1518.001","Security Software Discovery","Discovery","none","none","Technique not covered by M365 security controls or Critical Start Sentinel rules",""
"UNCOVERED","No Coverage","gap","Coverage Gap","T1518.002","Backup Software Discovery","Discovery","none","none","Technique not covered by M365 security controls or Critical Start Sentinel rules",""
"UNCOVERED","No Coverage","gap","Coverage Gap","T1525","Implant Internal Image","Persistence","none","none","Technique not covered by M365 security controls or Critical Start Sentinel rules",""
"UNCOVERED","No Coverage","gap","Coverage Gap","T1529","System Shutdown/Reboot","Impact","none","none","Technique not covered by M365 security controls or Critical Start Sentinel rules",""
"UNCOVERED","No Coverage","gap","Coverage Gap","T1542","Pre-OS Boot","Defense Evasion, Persistence","none","none","Technique not covered by M365 security controls or Critical Start Sentinel rules",""
"UNCOVERED","No Coverage","gap","Coverage Gap","T1542.001","System Firmware","Persistence, Defense Evasion","none","none","Technique not covered by M365 security controls or Critical Start Sentinel rules",""
"UNCOVERED","No Coverage","gap","Coverage Gap","T1542.002","Component Firmware","Persistence, Defense Evasion","none","none","Technique not covered by M365 security controls or Critical Start Sentinel rules",""
"UNCOVERED","No Coverage","gap","Coverage Gap","T1542.003","Bootkit","Persistence, Defense Evasion","none","none","Technique not covered by M365 security controls or Critical Start Sentinel rules",""
"UNCOVERED","No Coverage","gap","Coverage Gap","T1542.004","ROMMONkit","Defense Evasion, Persistence","none","none","Technique not covered by M365 security controls or Critical Start Sentinel rules",""
"UNCOVERED","No Coverage","gap","Coverage Gap","T1542.005","TFTP Boot","Defense Evasion, Persistence","none","none","Technique not covered by M365 security controls or Critical Start Sentinel rules",""
"UNCOVERED","No Coverage","gap","Coverage Gap","T1543.001","Launch Agent","Persistence, Privilege Escalation","none","none","Technique not covered by M365 security controls or Critical Start Sentinel rules",""
"UNCOVERED","No Coverage","gap","Coverage Gap","T1543.002","Systemd Service","Persistence, Privilege Escalation","none","none","Technique not covered by M365 security controls or Critical Start Sentinel rules",""
"UNCOVERED","No Coverage","gap","Coverage Gap","T1543.004","Launch Daemon","Persistence, Privilege Escalation","none","none","Technique not covered by M365 security controls or Critical Start Sentinel rules",""
"UNCOVERED","No Coverage","gap","Coverage Gap","T1546.001","Change Default File Association","Privilege Escalation, Persistence","none","none","Technique not covered by M365 security controls or Critical Start Sentinel rules",""
"UNCOVERED","No Coverage","gap","Coverage Gap","T1546.002","Screensaver","Privilege Escalation, Persistence","none","none","Technique not covered by M365 security controls or Critical Start Sentinel rules",""
"UNCOVERED","No Coverage","gap","Coverage Gap","T1546.003","Windows Management Instrumentation Event Subscription","Privilege Escalation, Persistence","none","none","Technique not covered by M365 security controls or Critical Start Sentinel rules",""
"UNCOVERED","No Coverage","gap","Coverage Gap","T1546.004","Unix Shell Configuration Modification","Privilege Escalation, Persistence","none","none","Technique not covered by M365 security controls or Critical Start Sentinel rules",""
"UNCOVERED","No Coverage","gap","Coverage Gap","T1546.005","Trap","Privilege Escalation, Persistence","none","none","Technique not covered by M365 security controls or Critical Start Sentinel rules",""
"UNCOVERED","No Coverage","gap","Coverage Gap","T1546.006","LC_LOAD_DYLIB Addition","Privilege Escalation, Persistence","none","none","Technique not covered by M365 security controls or Critical Start Sentinel rules",""
"UNCOVERED","No Coverage","gap","Coverage Gap","T1546.007","Netsh Helper DLL","Privilege Escalation, Persistence","none","none","Technique not covered by M365 security controls or Critical Start Sentinel rules",""
"UNCOVERED","No Coverage","gap","Coverage Gap","T1546.008","Accessibility Features","Privilege Escalation, Persistence","none","none","Technique not covered by M365 security controls or Critical Start Sentinel rules",""
"UNCOVERED","No Coverage","gap","Coverage Gap","T1546.009","AppCert DLLs","Privilege Escalation, Persistence","none","none","Technique not covered by M365 security controls or Critical Start Sentinel rules",""
"UNCOVERED","No Coverage","gap","Coverage Gap","T1546.010","AppInit DLLs","Privilege Escalation, Persistence","none","none","Technique not covered by M365 security controls or Critical Start Sentinel rules",""
"UNCOVERED","No Coverage","gap","Coverage Gap","T1546.011","Application Shimming","Privilege Escalation, Persistence","none","none","Technique not covered by M365 security controls or Critical Start Sentinel rules",""
"UNCOVERED","No Coverage","gap","Coverage Gap","T1546.012","Image File Execution Options Injection","Privilege Escalation, Persistence","none","none","Technique not covered by M365 security controls or Critical Start Sentinel rules",""
"UNCOVERED","No Coverage","gap","Coverage Gap","T1546.013","PowerShell Profile","Privilege Escalation, Persistence","none","none","Technique not covered by M365 security controls or Critical Start Sentinel rules",""
"UNCOVERED","No Coverage","gap","Coverage Gap","T1546.014","Emond","Privilege Escalation, Persistence","none","none","Technique not covered by M365 security controls or Critical Start Sentinel rules",""
"UNCOVERED","No Coverage","gap","Coverage Gap","T1546.015","Component Object Model Hijacking","Privilege Escalation, Persistence","none","none","Technique not covered by M365 security controls or Critical Start Sentinel rules",""
"UNCOVERED","No Coverage","gap","Coverage Gap","T1546.018","Python Startup Hooks","Persistence, Privilege Escalation","none","none","Technique not covered by M365 security controls or Critical Start Sentinel rules",""
"UNCOVERED","No Coverage","gap","Coverage Gap","T1547.002","Authentication Package","Persistence, Privilege Escalation","none","none","Technique not covered by M365 security controls or Critical Start Sentinel rules",""
"UNCOVERED","No Coverage","gap","Coverage Gap","T1547.003","Time Providers","Persistence, Privilege Escalation","none","none","Technique not covered by M365 security controls or Critical Start Sentinel rules",""
"UNCOVERED","No Coverage","gap","Coverage Gap","T1547.004","Winlogon Helper DLL","Persistence, Privilege Escalation","none","none","Technique not covered by M365 security controls or Critical Start Sentinel rules",""
"UNCOVERED","No Coverage","gap","Coverage Gap","T1547.005","Security Support Provider","Persistence, Privilege Escalation","none","none","Technique not covered by M365 security controls or Critical Start Sentinel rules",""
"UNCOVERED","No Coverage","gap","Coverage Gap","T1547.006","Kernel Modules and Extensions","Persistence, Privilege Escalation","none","none","Technique not covered by M365 security controls or Critical Start Sentinel rules",""
"UNCOVERED","No Coverage","gap","Coverage Gap","T1547.007","Re-opened Applications","Persistence, Privilege Escalation","none","none","Technique not covered by M365 security controls or Critical Start Sentinel rules",""
"UNCOVERED","No Coverage","gap","Coverage Gap","T1547.008","LSASS Driver","Persistence, Privilege Escalation","none","none","Technique not covered by M365 security controls or Critical Start Sentinel rules",""
"UNCOVERED","No Coverage","gap","Coverage Gap","T1547.009","Shortcut Modification","Persistence, Privilege Escalation","none","none","Technique not covered by M365 security controls or Critical Start Sentinel rules",""
"UNCOVERED","No Coverage","gap","Coverage Gap","T1547.010","Port Monitors","Persistence, Privilege Escalation","none","none","Technique not covered by M365 security controls or Critical Start Sentinel rules",""
"UNCOVERED","No Coverage","gap","Coverage Gap","T1547.012","Print Processors","Persistence, Privilege Escalation","none","none","Technique not covered by M365 security controls or Critical Start Sentinel rules",""
"UNCOVERED","No Coverage","gap","Coverage Gap","T1547.013","XDG Autostart Entries","Persistence, Privilege Escalation","none","none","Technique not covered by M365 security controls or Critical Start Sentinel rules",""
"UNCOVERED","No Coverage","gap","Coverage Gap","T1547.014","Active Setup","Persistence, Privilege Escalation","none","none","Technique not covered by M365 security controls or Critical Start Sentinel rules",""
"UNCOVERED","No Coverage","gap","Coverage Gap","T1547.015","Login Items","Persistence, Privilege Escalation","none","none","Technique not covered by M365 security controls or Critical Start Sentinel rules",""
"UNCOVERED","No Coverage","gap","Coverage Gap","T1548.001","Setuid and Setgid","Privilege Escalation, Defense Evasion","none","none","Technique not covered by M365 security controls or Critical Start Sentinel rules",""
"UNCOVERED","No Coverage","gap","Coverage Gap","T1548.003","Sudo and Sudo Caching","Privilege Escalation, Defense Evasion","none","none","Technique not covered by M365 security controls or Critical Start Sentinel rules",""
"UNCOVERED","No Coverage","gap","Coverage Gap","T1548.004","Elevated Execution with Prompt","Privilege Escalation, Defense Evasion","none","none","Technique not covered by M365 security controls or Critical Start Sentinel rules",""
"UNCOVERED","No Coverage","gap","Coverage Gap","T1552.001","Credentials In Files","Credential Access","none","none","Technique not covered by M365 security controls or Critical Start Sentinel rules",""
"UNCOVERED","No Coverage","gap","Coverage Gap","T1552.003","Shell History","Credential Access","none","none","Technique not covered by M365 security controls or Critical Start Sentinel rules",""
"UNCOVERED","No Coverage","gap","Coverage Gap","T1552.005","Cloud Instance Metadata API","Credential Access","none","none","Technique not covered by M365 security controls or Critical Start Sentinel rules",""
"UNCOVERED","No Coverage","gap","Coverage Gap","T1552.006","Group Policy Preferences","Credential Access","none","none","Technique not covered by M365 security controls or Critical Start Sentinel rules",""
"UNCOVERED","No Coverage","gap","Coverage Gap","T1553.001","Gatekeeper Bypass","Defense Evasion","none","none","Technique not covered by M365 security controls or Critical Start Sentinel rules",""
"UNCOVERED","No Coverage","gap","Coverage Gap","T1553.003","SIP and Trust Provider Hijacking","Defense Evasion","none","none","Technique not covered by M365 security controls or Critical Start Sentinel rules",""
"UNCOVERED","No Coverage","gap","Coverage Gap","T1553.004","Install Root Certificate","Defense Evasion","none","none","Technique not covered by M365 security controls or Critical Start Sentinel rules",""
"UNCOVERED","No Coverage","gap","Coverage Gap","T1553.006","Code Signing Policy Modification","Defense Evasion","none","none","Technique not covered by M365 security controls or Critical Start Sentinel rules",""
"UNCOVERED","No Coverage","gap","Coverage Gap","T1555.001","Keychain","Credential Access","none","none","Technique not covered by M365 security controls or Critical Start Sentinel rules",""
"UNCOVERED","No Coverage","gap","Coverage Gap","T1555.002","Securityd Memory","Credential Access","none","none","Technique not covered by M365 security controls or Critical Start Sentinel rules",""
"UNCOVERED","No Coverage","gap","Coverage Gap","T1555.005","Password Managers","Credential Access","none","none","Technique not covered by M365 security controls or Critical Start Sentinel rules",""
"UNCOVERED","No Coverage","gap","Coverage Gap","T1555.006","Cloud Secrets Management Stores","Credential Access","none","none","Technique not covered by M365 security controls or Critical Start Sentinel rules",""
"UNCOVERED","No Coverage","gap","Coverage Gap","T1556.002","Password Filter DLL","Credential Access, Defense Evasion, Persistence","none","none","Technique not covered by M365 security controls or Critical Start Sentinel rules",""
"UNCOVERED","No Coverage","gap","Coverage Gap","T1556.003","Pluggable Authentication Modules","Credential Access, Defense Evasion, Persistence","none","none","Technique not covered by M365 security controls or Critical Start Sentinel rules",""
"UNCOVERED","No Coverage","gap","Coverage Gap","T1556.004","Network Device Authentication","Credential Access, Defense Evasion, Persistence","none","none","Technique not covered by M365 security controls or Critical Start Sentinel rules",""
"UNCOVERED","No Coverage","gap","Coverage Gap","T1556.005","Reversible Encryption","Credential Access, Defense Evasion, Persistence","none","none","Technique not covered by M365 security controls or Critical Start Sentinel rules",""
"UNCOVERED","No Coverage","gap","Coverage Gap","T1556.008","Network Provider DLL","Credential Access, Defense Evasion, Persistence","none","none","Technique not covered by M365 security controls or Critical Start Sentinel rules",""
"UNCOVERED","No Coverage","gap","Coverage Gap","T1557.002","ARP Cache Poisoning","Credential Access, Collection","none","none","Technique not covered by M365 security controls or Critical Start Sentinel rules",""
"UNCOVERED","No Coverage","gap","Coverage Gap","T1557.003","DHCP Spoofing","Credential Access, Collection","none","none","Technique not covered by M365 security controls or Critical Start Sentinel rules",""
"UNCOVERED","No Coverage","gap","Coverage Gap","T1558.002","Silver Ticket","Credential Access","none","none","Technique not covered by M365 security controls or Critical Start Sentinel rules",""
"UNCOVERED","No Coverage","gap","Coverage Gap","T1559","Inter-Process Communication","Execution","none","none","Technique not covered by M365 security controls or Critical Start Sentinel rules",""
"UNCOVERED","No Coverage","gap","Coverage Gap","T1559.001","Component Object Model","Execution","none","none","Technique not covered by M365 security controls or Critical Start Sentinel rules",""
"UNCOVERED","No Coverage","gap","Coverage Gap","T1559.002","Dynamic Data Exchange","Execution","none","none","Technique not covered by M365 security controls or Critical Start Sentinel rules",""
"UNCOVERED","No Coverage","gap","Coverage Gap","T1559.003","XPC Services","Execution","none","none","Technique not covered by M365 security controls or Critical Start Sentinel rules",""
"UNCOVERED","No Coverage","gap","Coverage Gap","T1560","Archive Collected Data","Collection","none","none","Technique not covered by M365 security controls or Critical Start Sentinel rules",""
"UNCOVERED","No Coverage","gap","Coverage Gap","T1560.001","Archive via Utility","Collection","none","none","Technique not covered by M365 security controls or Critical Start Sentinel rules",""
"UNCOVERED","No Coverage","gap","Coverage Gap","T1560.002","Archive via Library","Collection","none","none","Technique not covered by M365 security controls or Critical Start Sentinel rules",""
"UNCOVERED","No Coverage","gap","Coverage Gap","T1560.003","Archive via Custom Method","Collection","none","none","Technique not covered by M365 security controls or Critical Start Sentinel rules",""
"UNCOVERED","No Coverage","gap","Coverage Gap","T1561","Disk Wipe","Impact","none","none","Technique not covered by M365 security controls or Critical Start Sentinel rules",""
"UNCOVERED","No Coverage","gap","Coverage Gap","T1561.001","Disk Content Wipe","Impact","none","none","Technique not covered by M365 security controls or Critical Start Sentinel rules",""
"UNCOVERED","No Coverage","gap","Coverage Gap","T1561.002","Disk Structure Wipe","Impact","none","none","Technique not covered by M365 security controls or Critical Start Sentinel rules",""
"UNCOVERED","No Coverage","gap","Coverage Gap","T1562.003","Impair Command History Logging","Defense Evasion","none","none","Technique not covered by M365 security controls or Critical Start Sentinel rules",""
"UNCOVERED","No Coverage","gap","Coverage Gap","T1562.007","Disable or Modify Cloud Firewall","Defense Evasion","none","none","Technique not covered by M365 security controls or Critical Start Sentinel rules",""
"UNCOVERED","No Coverage","gap","Coverage Gap","T1562.009","Safe Mode Boot","Defense Evasion","none","none","Technique not covered by M365 security controls or Critical Start Sentinel rules",""
"UNCOVERED","No Coverage","gap","Coverage Gap","T1562.010","Downgrade Attack","Defense Evasion","none","none","Technique not covered by M365 security controls or Critical Start Sentinel rules",""
"UNCOVERED","No Coverage","gap","Coverage Gap","T1562.011","Spoof Security Alerting","Defense Evasion","none","none","Technique not covered by M365 security controls or Critical Start Sentinel rules",""
"UNCOVERED","No Coverage","gap","Coverage Gap","T1562.012","Disable or Modify Linux Audit System","Defense Evasion","none","none","Technique not covered by M365 security controls or Critical Start Sentinel rules",""
"UNCOVERED","No Coverage","gap","Coverage Gap","T1562.013","Disable or Modify Network Device Firewall","Defense Evasion","none","none","Technique not covered by M365 security controls or Critical Start Sentinel rules",""
"UNCOVERED","No Coverage","gap","Coverage Gap","T1563","Remote Service Session Hijacking","Lateral Movement","none","none","Technique not covered by M365 security controls or Critical Start Sentinel rules",""
"UNCOVERED","No Coverage","gap","Coverage Gap","T1563.001","SSH Hijacking","Lateral Movement","none","none","Technique not covered by M365 security controls or Critical Start Sentinel rules",""
"UNCOVERED","No Coverage","gap","Coverage Gap","T1564.001","Hidden Files and Directories","Defense Evasion","none","none","Technique not covered by M365 security controls or Critical Start Sentinel rules",""
"UNCOVERED","No Coverage","gap","Coverage Gap","T1564.002","Hidden Users","Defense Evasion","none","none","Technique not covered by M365 security controls or Critical Start Sentinel rules",""
"UNCOVERED","No Coverage","gap","Coverage Gap","T1564.004","NTFS File Attributes","Defense Evasion","none","none","Technique not covered by M365 security controls or Critical Start Sentinel rules",""
"UNCOVERED","No Coverage","gap","Coverage Gap","T1564.005","Hidden File System","Defense Evasion","none","none","Technique not covered by M365 security controls or Critical Start Sentinel rules",""
"UNCOVERED","No Coverage","gap","Coverage Gap","T1564.006","Run Virtual Instance","Defense Evasion","none","none","Technique not covered by M365 security controls or Critical Start Sentinel rules",""
"UNCOVERED","No Coverage","gap","Coverage Gap","T1564.007","VBA Stomping","Defense Evasion","none","none","Technique not covered by M365 security controls or Critical Start Sentinel rules",""
"UNCOVERED","No Coverage","gap","Coverage Gap","T1564.009","Resource Forking","Defense Evasion","none","none","Technique not covered by M365 security controls or Critical Start Sentinel rules",""
"UNCOVERED","No Coverage","gap","Coverage Gap","T1564.010","Process Argument Spoofing","Defense Evasion","none","none","Technique not covered by M365 security controls or Critical Start Sentinel rules",""
"UNCOVERED","No Coverage","gap","Coverage Gap","T1564.011","Ignore Process Interrupts","Defense Evasion","none","none","Technique not covered by M365 security controls or Critical Start Sentinel rules",""
"UNCOVERED","No Coverage","gap","Coverage Gap","T1564.013","Bind Mounts","Defense Evasion","none","none","Technique not covered by M365 security controls or Critical Start Sentinel rules",""
"UNCOVERED","No Coverage","gap","Coverage Gap","T1564.014","Extended Attributes","Defense Evasion","none","none","Technique not covered by M365 security controls or Critical Start Sentinel rules",""
"UNCOVERED","No Coverage","gap","Coverage Gap","T1565.002","Transmitted Data Manipulation","Impact","none","none","Technique not covered by M365 security controls or Critical Start Sentinel rules",""
"UNCOVERED","No Coverage","gap","Coverage Gap","T1565.003","Runtime Data Manipulation","Impact","none","none","Technique not covered by M365 security controls or Critical Start Sentinel rules",""
"UNCOVERED","No Coverage","gap","Coverage Gap","T1566.003","Spearphishing via Service","Initial Access","none","none","Technique not covered by M365 security controls or Critical Start Sentinel rules",""
"UNCOVERED","No Coverage","gap","Coverage Gap","T1566.004","Spearphishing Voice","Initial Access","none","none","Technique not covered by M365 security controls or Critical Start Sentinel rules",""
"UNCOVERED","No Coverage","gap","Coverage Gap","T1567.003","Exfiltration to Text Storage Sites","Exfiltration","none","none","Technique not covered by M365 security controls or Critical Start Sentinel rules",""
"UNCOVERED","No Coverage","gap","Coverage Gap","T1568","Dynamic Resolution","Command and Control","none","none","Technique not covered by M365 security controls or Critical Start Sentinel rules",""
"UNCOVERED","No Coverage","gap","Coverage Gap","T1568.001","Fast Flux DNS","Command and Control","none","none","Technique not covered by M365 security controls or Critical Start Sentinel rules",""
"UNCOVERED","No Coverage","gap","Coverage Gap","T1568.003","DNS Calculation","Command and Control","none","none","Technique not covered by M365 security controls or Critical Start Sentinel rules",""
"UNCOVERED","No Coverage","gap","Coverage Gap","T1569.001","Launchctl","Execution","none","none","Technique not covered by M365 security controls or Critical Start Sentinel rules",""
"UNCOVERED","No Coverage","gap","Coverage Gap","T1569.003","Systemctl","Execution","none","none","Technique not covered by M365 security controls or Critical Start Sentinel rules",""
"UNCOVERED","No Coverage","gap","Coverage Gap","T1572","Protocol Tunneling","Command and Control","none","none","Technique not covered by M365 security controls or Critical Start Sentinel rules",""
"UNCOVERED","No Coverage","gap","Coverage Gap","T1573","Encrypted Channel","Command and Control","none","none","Technique not covered by M365 security controls or Critical Start Sentinel rules",""
"UNCOVERED","No Coverage","gap","Coverage Gap","T1573.001","Symmetric Cryptography","Command and Control","none","none","Technique not covered by M365 security controls or Critical Start Sentinel rules",""
"UNCOVERED","No Coverage","gap","Coverage Gap","T1573.002","Asymmetric Cryptography","Command and Control","none","none","Technique not covered by M365 security controls or Critical Start Sentinel rules",""
"UNCOVERED","No Coverage","gap","Coverage Gap","T1574","Hijack Execution Flow","Persistence, Privilege Escalation, Defense Evasion","none","none","Technique not covered by M365 security controls or Critical Start Sentinel rules",""
"UNCOVERED","No Coverage","gap","Coverage Gap","T1574.001","DLL","Persistence, Privilege Escalation, Defense Evasion","none","none","Technique not covered by M365 security controls or Critical Start Sentinel rules",""
"UNCOVERED","No Coverage","gap","Coverage Gap","T1574.004","Dylib Hijacking","Persistence, Privilege Escalation, Defense Evasion","none","none","Technique not covered by M365 security controls or Critical Start Sentinel rules",""
"UNCOVERED","No Coverage","gap","Coverage Gap","T1574.005","Executable Installer File Permissions Weakness","Persistence, Privilege Escalation, Defense Evasion","none","none","Technique not covered by M365 security controls or Critical Start Sentinel rules",""
"UNCOVERED","No Coverage","gap","Coverage Gap","T1574.006","Dynamic Linker Hijacking","Persistence, Privilege Escalation, Defense Evasion","none","none","Technique not covered by M365 security controls or Critical Start Sentinel rules",""
"UNCOVERED","No Coverage","gap","Coverage Gap","T1574.007","Path Interception by PATH Environment Variable","Persistence, Privilege Escalation, Defense Evasion","none","none","Technique not covered by M365 security controls or Critical Start Sentinel rules",""
"UNCOVERED","No Coverage","gap","Coverage Gap","T1574.008","Path Interception by Search Order Hijacking","Persistence, Privilege Escalation, Defense Evasion","none","none","Technique not covered by M365 security controls or Critical Start Sentinel rules",""
"UNCOVERED","No Coverage","gap","Coverage Gap","T1574.009","Path Interception by Unquoted Path","Persistence, Privilege Escalation, Defense Evasion","none","none","Technique not covered by M365 security controls or Critical Start Sentinel rules",""
"UNCOVERED","No Coverage","gap","Coverage Gap","T1574.010","Services File Permissions Weakness","Persistence, Privilege Escalation, Defense Evasion","none","none","Technique not covered by M365 security controls or Critical Start Sentinel rules",""
"UNCOVERED","No Coverage","gap","Coverage Gap","T1574.011","Services Registry Permissions Weakness","Persistence, Privilege Escalation, Defense Evasion","none","none","Technique not covered by M365 security controls or Critical Start Sentinel rules",""
"UNCOVERED","No Coverage","gap","Coverage Gap","T1574.012","COR_PROFILER","Persistence, Privilege Escalation, Defense Evasion","none","none","Technique not covered by M365 security controls or Critical Start Sentinel rules",""
"UNCOVERED","No Coverage","gap","Coverage Gap","T1580","Cloud Infrastructure Discovery","Discovery","none","none","Technique not covered by M365 security controls or Critical Start Sentinel rules",""
"UNCOVERED","No Coverage","gap","Coverage Gap","T1583","Acquire Infrastructure","Resource Development","none","none","Technique not covered by M365 security controls or Critical Start Sentinel rules",""
"UNCOVERED","No Coverage","gap","Coverage Gap","T1583.001","Domains","Resource Development","none","none","Technique not covered by M365 security controls or Critical Start Sentinel rules",""
"UNCOVERED","No Coverage","gap","Coverage Gap","T1583.002","DNS Server","Resource Development","none","none","Technique not covered by M365 security controls or Critical Start Sentinel rules",""
"UNCOVERED","No Coverage","gap","Coverage Gap","T1583.003","Virtual Private Server","Resource Development","none","none","Technique not covered by M365 security controls or Critical Start Sentinel rules",""
"UNCOVERED","No Coverage","gap","Coverage Gap","T1583.004","Server","Resource Development","none","none","Technique not covered by M365 security controls or Critical Start Sentinel rules",""
"UNCOVERED","No Coverage","gap","Coverage Gap","T1583.005","Botnet","Resource Development","none","none","Technique not covered by M365 security controls or Critical Start Sentinel rules",""
"UNCOVERED","No Coverage","gap","Coverage Gap","T1583.006","Web Services","Resource Development","none","none","Technique not covered by M365 security controls or Critical Start Sentinel rules",""
"UNCOVERED","No Coverage","gap","Coverage Gap","T1583.007","Serverless","Resource Development","none","none","Technique not covered by M365 security controls or Critical Start Sentinel rules",""
"UNCOVERED","No Coverage","gap","Coverage Gap","T1583.008","Malvertising","Resource Development","none","none","Technique not covered by M365 security controls or Critical Start Sentinel rules",""
"UNCOVERED","No Coverage","gap","Coverage Gap","T1584","Compromise Infrastructure","Resource Development","none","none","Technique not covered by M365 security controls or Critical Start Sentinel rules",""
"UNCOVERED","No Coverage","gap","Coverage Gap","T1584.001","Domains","Resource Development","none","none","Technique not covered by M365 security controls or Critical Start Sentinel rules",""
"UNCOVERED","No Coverage","gap","Coverage Gap","T1584.002","DNS Server","Resource Development","none","none","Technique not covered by M365 security controls or Critical Start Sentinel rules",""
"UNCOVERED","No Coverage","gap","Coverage Gap","T1584.003","Virtual Private Server","Resource Development","none","none","Technique not covered by M365 security controls or Critical Start Sentinel rules",""
"UNCOVERED","No Coverage","gap","Coverage Gap","T1584.004","Server","Resource Development","none","none","Technique not covered by M365 security controls or Critical Start Sentinel rules",""
"UNCOVERED","No Coverage","gap","Coverage Gap","T1584.005","Botnet","Resource Development","none","none","Technique not covered by M365 security controls or Critical Start Sentinel rules",""
"UNCOVERED","No Coverage","gap","Coverage Gap","T1584.006","Web Services","Resource Development","none","none","Technique not covered by M365 security controls or Critical Start Sentinel rules",""
"UNCOVERED","No Coverage","gap","Coverage Gap","T1584.007","Serverless","Resource Development","none","none","Technique not covered by M365 security controls or Critical Start Sentinel rules",""
"UNCOVERED","No Coverage","gap","Coverage Gap","T1584.008","Network Devices","Resource Development","none","none","Technique not covered by M365 security controls or Critical Start Sentinel rules",""
"UNCOVERED","No Coverage","gap","Coverage Gap","T1585.001","Social Media Accounts","Resource Development","none","none","Technique not covered by M365 security controls or Critical Start Sentinel rules",""
"UNCOVERED","No Coverage","gap","Coverage Gap","T1586.001","Social Media Accounts","Resource Development","none","none","Technique not covered by M365 security controls or Critical Start Sentinel rules",""
"UNCOVERED","No Coverage","gap","Coverage Gap","T1587","Develop Capabilities","Resource Development","none","none","Technique not covered by M365 security controls or Critical Start Sentinel rules",""
"UNCOVERED","No Coverage","gap","Coverage Gap","T1587.001","Malware","Resource Development","none","none","Technique not covered by M365 security controls or Critical Start Sentinel rules",""
"UNCOVERED","No Coverage","gap","Coverage Gap","T1587.002","Code Signing Certificates","Resource Development","none","none","Technique not covered by M365 security controls or Critical Start Sentinel rules",""
"UNCOVERED","No Coverage","gap","Coverage Gap","T1587.003","Digital Certificates","Resource Development","none","none","Technique not covered by M365 security controls or Critical Start Sentinel rules",""
"UNCOVERED","No Coverage","gap","Coverage Gap","T1587.004","Exploits","Resource Development","none","none","Technique not covered by M365 security controls or Critical Start Sentinel rules",""
"UNCOVERED","No Coverage","gap","Coverage Gap","T1588","Obtain Capabilities","Resource Development","none","none","Technique not covered by M365 security controls or Critical Start Sentinel rules",""
"UNCOVERED","No Coverage","gap","Coverage Gap","T1588.001","Malware","Resource Development","none","none","Technique not covered by M365 security controls or Critical Start Sentinel rules",""
"UNCOVERED","No Coverage","gap","Coverage Gap","T1588.002","Tool","Resource Development","none","none","Technique not covered by M365 security controls or Critical Start Sentinel rules",""
"UNCOVERED","No Coverage","gap","Coverage Gap","T1588.003","Code Signing Certificates","Resource Development","none","none","Technique not covered by M365 security controls or Critical Start Sentinel rules",""
"UNCOVERED","No Coverage","gap","Coverage Gap","T1588.004","Digital Certificates","Resource Development","none","none","Technique not covered by M365 security controls or Critical Start Sentinel rules",""
"UNCOVERED","No Coverage","gap","Coverage Gap","T1588.005","Exploits","Resource Development","none","none","Technique not covered by M365 security controls or Critical Start Sentinel rules",""
"UNCOVERED","No Coverage","gap","Coverage Gap","T1588.006","Vulnerabilities","Resource Development","none","none","Technique not covered by M365 security controls or Critical Start Sentinel rules",""
"UNCOVERED","No Coverage","gap","Coverage Gap","T1588.007","Artificial Intelligence","Resource Development","none","none","Technique not covered by M365 security controls or Critical Start Sentinel rules",""
"UNCOVERED","No Coverage","gap","Coverage Gap","T1589","Gather Victim Identity Information","Reconnaissance","none","none","Technique not covered by M365 security controls or Critical Start Sentinel rules",""
"UNCOVERED","No Coverage","gap","Coverage Gap","T1589.001","Credentials","Reconnaissance","none","none","Technique not covered by M365 security controls or Critical Start Sentinel rules",""
"UNCOVERED","No Coverage","gap","Coverage Gap","T1589.002","Email Addresses","Reconnaissance","none","none","Technique not covered by M365 security controls or Critical Start Sentinel rules",""
"UNCOVERED","No Coverage","gap","Coverage Gap","T1589.003","Employee Names","Reconnaissance","none","none","Technique not covered by M365 security controls or Critical Start Sentinel rules",""
"UNCOVERED","No Coverage","gap","Coverage Gap","T1590","Gather Victim Network Information","Reconnaissance","none","none","Technique not covered by M365 security controls or Critical Start Sentinel rules",""
"UNCOVERED","No Coverage","gap","Coverage Gap","T1590.001","Domain Properties","Reconnaissance","none","none","Technique not covered by M365 security controls or Critical Start Sentinel rules",""
"UNCOVERED","No Coverage","gap","Coverage Gap","T1590.002","DNS","Reconnaissance","none","none","Technique not covered by M365 security controls or Critical Start Sentinel rules",""
"UNCOVERED","No Coverage","gap","Coverage Gap","T1590.003","Network Trust Dependencies","Reconnaissance","none","none","Technique not covered by M365 security controls or Critical Start Sentinel rules",""
"UNCOVERED","No Coverage","gap","Coverage Gap","T1590.004","Network Topology","Reconnaissance","none","none","Technique not covered by M365 security controls or Critical Start Sentinel rules",""
"UNCOVERED","No Coverage","gap","Coverage Gap","T1590.005","IP Addresses","Reconnaissance","none","none","Technique not covered by M365 security controls or Critical Start Sentinel rules",""
"UNCOVERED","No Coverage","gap","Coverage Gap","T1590.006","Network Security Appliances","Reconnaissance","none","none","Technique not covered by M365 security controls or Critical Start Sentinel rules",""
"UNCOVERED","No Coverage","gap","Coverage Gap","T1591","Gather Victim Org Information","Reconnaissance","none","none","Technique not covered by M365 security controls or Critical Start Sentinel rules",""
"UNCOVERED","No Coverage","gap","Coverage Gap","T1591.001","Determine Physical Locations","Reconnaissance","none","none","Technique not covered by M365 security controls or Critical Start Sentinel rules",""
"UNCOVERED","No Coverage","gap","Coverage Gap","T1591.002","Business Relationships","Reconnaissance","none","none","Technique not covered by M365 security controls or Critical Start Sentinel rules",""
"UNCOVERED","No Coverage","gap","Coverage Gap","T1591.003","Identify Business Tempo","Reconnaissance","none","none","Technique not covered by M365 security controls or Critical Start Sentinel rules",""
"UNCOVERED","No Coverage","gap","Coverage Gap","T1591.004","Identify Roles","Reconnaissance","none","none","Technique not covered by M365 security controls or Critical Start Sentinel rules",""
"UNCOVERED","No Coverage","gap","Coverage Gap","T1592","Gather Victim Host Information","Reconnaissance","none","none","Technique not covered by M365 security controls or Critical Start Sentinel rules",""
"UNCOVERED","No Coverage","gap","Coverage Gap","T1592.001","Hardware","Reconnaissance","none","none","Technique not covered by M365 security controls or Critical Start Sentinel rules",""
"UNCOVERED","No Coverage","gap","Coverage Gap","T1592.002","Software","Reconnaissance","none","none","Technique not covered by M365 security controls or Critical Start Sentinel rules",""
"UNCOVERED","No Coverage","gap","Coverage Gap","T1592.003","Firmware","Reconnaissance","none","none","Technique not covered by M365 security controls or Critical Start Sentinel rules",""
"UNCOVERED","No Coverage","gap","Coverage Gap","T1592.004","Client Configurations","Reconnaissance","none","none","Technique not covered by M365 security controls or Critical Start Sentinel rules",""
"UNCOVERED","No Coverage","gap","Coverage Gap","T1593","Search Open Websites/Domains","Reconnaissance","none","none","Technique not covered by M365 security controls or Critical Start Sentinel rules",""
"UNCOVERED","No Coverage","gap","Coverage Gap","T1593.001","Social Media","Reconnaissance","none","none","Technique not covered by M365 security controls or Critical Start Sentinel rules",""
"UNCOVERED","No Coverage","gap","Coverage Gap","T1593.002","Search Engines","Reconnaissance","none","none","Technique not covered by M365 security controls or Critical Start Sentinel rules",""
"UNCOVERED","No Coverage","gap","Coverage Gap","T1593.003","Code Repositories","Reconnaissance","none","none","Technique not covered by M365 security controls or Critical Start Sentinel rules",""
"UNCOVERED","No Coverage","gap","Coverage Gap","T1594","Search Victim-Owned Websites","Reconnaissance","none","none","Technique not covered by M365 security controls or Critical Start Sentinel rules",""
"UNCOVERED","No Coverage","gap","Coverage Gap","T1595.001","Scanning IP Blocks","Reconnaissance","none","none","Technique not covered by M365 security controls or Critical Start Sentinel rules",""
"UNCOVERED","No Coverage","gap","Coverage Gap","T1595.002","Vulnerability Scanning","Reconnaissance","none","none","Technique not covered by M365 security controls or Critical Start Sentinel rules",""
"UNCOVERED","No Coverage","gap","Coverage Gap","T1595.003","Wordlist Scanning","Reconnaissance","none","none","Technique not covered by M365 security controls or Critical Start Sentinel rules",""
"UNCOVERED","No Coverage","gap","Coverage Gap","T1596","Search Open Technical Databases","Reconnaissance","none","none","Technique not covered by M365 security controls or Critical Start Sentinel rules",""
"UNCOVERED","No Coverage","gap","Coverage Gap","T1596.001","DNS/Passive DNS","Reconnaissance","none","none","Technique not covered by M365 security controls or Critical Start Sentinel rules",""
"UNCOVERED","No Coverage","gap","Coverage Gap","T1596.002","WHOIS","Reconnaissance","none","none","Technique not covered by M365 security controls or Critical Start Sentinel rules",""
"UNCOVERED","No Coverage","gap","Coverage Gap","T1596.003","Digital Certificates","Reconnaissance","none","none","Technique not covered by M365 security controls or Critical Start Sentinel rules",""
"UNCOVERED","No Coverage","gap","Coverage Gap","T1596.004","CDNs","Reconnaissance","none","none","Technique not covered by M365 security controls or Critical Start Sentinel rules",""
"UNCOVERED","No Coverage","gap","Coverage Gap","T1596.005","Scan Databases","Reconnaissance","none","none","Technique not covered by M365 security controls or Critical Start Sentinel rules",""
"UNCOVERED","No Coverage","gap","Coverage Gap","T1597","Search Closed Sources","Reconnaissance","none","none","Technique not covered by M365 security controls or Critical Start Sentinel rules",""
"UNCOVERED","No Coverage","gap","Coverage Gap","T1597.001","Threat Intel Vendors","Reconnaissance","none","none","Technique not covered by M365 security controls or Critical Start Sentinel rules",""
"UNCOVERED","No Coverage","gap","Coverage Gap","T1597.002","Purchase Technical Data","Reconnaissance","none","none","Technique not covered by M365 security controls or Critical Start Sentinel rules",""
"UNCOVERED","No Coverage","gap","Coverage Gap","T1598.001","Spearphishing Service","Reconnaissance","none","none","Technique not covered by M365 security controls or Critical Start Sentinel rules",""
"UNCOVERED","No Coverage","gap","Coverage Gap","T1599.001","Network Address Translation Traversal","Defense Evasion","none","none","Technique not covered by M365 security controls or Critical Start Sentinel rules",""
"UNCOVERED","No Coverage","gap","Coverage Gap","T1600","Weaken Encryption","Defense Evasion","none","none","Technique not covered by M365 security controls or Critical Start Sentinel rules",""
"UNCOVERED","No Coverage","gap","Coverage Gap","T1600.001","Reduce Key Space","Defense Evasion","none","none","Technique not covered by M365 security controls or Critical Start Sentinel rules",""
"UNCOVERED","No Coverage","gap","Coverage Gap","T1600.002","Disable Crypto Hardware","Defense Evasion","none","none","Technique not covered by M365 security controls or Critical Start Sentinel rules",""
"UNCOVERED","No Coverage","gap","Coverage Gap","T1601","Modify System Image","Defense Evasion","none","none","Technique not covered by M365 security controls or Critical Start Sentinel rules",""
"UNCOVERED","No Coverage","gap","Coverage Gap","T1601.001","Patch System Image","Defense Evasion","none","none","Technique not covered by M365 security controls or Critical Start Sentinel rules",""
"UNCOVERED","No Coverage","gap","Coverage Gap","T1601.002","Downgrade System Image","Defense Evasion","none","none","Technique not covered by M365 security controls or Critical Start Sentinel rules",""
"UNCOVERED","No Coverage","gap","Coverage Gap","T1602","Data from Configuration Repository","Collection","none","none","Technique not covered by M365 security controls or Critical Start Sentinel rules",""
"UNCOVERED","No Coverage","gap","Coverage Gap","T1602.001","SNMP (MIB Dump)","Collection","none","none","Technique not covered by M365 security controls or Critical Start Sentinel rules",""
"UNCOVERED","No Coverage","gap","Coverage Gap","T1602.002","Network Device Configuration Dump","Collection","none","none","Technique not covered by M365 security controls or Critical Start Sentinel rules",""
"UNCOVERED","No Coverage","gap","Coverage Gap","T1606.001","Web Cookies","Credential Access","none","none","Technique not covered by M365 security controls or Critical Start Sentinel rules",""
"UNCOVERED","No Coverage","gap","Coverage Gap","T1608","Stage Capabilities","Resource Development","none","none","Technique not covered by M365 security controls or Critical Start Sentinel rules",""
"UNCOVERED","No Coverage","gap","Coverage Gap","T1608.002","Upload Tool","Resource Development","none","none","Technique not covered by M365 security controls or Critical Start Sentinel rules",""
"UNCOVERED","No Coverage","gap","Coverage Gap","T1608.003","Install Digital Certificate","Resource Development","none","none","Technique not covered by M365 security controls or Critical Start Sentinel rules",""
"UNCOVERED","No Coverage","gap","Coverage Gap","T1608.004","Drive-by Target","Resource Development","none","none","Technique not covered by M365 security controls or Critical Start Sentinel rules",""
"UNCOVERED","No Coverage","gap","Coverage Gap","T1608.005","Link Target","Resource Development","none","none","Technique not covered by M365 security controls or Critical Start Sentinel rules",""
"UNCOVERED","No Coverage","gap","Coverage Gap","T1608.006","SEO Poisoning","Resource Development","none","none","Technique not covered by M365 security controls or Critical Start Sentinel rules",""
"UNCOVERED","No Coverage","gap","Coverage Gap","T1609","Container Administration Command","Execution","none","none","Technique not covered by M365 security controls or Critical Start Sentinel rules",""
"UNCOVERED","No Coverage","gap","Coverage Gap","T1610","Deploy Container","Defense Evasion, Execution","none","none","Technique not covered by M365 security controls or Critical Start Sentinel rules",""
"UNCOVERED","No Coverage","gap","Coverage Gap","T1611","Escape to Host","Privilege Escalation","none","none","Technique not covered by M365 security controls or Critical Start Sentinel rules",""
"UNCOVERED","No Coverage","gap","Coverage Gap","T1612","Build Image on Host","Defense Evasion","none","none","Technique not covered by M365 security controls or Critical Start Sentinel rules",""
"UNCOVERED","No Coverage","gap","Coverage Gap","T1613","Container and Resource Discovery","Discovery","none","none","Technique not covered by M365 security controls or Critical Start Sentinel rules",""
"UNCOVERED","No Coverage","gap","Coverage Gap","T1614","System Location Discovery","Discovery","none","none","Technique not covered by M365 security controls or Critical Start Sentinel rules",""
"UNCOVERED","No Coverage","gap","Coverage Gap","T1615","Group Policy Discovery","Discovery","none","none","Technique not covered by M365 security controls or Critical Start Sentinel rules",""
"UNCOVERED","No Coverage","gap","Coverage Gap","T1619","Cloud Storage Object Discovery","Discovery","none","none","Technique not covered by M365 security controls or Critical Start Sentinel rules",""
"UNCOVERED","No Coverage","gap","Coverage Gap","T1622","Debugger Evasion","Defense Evasion, Discovery","none","none","Technique not covered by M365 security controls or Critical Start Sentinel rules",""
"UNCOVERED","No Coverage","gap","Coverage Gap","T1647","Plist File Modification","Defense Evasion","none","none","Technique not covered by M365 security controls or Critical Start Sentinel rules",""
"UNCOVERED","No Coverage","gap","Coverage Gap","T1650","Acquire Access","Resource Development","none","none","Technique not covered by M365 security controls or Critical Start Sentinel rules",""
"UNCOVERED","No Coverage","gap","Coverage Gap","T1652","Device Driver Discovery","Discovery","none","none","Technique not covered by M365 security controls or Critical Start Sentinel rules",""
"UNCOVERED","No Coverage","gap","Coverage Gap","T1653","Power Settings","Persistence","none","none","Technique not covered by M365 security controls or Critical Start Sentinel rules",""
"UNCOVERED","No Coverage","gap","Coverage Gap","T1654","Log Enumeration","Discovery","none","none","Technique not covered by M365 security controls or Critical Start Sentinel rules",""
"UNCOVERED","No Coverage","gap","Coverage Gap","T1659","Content Injection","Initial Access, Command and Control","none","none","Technique not covered by M365 security controls or Critical Start Sentinel rules",""
"UNCOVERED","No Coverage","gap","Coverage Gap","T1667","Email Bombing","Impact","none","none","Technique not covered by M365 security controls or Critical Start Sentinel rules",""
"UNCOVERED","No Coverage","gap","Coverage Gap","T1668","Exclusive Control","Persistence","none","none","Technique not covered by M365 security controls or Critical Start Sentinel rules",""
"UNCOVERED","No Coverage","gap","Coverage Gap","T1669","Wi-Fi Networks","Initial Access","none","none","Technique not covered by M365 security controls or Critical Start Sentinel rules",""
"UNCOVERED","No Coverage","gap","Coverage Gap","T1671","Cloud Application Integration","Persistence","none","none","Technique not covered by M365 security controls or Critical Start Sentinel rules",""
"UNCOVERED","No Coverage","gap","Coverage Gap","T1672","Email Spoofing","Defense Evasion","none","none","Technique not covered by M365 security controls or Critical Start Sentinel rules",""
"UNCOVERED","No Coverage","gap","Coverage Gap","T1673","Virtual Machine Discovery","Discovery","none","none","Technique not covered by M365 security controls or Critical Start Sentinel rules",""
"UNCOVERED","No Coverage","gap","Coverage Gap","T1674","Input Injection","Execution","none","none","Technique not covered by M365 security controls or Critical Start Sentinel rules",""
"UNCOVERED","No Coverage","gap","Coverage Gap","T1675","ESXi Administration Command","Execution","none","none","Technique not covered by M365 security controls or Critical Start Sentinel rules",""
"UNCOVERED","No Coverage","gap","Coverage Gap","T1677","Poisoned Pipeline Execution","Execution","none","none","Technique not covered by M365 security controls or Critical Start Sentinel rules",""
"UNCOVERED","No Coverage","gap","Coverage Gap","T1678","Delay Execution","Defense Evasion","none","none","Technique not covered by M365 security controls or Critical Start Sentinel rules",""
"UNCOVERED","No Coverage","gap","Coverage Gap","T1679","Selective Exclusion","Defense Evasion","none","none","Technique not covered by M365 security controls or Critical Start Sentinel rules",""
"UNCOVERED","No Coverage","gap","Coverage Gap","T1680","Local Storage Discovery","Discovery","none","none","Technique not covered by M365 security controls or Critical Start Sentinel rules",""
"UNCOVERED","No Coverage","gap","Coverage Gap","T1681","Search Threat Vendor Data","Reconnaissance","none","none","Technique not covered by M365 security controls or Critical Start Sentinel rules",""
